repository	default_branch	entry_type	path	bytes
maximo-labs	main	blob	MkDocs/monitor_dataingest_9.2/docs/img/download_template/3_download_template.png	243280
maximo-labs	main	blob	MkDocs/monitor_dataingest_9.2/docs/img/download_template/4_download_template.png	676574
maximo-labs	main	tree	MkDocs/monitor_dataingest_9.2/docs/img/file_retention	
maximo-labs	main	blob	MkDocs/monitor_dataingest_9.2/docs/img/file_retention/0_file_retention.png	318093
maximo-labs	main	blob	MkDocs/monitor_dataingest_9.2/docs/img/file_retention/1_file_retention.png	239706
maximo-labs	main	blob	MkDocs/monitor_dataingest_9.2/docs/img/file_retention/2_file_retention.png	278914
maximo-labs	main	blob	MkDocs/monitor_dataingest_9.2/docs/img/file_retention/3_file_retention.png	304983
maximo-labs	main	tree	MkDocs/monitor_dataingest_9.2/docs/img/file_status	
maximo-labs	main	blob	MkDocs/monitor_dataingest_9.2/docs/img/file_status/1_file_status.png	282280
maximo-labs	main	blob	MkDocs/monitor_dataingest_9.2/docs/img/file_status/2_file_status.png	248860
maximo-labs	main	blob	MkDocs/monitor_dataingest_9.2/docs/img/file_status/3_file_status.png	245331
maximo-labs	main	blob	MkDocs/monitor_dataingest_9.2/docs/img/file_status/4_file_status.png	248284
maximo-labs	main	tree	MkDocs/monitor_dataingest_9.2/docs/img/storage_guide	
maximo-labs	main	blob	MkDocs/monitor_dataingest_9.2/docs/img/storage_guide/1_storage_guide.png	398942
maximo-labs	main	blob	MkDocs/monitor_dataingest_9.2/docs/img/storage_guide/2_storage_guide.png	193562
maximo-labs	main	blob	MkDocs/monitor_dataingest_9.2/docs/index.md	3691
maximo-labs	main	blob	MkDocs/monitor_dataingest_9.2/docs/prereqs.md	1930
maximo-labs	main	blob	MkDocs/monitor_dataingest_9.2/docs/release_notes.md	436
maximo-labs	main	blob	MkDocs/monitor_dataingest_9.2/docs/storage_guide.md	1943
maximo-labs	main	blob	MkDocs/monitor_dataingest_9.2/docs/upload_csv_files.md	2383
maximo-labs	main	blob	MkDocs/monitor_dataingest_9.2/mkdocs.yml	1113
maximo-labs	main	tree	MkDocs/monitor_device_devicetype_setup_9.1	
maximo-labs	main	tree	MkDocs/monitor_device_devicetype_setup_9.1/docs	
maximo-labs	main	blob	MkDocs/monitor_device_devicetype_setup_9.1/docs/add_calc_metrics.md	2012
maximo-labs	main	blob	MkDocs/monitor_device_devicetype_setup_9.1/docs/add_dimensions.md	1733
maximo-labs	main	blob	MkDocs/monitor_device_devicetype_setup_9.1/docs/add_edit_device.md	4743
maximo-labs	main	blob	MkDocs/monitor_device_devicetype_setup_9.1/docs/add_metrics.md	2957
maximo-labs	main	blob	MkDocs/monitor_device_devicetype_setup_9.1/docs/archive_devicetype.md	3019
maximo-labs	main	blob	MkDocs/monitor_device_devicetype_setup_9.1/docs/device_relation.md	1953
maximo-labs	main	blob	MkDocs/monitor_device_devicetype_setup_9.1/docs/devicetype_dashboard.md	4808
maximo-labs	main	tree	MkDocs/monitor_device_devicetype_setup_9.1/docs/img	
maximo-labs	main	blob	MkDocs/monitor_device_devicetype_setup_9.1/docs/img/add_calc_metrics01.png	241245
maximo-labs	main	blob	MkDocs/monitor_device_devicetype_setup_9.1/docs/img/add_calc_metrics02.png	333848
maximo-labs	main	blob	MkDocs/monitor_device_devicetype_setup_9.1/docs/img/add_calc_metrics03.png	269332
maximo-labs	main	blob	MkDocs/monitor_device_devicetype_setup_9.1/docs/img/add_calc_metrics04.png	246377
maximo-labs	main	blob	MkDocs/monitor_device_devicetype_setup_9.1/docs/img/add_calc_metrics05.png	240696
maximo-labs	main	blob	MkDocs/monitor_device_devicetype_setup_9.1/docs/img/add_calc_metrics06.png	264480
maximo-labs	main	blob	MkDocs/monitor_device_devicetype_setup_9.1/docs/img/add_calc_metrics07.png	230173
maximo-labs	main	blob	MkDocs/monitor_device_devicetype_setup_9.1/docs/img/add_calc_metrics08.png	398266
maximo-labs	main	blob	MkDocs/monitor_device_devicetype_setup_9.1/docs/img/add_dimensions01.png	252719
maximo-labs	main	blob	MkDocs/monitor_device_devicetype_setup_9.1/docs/img/add_dimensions02.png	249712
maximo-labs	main	blob	MkDocs/monitor_device_devicetype_setup_9.1/docs/img/add_dimensions03.png	213962
maximo-labs	main	blob	MkDocs/monitor_device_devicetype_setup_9.1/docs/img/add_dimensions04.png	224657
maximo-labs	main	blob	MkDocs/monitor_device_devicetype_setup_9.1/docs/img/add_dimensions05.png	235647
maximo-labs	main	blob	MkDocs/monitor_device_devicetype_setup_9.1/docs/img/add_dimensions06.png	218978
maximo-labs	main	blob	MkDocs/monitor_device_devicetype_setup_9.1/docs/img/add_dimensions07.png	228638
maximo-labs	main	blob	MkDocs/monitor_device_devicetype_setup_9.1/docs/img/add_dimensions08.png	270093
maximo-labs	main	blob	MkDocs/monitor_device_devicetype_setup_9.1/docs/img/add_edit_device01.png	255384
maximo-labs	main	blob	MkDocs/monitor_device_devicetype_setup_9.1/docs/img/add_edit_device02.png	401963
maximo-labs	main	blob	MkDocs/monitor_device_devicetype_setup_9.1/docs/img/add_edit_device03.png	403581
maximo-labs	main	blob	MkDocs/monitor_device_devicetype_setup_9.1/docs/img/add_edit_device04.png	222614
maximo-labs	main	blob	MkDocs/monitor_device_devicetype_setup_9.1/docs/img/add_edit_device05.png	245142
maximo-labs	main	blob	MkDocs/monitor_device_devicetype_setup_9.1/docs/img/add_edit_device06.png	298527
maximo-labs	main	blob	MkDocs/monitor_device_devicetype_setup_9.1/docs/img/add_edit_device07.png	294389
maximo-labs	main	blob	MkDocs/monitor_device_devicetype_setup_9.1/docs/img/add_edit_device08.png	236815
maximo-labs	main	blob	MkDocs/monitor_device_devicetype_setup_9.1/docs/img/add_edit_device09.png	259648
maximo-labs	main	blob	MkDocs/monitor_device_devicetype_setup_9.1/docs/img/add_edit_device10.png	272685
maximo-labs	main	blob	MkDocs/monitor_device_devicetype_setup_9.1/docs/img/add_edit_device11.png	284897
maximo-labs	main	blob	MkDocs/monitor_device_devicetype_setup_9.1/docs/img/add_edit_device12.png	285245
maximo-labs	main	blob	MkDocs/monitor_device_devicetype_setup_9.1/docs/img/add_edit_device13.png	275883
maximo-labs	main	blob	MkDocs/monitor_device_devicetype_setup_9.1/docs/img/add_edit_device14.png	273828
maximo-labs	main	blob	MkDocs/monitor_device_devicetype_setup_9.1/docs/img/add_edit_device15.png	418956
maximo-labs	main	blob	MkDocs/monitor_device_devicetype_setup_9.1/docs/img/add_edit_device16.png	237959
maximo-labs	main	blob	MkDocs/monitor_device_devicetype_setup_9.1/docs/img/add_edit_device17.png	262266
maximo-labs	main	blob	MkDocs/monitor_device_devicetype_setup_9.1/docs/img/add_edit_device18.png	385380
maximo-labs	main	blob	MkDocs/monitor_device_devicetype_setup_9.1/docs/img/add_edit_device19.png	348044
maximo-labs	main	blob	MkDocs/monitor_device_devicetype_setup_9.1/docs/img/add_edit_device20.png	359860
maximo-labs	main	blob	MkDocs/monitor_device_devicetype_setup_9.1/docs/img/add_edit_device21.png	237278
maximo-labs	main	blob	MkDocs/monitor_device_devicetype_setup_9.1/docs/img/add_edit_device22.png	281606
maximo-labs	main	blob	MkDocs/monitor_device_devicetype_setup_9.1/docs/img/add_edit_device23.png	296902
maximo-labs	main	blob	MkDocs/monitor_device_devicetype_setup_9.1/docs/img/add_edit_device24.png	230296
maximo-labs	main	blob	MkDocs/monitor_device_devicetype_setup_9.1/docs/img/add_edit_device25.png	230356
maximo-labs	main	blob	MkDocs/monitor_device_devicetype_setup_9.1/docs/img/add_edit_device26.png	222108
maximo-labs	main	blob	MkDocs/monitor_device_devicetype_setup_9.1/docs/img/add_edit_device27.png	228954
maximo-labs	main	blob	MkDocs/monitor_device_devicetype_setup_9.1/docs/img/add_edit_device28.png	289047
maximo-labs	main	blob	MkDocs/monitor_device_devicetype_setup_9.1/docs/img/add_metrics01.png	246804
maximo-labs	main	blob	MkDocs/monitor_device_devicetype_setup_9.1/docs/img/add_metrics02.png	245189
maximo-labs	main	blob	MkDocs/monitor_device_devicetype_setup_9.1/docs/img/add_metrics03.png	298978
maximo-labs	main	blob	MkDocs/monitor_device_devicetype_setup_9.1/docs/img/add_metrics04.png	261158
maximo-labs	main	blob	MkDocs/monitor_device_devicetype_setup_9.1/docs/img/add_metrics05.png	259503
maximo-labs	main	blob	MkDocs/monitor_device_devicetype_setup_9.1/docs/img/add_metrics06.png	226383
maximo-labs	main	blob	MkDocs/monitor_device_devicetype_setup_9.1/docs/img/add_metrics07.png	227044
maximo-labs	main	blob	MkDocs/monitor_device_devicetype_setup_9.1/docs/img/add_metrics08.png	228538
maximo-labs	main	blob	MkDocs/monitor_device_devicetype_setup_9.1/docs/img/add_metrics09.png	256351
maximo-labs	main	blob	MkDocs/monitor_device_devicetype_setup_9.1/docs/img/add_metrics10.png	270157
maximo-labs	main	blob	MkDocs/monitor_device_devicetype_setup_9.1/docs/img/add_metrics11.png	239927
maximo-labs	main	blob	MkDocs/monitor_device_devicetype_setup_9.1/docs/img/add_metrics12.png	201445
maximo-labs	main	blob	MkDocs/monitor_device_devicetype_setup_9.1/docs/img/add_metrics13.png	234926
maximo-labs	main	blob	MkDocs/monitor_device_devicetype_setup_9.1/docs/img/add_metrics14.png	240718
maximo-labs	main	blob	MkDocs/monitor_device_devicetype_setup_9.1/docs/img/add_metrics15.png	321305
maximo-labs	main	blob	MkDocs/monitor_device_devicetype_setup_9.1/docs/img/add_metrics16.png	218872
maximo-labs	main	blob	MkDocs/monitor_device_devicetype_setup_9.1/docs/img/archive_devicetype00.png	253017
maximo-labs	main	blob	MkDocs/monitor_device_devicetype_setup_9.1/docs/img/archive_devicetype01.png	249175
maximo-labs	main	blob	MkDocs/monitor_device_devicetype_setup_9.1/docs/img/archive_devicetype02.png	216051
maximo-labs	main	blob	MkDocs/monitor_device_devicetype_setup_9.1/docs/img/archive_devicetype03.png	213890
maximo-labs	main	blob	MkDocs/monitor_device_devicetype_setup_9.1/docs/img/archive_devicetype04.png	255258
maximo-labs	main	blob	MkDocs/monitor_device_devicetype_setup_9.1/docs/img/archive_devicetype05.png	284517
maximo-labs	main	blob	MkDocs/monitor_device_devicetype_setup_9.1/docs/img/archive_devicetype06.png	225986
maximo-labs	main	blob	MkDocs/monitor_device_devicetype_setup_9.1/docs/img/archive_devicetype07.png	229673
maximo-labs	main	blob	MkDocs/monitor_device_devicetype_setup_9.1/docs/img/archive_devicetype08.png	224960
maximo-labs	main	blob	MkDocs/monitor_device_devicetype_setup_9.1/docs/img/archive_devicetype09.png	225428
maximo-labs	main	blob	MkDocs/monitor_device_devicetype_setup_9.1/docs/img/archive_devicetype10.png	231313
maximo-labs	main	blob	MkDocs/monitor_device_devicetype_setup_9.1/docs/img/archive_devicetype11.png	229786
maximo-labs	main	blob	MkDocs/monitor_device_devicetype_setup_9.1/docs/img/dashboard01.png	216780
maximo-labs	main	blob	MkDocs/monitor_device_devicetype_setup_9.1/docs/img/dashboard02.png	217943
maximo-labs	main	blob	MkDocs/monitor_device_devicetype_setup_9.1/docs/img/dashboard03.png	249747
maximo-labs	main	blob	MkDocs/monitor_device_devicetype_setup_9.1/docs/img/dashboard04.png	303354
maximo-labs	main	blob	MkDocs/monitor_device_devicetype_setup_9.1/docs/img/dashboard05.png	228851
maximo-labs	main	blob	MkDocs/monitor_device_devicetype_setup_9.1/docs/img/dashboard06.png	235975
maximo-labs	main	blob	MkDocs/monitor_device_devicetype_setup_9.1/docs/img/dashboard07.png	279790
maximo-labs	main	blob	MkDocs/monitor_device_devicetype_setup_9.1/docs/img/dashboard08.png	317455
maximo-labs	main	blob	MkDocs/monitor_device_devicetype_setup_9.1/docs/img/dashboard09.png	279503
maximo-labs	main	blob	MkDocs/monitor_device_devicetype_setup_9.1/docs/img/dashboard10.png	177395
maximo-labs	main	blob	MkDocs/monitor_device_devicetype_setup_9.1/docs/img/dashboard11.png	349964
maximo-labs	main	blob	MkDocs/monitor_device_devicetype_setup_9.1/docs/img/dashboard12.png	252476
maximo-labs	main	blob	MkDocs/monitor_device_devicetype_setup_9.1/docs/img/dashboard13.png	257528
maximo-labs	main	blob	MkDocs/monitor_device_devicetype_setup_9.1/docs/img/dashboard14.png	253389
maximo-labs	main	blob	MkDocs/monitor_device_devicetype_setup_9.1/docs/img/dashboard15.png	329569
maximo-labs	main	blob	MkDocs/monitor_device_devicetype_setup_9.1/docs/img/dashboard16.png	224820
maximo-labs	main	blob	MkDocs/monitor_device_devicetype_setup_9.1/docs/img/dashboard17.png	188165
maximo-labs	main	blob	MkDocs/monitor_device_devicetype_setup_9.1/docs/img/dashboard18.png	356252
maximo-labs	main	blob	MkDocs/monitor_device_devicetype_setup_9.1/docs/img/dashboard19.png	140895
maximo-labs	main	blob	MkDocs/monitor_device_devicetype_setup_9.1/docs/img/dashboard20.png	148963
maximo-labs	main	blob	MkDocs/monitor_device_devicetype_setup_9.1/docs/img/dashboard21.png	275387
maximo-labs	main	blob	MkDocs/monitor_device_devicetype_setup_9.1/docs/img/dashboard22.png	338316
maximo-labs	main	blob	MkDocs/monitor_device_devicetype_setup_9.1/docs/img/dashboard23.png	212879
maximo-labs	main	blob	MkDocs/monitor_device_devicetype_setup_9.1/docs/img/dashboard24.png	231025
maximo-labs	main	blob	MkDocs/monitor_device_devicetype_setup_9.1/docs/img/dashboard25.png	218446
maximo-labs	main	blob	MkDocs/monitor_device_devicetype_setup_9.1/docs/img/device_relation01.png	274515
maximo-labs	main	blob	MkDocs/monitor_device_devicetype_setup_9.1/docs/img/device_relation02.png	384090
maximo-labs	main	blob	MkDocs/monitor_device_devicetype_setup_9.1/docs/img/device_relation03.png	256548
maximo-labs	main	blob	MkDocs/monitor_device_devicetype_setup_9.1/docs/img/device_relation04.png	272368
maximo-labs	main	blob	MkDocs/monitor_device_devicetype_setup_9.1/docs/img/device_relation05.png	383996
maximo-labs	main	blob	MkDocs/monitor_device_devicetype_setup_9.1/docs/img/device_relation06.png	240118
maximo-labs	main	blob	MkDocs/monitor_device_devicetype_setup_9.1/docs/img/device_relation07.png	241820
maximo-labs	main	blob	MkDocs/monitor_device_devicetype_setup_9.1/docs/img/device_relation08.png	241837
maximo-labs	main	blob	MkDocs/monitor_device_devicetype_setup_9.1/docs/img/overview_configuration01.png	350050
maximo-labs	main	blob	MkDocs/monitor_device_devicetype_setup_9.1/docs/img/overview_configuration02.png	263761
maximo-labs	main	blob	MkDocs/monitor_device_devicetype_setup_9.1/docs/img/overview_configuration03.png	351842
maximo-labs	main	blob	MkDocs/monitor_device_devicetype_setup_9.1/docs/img/overview_configuration04.png	247218
maximo-labs	main	blob	MkDocs/monitor_device_devicetype_setup_9.1/docs/img/overview_configuration05.png	252290
maximo-labs	main	blob	MkDocs/monitor_device_devicetype_setup_9.1/docs/img/overview_configuration06.png	252409
maximo-labs	main	blob	MkDocs/monitor_device_devicetype_setup_9.1/docs/img/overview_configuration07.png	236530
maximo-labs	main	blob	MkDocs/monitor_device_devicetype_setup_9.1/docs/img/overview_configuration08.png	306865
maximo-labs	main	blob	MkDocs/monitor_device_devicetype_setup_9.1/docs/index.md	1023
maximo-labs	main	blob	MkDocs/monitor_device_devicetype_setup_9.1/docs/overview_configuration.md	2087
maximo-labs	main	blob	MkDocs/monitor_device_devicetype_setup_9.1/docs/prereqs.md	878
maximo-labs	main	blob	MkDocs/monitor_device_devicetype_setup_9.1/docs/release_notes.md	483
maximo-labs	main	blob	MkDocs/monitor_device_devicetype_setup_9.1/mkdocs.yml	1253
maximo-labs	main	tree	MkDocs/monitor_hierarchy_9.1	
maximo-labs	main	tree	MkDocs/monitor_hierarchy_9.1/docs	
maximo-labs	main	blob	MkDocs/monitor_hierarchy_9.1/docs/activate_organization.md	2056
maximo-labs	main	blob	MkDocs/monitor_hierarchy_9.1/docs/assignDevicesCsvFileTemplate.csv	562
maximo-labs	main	blob	MkDocs/monitor_hierarchy_9.1/docs/assign_devices.md	1430
maximo-labs	main	blob	MkDocs/monitor_hierarchy_9.1/docs/create_asset.md	690
maximo-labs	main	blob	MkDocs/monitor_hierarchy_9.1/docs/create_devicetype.md	1244
maximo-labs	main	blob	MkDocs/monitor_hierarchy_9.1/docs/create_location.md	912
maximo-labs	main	blob	MkDocs/monitor_hierarchy_9.1/docs/create_organization.md	1551
maximo-labs	main	blob	MkDocs/monitor_hierarchy_9.1/docs/create_site.md	1084
maximo-labs	main	blob	MkDocs/monitor_hierarchy_9.1/docs/create_system.md	1521
maximo-labs	main	blob	MkDocs/monitor_hierarchy_9.1/docs/getting_started.md	1578
maximo-labs	main	blob	MkDocs/monitor_hierarchy_9.1/docs/hierarchy_view.md	623
maximo-labs	main	tree	MkDocs/monitor_hierarchy_9.1/docs/img	
maximo-labs	main	tree	MkDocs/monitor_hierarchy_9.1/docs/img/activate_imgs	
maximo-labs	main	blob	MkDocs/monitor_hierarchy_9.1/docs/img/activate_imgs/10_org_active.png	475711
maximo-labs	main	blob	MkDocs/monitor_hierarchy_9.1/docs/img/activate_imgs/11_org_active.png	522447
maximo-labs	main	blob	MkDocs/monitor_hierarchy_9.1/docs/img/activate_imgs/12_org_active.png	515319
maximo-labs	main	blob	MkDocs/monitor_hierarchy_9.1/docs/img/activate_imgs/13_org_active.png	452409
maximo-labs	main	blob	MkDocs/monitor_hierarchy_9.1/docs/img/activate_imgs/14_org_active.png	547656
maximo-labs	main	blob	MkDocs/monitor_hierarchy_9.1/docs/img/activate_imgs/15_org_active.png	495829
maximo-labs	main	blob	MkDocs/monitor_hierarchy_9.1/docs/img/activate_imgs/1_org_active.png	454467
maximo-labs	main	blob	MkDocs/monitor_hierarchy_9.1/docs/img/activate_imgs/2_org_active.png	456705
maximo-labs	main	blob	MkDocs/monitor_hierarchy_9.1/docs/img/activate_imgs/3_org_active.png	434464
maximo-labs	main	blob	MkDocs/monitor_hierarchy_9.1/docs/img/activate_imgs/4_org_active.png	495649
maximo-labs	main	blob	MkDocs/monitor_hierarchy_9.1/docs/img/activate_imgs/5_org_active.png	476452
maximo-labs	main	blob	MkDocs/monitor_hierarchy_9.1/docs/img/activate_imgs/6_org_active.png	497153
maximo-labs	main	blob	MkDocs/monitor_hierarchy_9.1/docs/img/activate_imgs/7_org_active.png	488346
maximo-labs	main	blob	MkDocs/monitor_hierarchy_9.1/docs/img/activate_imgs/8_org_active.png	483663
maximo-labs	main	tree	MkDocs/monitor_hierarchy_9.1/docs/img/asset_images	
maximo-labs	main	blob	MkDocs/monitor_hierarchy_9.1/docs/img/asset_images/1_asset.png	409370
maximo-labs	main	blob	MkDocs/monitor_hierarchy_9.1/docs/img/asset_images/2_asset.png	508726
maximo-labs	main	tree	MkDocs/monitor_hierarchy_9.1/docs/img/dev_images	
maximo-labs	main	blob	MkDocs/monitor_hierarchy_9.1/docs/img/dev_images/1_dev.png	363004
maximo-labs	main	blob	MkDocs/monitor_hierarchy_9.1/docs/img/dev_images/2_dev.png	41335
maximo-labs	main	blob	MkDocs/monitor_hierarchy_9.1/docs/img/dev_images/3_dev.png	401885
maximo-labs	main	tree	MkDocs/monitor_hierarchy_9.1/docs/img/dt_images	
maximo-labs	main	blob	MkDocs/monitor_hierarchy_9.1/docs/img/dt_images/1_dt.png	434297
maximo-labs	main	blob	MkDocs/monitor_hierarchy_9.1/docs/img/dt_images/2_dt.png	310573
maximo-labs	main	blob	MkDocs/monitor_hierarchy_9.1/docs/img/dt_images/3_dt.png	463540
maximo-labs	main	blob	MkDocs/monitor_hierarchy_9.1/docs/img/dt_images/4_dt.png	294336
maximo-labs	main	blob	MkDocs/monitor_hierarchy_9.1/docs/img/dt_images/5_dt.png	350692
maximo-labs	main	blob	MkDocs/monitor_hierarchy_9.1/docs/img/dt_images/6_dt.png	510228
maximo-labs	main	blob	MkDocs/monitor_hierarchy_9.1/docs/img/dt_images/7_dt.png	263748
maximo-labs	main	tree	MkDocs/monitor_hierarchy_9.1/docs/img/hie_images	
maximo-labs	main	blob	MkDocs/monitor_hierarchy_9.1/docs/img/hie_images/1_hie.png	411018
maximo-labs	main	blob	MkDocs/monitor_hierarchy_9.1/docs/img/hie_images/2_hie.png	345516
maximo-labs	main	tree	MkDocs/monitor_hierarchy_9.1/docs/img/loc_images	
maximo-labs	main	blob	MkDocs/monitor_hierarchy_9.1/docs/img/loc_images/1_loc.png	526521
maximo-labs	main	blob	MkDocs/monitor_hierarchy_9.1/docs/img/loc_images/2_loc.png	392372
maximo-labs	main	blob	MkDocs/monitor_hierarchy_9.1/docs/img/loc_images/5_loc.png	467269
maximo-labs	main	tree	MkDocs/monitor_hierarchy_9.1/docs/img/org_images	
maximo-labs	main	blob	MkDocs/monitor_hierarchy_9.1/docs/img/org_images/1_org.png	295006
maximo-labs	main	blob	MkDocs/monitor_hierarchy_9.1/docs/img/org_images/2_org.png	310351
maximo-labs	main	blob	MkDocs/monitor_hierarchy_9.1/docs/img/org_images/3_org.png	406948
maximo-labs	main	blob	MkDocs/monitor_hierarchy_9.1/docs/img/org_images/4_org.png	419532
maximo-labs	main	tree	MkDocs/monitor_hierarchy_9.1/docs/img/site_images	
maximo-labs	main	blob	MkDocs/monitor_hierarchy_9.1/docs/img/site_images/1_site.png	441698
maximo-labs	main	blob	MkDocs/monitor_hierarchy_9.1/docs/img/site_images/2_site.png	445129
maximo-labs	main	blob	MkDocs/monitor_hierarchy_9.1/docs/img/site_images/3_site.png	391248
maximo-labs	main	blob	MkDocs/monitor_hierarchy_9.1/docs/img/site_images/4_site.png	452487
maximo-labs	main	blob	MkDocs/monitor_hierarchy_9.1/docs/img/site_images/5_site.png	399331
maximo-labs	main	tree	MkDocs/monitor_hierarchy_9.1/docs/img/sys_images	
maximo-labs	main	blob	MkDocs/monitor_hierarchy_9.1/docs/img/sys_images/1_sys.png	490432
maximo-labs	main	blob	MkDocs/monitor_hierarchy_9.1/docs/img/sys_images/2_sys.png	466304
maximo-labs	main	blob	MkDocs/monitor_hierarchy_9.1/docs/index.md	1423
maximo-labs	main	blob	MkDocs/monitor_hierarchy_9.1/docs/prereqs.md	877
maximo-labs	main	blob	MkDocs/monitor_hierarchy_9.1/docs/release_notes.md	369
maximo-labs	main	blob	MkDocs/monitor_hierarchy_9.1/mkdocs.yml	1212
maximo-labs	main	tree	MkDocs/monitor_installation	
maximo-labs	main	tree	MkDocs/monitor_installation/docs	
maximo-labs	main	tree	MkDocs/monitor_installation/docs/img	
maximo-labs	main	blob	MkDocs/monitor_installation/docs/img/install_monitor_01.png	345154
maximo-labs	main	blob	MkDocs/monitor_installation/docs/img/install_monitor_02.png	12102
maximo-labs	main	blob	MkDocs/monitor_installation/docs/img/install_monitor_03.png	62146
maximo-labs	main	blob	MkDocs/monitor_installation/docs/img/install_monitor_04.png	430155
maximo-labs	main	blob	MkDocs/monitor_installation/docs/img/install_monitor_05.png	33333
maximo-labs	main	blob	MkDocs/monitor_installation/docs/img/install_monitor_06.png	36705
maximo-labs	main	blob	MkDocs/monitor_installation/docs/img/install_monitor_07.png	40744
maximo-labs	main	blob	MkDocs/monitor_installation/docs/img/install_monitor_08.png	60364
maximo-labs	main	blob	MkDocs/monitor_installation/docs/img/install_monitor_09.png	60329
maximo-labs	main	blob	MkDocs/monitor_installation/docs/img/install_monitor_10.png	125048
maximo-labs	main	blob	MkDocs/monitor_installation/docs/index.md	469
maximo-labs	main	blob	MkDocs/monitor_installation/docs/install.md	708
maximo-labs	main	blob	MkDocs/monitor_installation/docs/install_monitor.md	3688
maximo-labs	main	blob	MkDocs/monitor_installation/docs/prereqs.md	969
maximo-labs	main	blob	MkDocs/monitor_installation/docs/release_notes.md	482
maximo-labs	main	blob	MkDocs/monitor_installation/mkdocs.yml	811
maximo-labs	main	tree	MkDocs/monitor_iot_re-architecture_9.2	
maximo-labs	main	tree	MkDocs/monitor_iot_re-architecture_9.2/docs	
maximo-labs	main	blob	MkDocs/monitor_iot_re-architecture_9.2/docs/api_key_overview.md	1939
maximo-labs	main	blob	MkDocs/monitor_iot_re-architecture_9.2/docs/create_api_key.md	2371
maximo-labs	main	blob	MkDocs/monitor_iot_re-architecture_9.2/docs/delete_api_key.md	2156
maximo-labs	main	blob	MkDocs/monitor_iot_re-architecture_9.2/docs/edit_api_key.md	1612
maximo-labs	main	blob	MkDocs/monitor_iot_re-architecture_9.2/docs/getting_started.md	1185
maximo-labs	main	tree	MkDocs/monitor_iot_re-architecture_9.2/docs/img	
maximo-labs	main	blob	MkDocs/monitor_iot_re-architecture_9.2/docs/img/ApikeyPopup.png	227573
maximo-labs	main	blob	MkDocs/monitor_iot_re-architecture_9.2/docs/img/DownloadApiKey.png	275096
maximo-labs	main	blob	MkDocs/monitor_iot_re-architecture_9.2/docs/img/IotSecurityMenu.png	276154
maximo-labs	main	blob	MkDocs/monitor_iot_re-architecture_9.2/docs/img/Menu.png	259006
maximo-labs	main	blob	MkDocs/monitor_iot_re-architecture_9.2/docs/img/add_cert_details.png	363641
maximo-labs	main	blob	MkDocs/monitor_iot_re-architecture_9.2/docs/img/add_cert_n_list.png	292307
maximo-labs	main	blob	MkDocs/monitor_iot_re-architecture_9.2/docs/img/add_certificate_button copy.png	222135
maximo-labs	main	blob	MkDocs/monitor_iot_re-architecture_9.2/docs/img/add_certificate_button.png	222135
maximo-labs	main	blob	MkDocs/monitor_iot_re-architecture_9.2/docs/img/and_update_notification.png	227023
maximo-labs	main	blob	MkDocs/monitor_iot_re-architecture_9.2/docs/img/cert_details.png	252822
maximo-labs	main	blob	MkDocs/monitor_iot_re-architecture_9.2/docs/img/cert_list.png	198297
maximo-labs	main	blob	MkDocs/monitor_iot_re-architecture_9.2/docs/img/data_device_table.png	290869
maximo-labs	main	blob	MkDocs/monitor_iot_re-architecture_9.2/docs/img/deleteMenuApi.png	210862
maximo-labs	main	blob	MkDocs/monitor_iot_re-architecture_9.2/docs/img/deleteNotification.png	215596
maximo-labs	main	blob	MkDocs/monitor_iot_re-architecture_9.2/docs/img/deletePopup.png	276529
maximo-labs	main	blob	MkDocs/monitor_iot_re-architecture_9.2/docs/img/dropdown_menu_and.png	228536
maximo-labs	main	blob	MkDocs/monitor_iot_re-architecture_9.2/docs/img/dropdown_menu_or.png	225055
maximo-labs	main	blob	MkDocs/monitor_iot_re-architecture_9.2/docs/img/editButton.png	211231
maximo-labs	main	blob	MkDocs/monitor_iot_re-architecture_9.2/docs/img/editDetails.png	247359
maximo-labs	main	blob	MkDocs/monitor_iot_re-architecture_9.2/docs/img/editMenu.png	281609
maximo-labs	main	blob	MkDocs/monitor_iot_re-architecture_9.2/docs/img/notification.png	248976
maximo-labs	main	blob	MkDocs/monitor_iot_re-architecture_9.2/docs/img/or_notification.png	248976
maximo-labs	main	blob	MkDocs/monitor_iot_re-architecture_9.2/docs/img/recentevent_device.png	191532
maximo-labs	main	blob	MkDocs/monitor_iot_re-architecture_9.2/docs/img/tlsToken.png	221917
maximo-labs	main	blob	MkDocs/monitor_iot_re-architecture_9.2/docs/index.md	2862
maximo-labs	main	blob	MkDocs/monitor_iot_re-architecture_9.2/docs/iot_security.md	4005
maximo-labs	main	blob	MkDocs/monitor_iot_re-architecture_9.2/docs/iot_security_overview.md	2301
maximo-labs	main	blob	MkDocs/monitor_iot_re-architecture_9.2/docs/prereqs.md	905
maximo-labs	main	blob	MkDocs/monitor_iot_re-architecture_9.2/docs/release_notes.md	793
maximo-labs	main	blob	MkDocs/monitor_iot_re-architecture_9.2/docs/tls_with_cert_and_token.md	3610
maximo-labs	main	blob	MkDocs/monitor_iot_re-architecture_9.2/docs/tls_with_cert_or_token.md	3424
maximo-labs	main	blob	MkDocs/monitor_iot_re-architecture_9.2/docs/tls_with_token.md	2210
maximo-labs	main	blob	MkDocs/monitor_iot_re-architecture_9.2/mkdocs.yml	1284
maximo-labs	main	tree	MkDocs/monitor_live_demo_asset	
maximo-labs	main	tree	MkDocs/monitor_live_demo_asset/docs	
maximo-labs	main	tree	MkDocs/monitor_live_demo_asset/docs/config	
maximo-labs	main	blob	MkDocs/monitor_live_demo_asset/docs/config/RPE Flows.json	135953
maximo-labs	main	blob	MkDocs/monitor_live_demo_asset/docs/config/config.txt	2074
maximo-labs	main	blob	MkDocs/monitor_live_demo_asset/docs/config/ssh	0
maximo-labs	main	blob	MkDocs/monitor_live_demo_asset/docs/config/wpa_supplicant.conf	268
maximo-labs	main	blob	MkDocs/monitor_live_demo_asset/docs/convert_pi.md	4616
maximo-labs	main	blob	MkDocs/monitor_live_demo_asset/docs/create_devices.md	5575
maximo-labs	main	tree	MkDocs/monitor_live_demo_asset/docs/img	
maximo-labs	main	blob	MkDocs/monitor_live_demo_asset/docs/img/convert_pi_01.png	32487
maximo-labs	main	blob	MkDocs/monitor_live_demo_asset/docs/img/convert_pi_02.png	35407
maximo-labs	main	blob	MkDocs/monitor_live_demo_asset/docs/img/convert_pi_03.png	22106
maximo-labs	main	blob	MkDocs/monitor_live_demo_asset/docs/img/convert_pi_04.png	9819
maximo-labs	main	blob	MkDocs/monitor_live_demo_asset/docs/img/convert_pi_05.png	10143
maximo-labs	main	blob	MkDocs/monitor_live_demo_asset/docs/img/convert_pi_06.png	32468
maximo-labs	main	blob	MkDocs/monitor_live_demo_asset/docs/img/convert_pi_07.png	9563
maximo-labs	main	blob	MkDocs/monitor_live_demo_asset/docs/img/convert_pi_08.png	93843
maximo-labs	main	blob	MkDocs/monitor_live_demo_asset/docs/img/convert_pi_09.png	109124
maximo-labs	main	blob	MkDocs/monitor_live_demo_asset/docs/img/convert_pi_10.png	32190
maximo-labs	main	blob	MkDocs/monitor_live_demo_asset/docs/img/convert_pi_11.png	27821
maximo-labs	main	blob	MkDocs/monitor_live_demo_asset/docs/img/convert_pi_12.png	17888
maximo-labs	main	blob	MkDocs/monitor_live_demo_asset/docs/img/convert_pi_13.png	49771
maximo-labs	main	blob	MkDocs/monitor_live_demo_asset/docs/img/convert_pi_14.png	49048
maximo-labs	main	blob	MkDocs/monitor_live_demo_asset/docs/img/convert_pi_15.png	18340
maximo-labs	main	blob	MkDocs/monitor_live_demo_asset/docs/img/convert_pi_16.png	12250
maximo-labs	main	blob	MkDocs/monitor_live_demo_asset/docs/img/convert_pi_17.png	128407
maximo-labs	main	blob	MkDocs/monitor_live_demo_asset/docs/img/convert_pi_18.png	91842
maximo-labs	main	blob	MkDocs/monitor_live_demo_asset/docs/img/create_devices_01.png	82956
maximo-labs	main	blob	MkDocs/monitor_live_demo_asset/docs/img/create_devices_02.png	15433
maximo-labs	main	blob	MkDocs/monitor_live_demo_asset/docs/img/create_devices_03.png	11168
maximo-labs	main	blob	MkDocs/monitor_live_demo_asset/docs/img/create_devices_04.png	17090
maximo-labs	main	blob	MkDocs/monitor_live_demo_asset/docs/img/create_devices_05.png	9692
maximo-labs	main	blob	MkDocs/monitor_live_demo_asset/docs/img/create_devices_06.png	3359
maximo-labs	main	blob	MkDocs/monitor_live_demo_asset/docs/img/create_devices_07.png	35622
maximo-labs	main	blob	MkDocs/monitor_live_demo_asset/docs/img/create_devices_08.png	30449
maximo-labs	main	blob	MkDocs/monitor_live_demo_asset/docs/img/create_devices_09.png	32692
maximo-labs	main	blob	MkDocs/monitor_live_demo_asset/docs/img/create_devices_10.png	58839
maximo-labs	main	blob	MkDocs/monitor_live_demo_asset/docs/img/create_devices_11.png	30684
maximo-labs	main	blob	MkDocs/monitor_live_demo_asset/docs/img/create_devices_12.png	34593
maximo-labs	main	blob	MkDocs/monitor_live_demo_asset/docs/img/create_devices_13.png	13214
maximo-labs	main	blob	MkDocs/monitor_live_demo_asset/docs/img/create_devices_14.png	18057
maximo-labs	main	blob	MkDocs/monitor_live_demo_asset/docs/img/create_devices_15.png	35728
maximo-labs	main	blob	MkDocs/monitor_live_demo_asset/docs/img/prepare_pi_01.png	171970
maximo-labs	main	blob	MkDocs/monitor_live_demo_asset/docs/img/prepare_pi_02.png	42342
maximo-labs	main	blob	MkDocs/monitor_live_demo_asset/docs/img/prepare_pi_03.png	66565
maximo-labs	main	blob	MkDocs/monitor_live_demo_asset/docs/img/prepare_pi_04.png	87407
maximo-labs	main	blob	MkDocs/monitor_live_demo_asset/docs/img/prepare_pi_05.png	30055
maximo-labs	main	blob	MkDocs/monitor_live_demo_asset/docs/img/prepare_pi_06.png	39274
maximo-labs	main	blob	MkDocs/monitor_live_demo_asset/docs/img/prepare_pi_07.png	59097
maximo-labs	main	blob	MkDocs/monitor_live_demo_asset/docs/img/prepare_pi_08.png	33668
maximo-labs	main	blob	MkDocs/monitor_live_demo_asset/docs/img/prepare_pi_09.png	20588
maximo-labs	main	blob	MkDocs/monitor_live_demo_asset/docs/img/prepare_pi_10.png	17623
maximo-labs	main	blob	MkDocs/monitor_live_demo_asset/docs/img/prepare_pi_11.png	12076
maximo-labs	main	blob	MkDocs/monitor_live_demo_asset/docs/img/prepare_pi_12.png	26735
maximo-labs	main	blob	MkDocs/monitor_live_demo_asset/docs/img/prepare_pi_13.png	87767
maximo-labs	main	blob	MkDocs/monitor_live_demo_asset/docs/img/prepare_pi_14.png	12248
maximo-labs	main	blob	MkDocs/monitor_live_demo_asset/docs/img/prepare_pi_15.png	21816
maximo-labs	main	blob	MkDocs/monitor_live_demo_asset/docs/img/prepare_pi_16.png	64607
maximo-labs	main	blob	MkDocs/monitor_live_demo_asset/docs/img/prepare_pi_17.png	56812
maximo-labs	main	blob	MkDocs/monitor_live_demo_asset/docs/img/prepare_pi_18.png	166625
maximo-labs	main	blob	MkDocs/monitor_live_demo_asset/docs/img/prepare_pi_19.png	110278
maximo-labs	main	blob	MkDocs/monitor_live_demo_asset/docs/img/prepare_pi_20.png	17188
maximo-labs	main	blob	MkDocs/monitor_live_demo_asset/docs/img/prepare_pi_21.png	16546
maximo-labs	main	blob	MkDocs/monitor_live_demo_asset/docs/img/user_guide_01.png	35942
maximo-labs	main	blob	MkDocs/monitor_live_demo_asset/docs/img/user_guide_02.png	82956
maximo-labs	main	blob	MkDocs/monitor_live_demo_asset/docs/img/user_guide_03.png	95410
maximo-labs	main	blob	MkDocs/monitor_live_demo_asset/docs/img/user_guide_04.png	26189
maximo-labs	main	blob	MkDocs/monitor_live_demo_asset/docs/img/user_guide_05.png	26350
maximo-labs	main	blob	MkDocs/monitor_live_demo_asset/docs/img/user_guide_06.png	26421
maximo-labs	main	blob	MkDocs/monitor_live_demo_asset/docs/img/user_guide_07.png	25218
maximo-labs	main	blob	MkDocs/monitor_live_demo_asset/docs/img/user_guide_08.png	26274
maximo-labs	main	blob	MkDocs/monitor_live_demo_asset/docs/img/user_guide_09.png	87101
maximo-labs	main	blob	MkDocs/monitor_live_demo_asset/docs/img/user_guide_10.png	99063
maximo-labs	main	blob	MkDocs/monitor_live_demo_asset/docs/img/user_guide_11.png	8713
maximo-labs	main	blob	MkDocs/monitor_live_demo_asset/docs/img/user_guide_12.png	240801
maximo-labs	main	blob	MkDocs/monitor_live_demo_asset/docs/img/user_guide_13.png	244727
maximo-labs	main	blob	MkDocs/monitor_live_demo_asset/docs/img/user_guide_14.png	144606
maximo-labs	main	blob	MkDocs/monitor_live_demo_asset/docs/img/user_guide_15.png	30522
maximo-labs	main	blob	MkDocs/monitor_live_demo_asset/docs/img/verify_rpe_01.png	27976
maximo-labs	main	blob	MkDocs/monitor_live_demo_asset/docs/img/verify_rpe_02.png	32927
maximo-labs	main	blob	MkDocs/monitor_live_demo_asset/docs/img/verify_rpe_03.png	13779
maximo-labs	main	blob	MkDocs/monitor_live_demo_asset/docs/img/verify_rpe_04.png	46884
maximo-labs	main	blob	MkDocs/monitor_live_demo_asset/docs/img/verify_rpe_05.png	60390
maximo-labs	main	blob	MkDocs/monitor_live_demo_asset/docs/img/verify_rpe_06.png	35942
maximo-labs	main	blob	MkDocs/monitor_live_demo_asset/docs/index.md	1738
maximo-labs	main	blob	MkDocs/monitor_live_demo_asset/docs/prepare_pi.md	7224
maximo-labs	main	blob	MkDocs/monitor_live_demo_asset/docs/prereqs.md	1244
maximo-labs	main	blob	MkDocs/monitor_live_demo_asset/docs/release_notes.md	561
maximo-labs	main	blob	MkDocs/monitor_live_demo_asset/docs/user_guide.md	8344
maximo-labs	main	blob	MkDocs/monitor_live_demo_asset/docs/verify_rpe.md	1410
maximo-labs	main	blob	MkDocs/monitor_live_demo_asset/mkdocs.yml	987
maximo-labs	main	tree	MkDocs/monitor_managed_gw_fallback-system_9.2	
maximo-labs	main	tree	MkDocs/monitor_managed_gw_fallback-system_9.2/docs	
maximo-labs	main	blob	MkDocs/monitor_managed_gw_fallback-system_9.2/docs/COS connection failure.md	3609
maximo-labs	main	blob	MkDocs/monitor_managed_gw_fallback-system_9.2/docs/MQTT connection failure.md	3124
maximo-labs	main	blob	MkDocs/monitor_managed_gw_fallback-system_9.2/docs/PV Fallback and Primary Publisher Recovery.md	4800
maximo-labs	main	blob	MkDocs/monitor_managed_gw_fallback-system_9.2/docs/fallback hierarchy.md	6812
maximo-labs	main	tree	MkDocs/monitor_managed_gw_fallback-system_9.2/docs/img	
maximo-labs	main	blob	MkDocs/monitor_managed_gw_fallback-system_9.2/docs/img/COS.png	2269322
maximo-labs	main	blob	MkDocs/monitor_managed_gw_fallback-system_9.2/docs/img/Fallback_Overview_1.png	1490114
maximo-labs	main	blob	MkDocs/monitor_managed_gw_fallback-system_9.2/docs/img/cos_publishing.png	1027884
maximo-labs	main	blob	MkDocs/monitor_managed_gw_fallback-system_9.2/docs/img/csv_upload_01.png	368490
maximo-labs	main	blob	MkDocs/monitor_managed_gw_fallback-system_9.2/docs/img/csv_upload_03.png	134015
maximo-labs	main	blob	MkDocs/monitor_managed_gw_fallback-system_9.2/docs/img/docker_command.png	502530
maximo-labs	main	blob	MkDocs/monitor_managed_gw_fallback-system_9.2/docs/img/edc_started.png	1710518
maximo-labs	main	blob	MkDocs/monitor_managed_gw_fallback-system_9.2/docs/img/mqtt_data_flow1.png	173296
maximo-labs	main	blob	MkDocs/monitor_managed_gw_fallback-system_9.2/docs/img/mqtt_data_flow_.png	1715794
maximo-labs	main	blob	MkDocs/monitor_managed_gw_fallback-system_9.2/docs/img/mqtt_data_flow_restored.png	209653
maximo-labs	main	blob	MkDocs/monitor_managed_gw_fallback-system_9.2/docs/img/mqtt_failure.png	2999386
maximo-labs	main	blob	MkDocs/monitor_managed_gw_fallback-system_9.2/docs/img/mqtt_failure_detection.png	3882342
maximo-labs	main	blob	MkDocs/monitor_managed_gw_fallback-system_9.2/docs/img/mqtt_retry_config.png	729375
maximo-labs	main	blob	MkDocs/monitor_managed_gw_fallback-system_9.2/docs/img/pv_activation.png	3962737
maximo-labs	main	blob	MkDocs/monitor_managed_gw_fallback-system_9.2/docs/img/pv_activation1.png	133525
maximo-labs	main	blob	MkDocs/monitor_managed_gw_fallback-system_9.2/docs/img/pv_fallback_state.png	3968408
maximo-labs	main	blob	MkDocs/monitor_managed_gw_fallback-system_9.2/docs/img/pv_publishing.png	486030
maximo-labs	main	blob	MkDocs/monitor_managed_gw_fallback-system_9.2/docs/img/uploaded_via_PV.png	214806
maximo-labs	main	blob	MkDocs/monitor_managed_gw_fallback-system_9.2/docs/index.md	780
maximo-labs	main	blob	MkDocs/monitor_managed_gw_fallback-system_9.2/docs/prereqs.md	1015
maximo-labs	main	blob	MkDocs/monitor_managed_gw_fallback-system_9.2/docs/release_notes.md	367
maximo-labs	main	blob	MkDocs/monitor_managed_gw_fallback-system_9.2/mkdocs.yml	1110
maximo-labs	main	tree	MkDocs/monitor_managed_gw_json_9.1	
maximo-labs	main	tree	MkDocs/monitor_managed_gw_json_9.1/docs	
maximo-labs	main	blob	MkDocs/monitor_managed_gw_json_9.1/docs/add_device_1.md	7968
maximo-labs	main	blob	MkDocs/monitor_managed_gw_json_9.1/docs/add_device_2.md	3003
maximo-labs	main	blob	MkDocs/monitor_managed_gw_json_9.1/docs/create_gateway.md	4283
maximo-labs	main	blob	MkDocs/monitor_managed_gw_json_9.1/docs/deploy.md	2962
maximo-labs	main	tree	MkDocs/monitor_managed_gw_json_9.1/docs/img	
maximo-labs	main	blob	MkDocs/monitor_managed_gw_json_9.1/docs/img/2nd_device_01.png	60610
maximo-labs	main	blob	MkDocs/monitor_managed_gw_json_9.1/docs/img/2nd_device_02.png	66458
maximo-labs	main	blob	MkDocs/monitor_managed_gw_json_9.1/docs/img/2nd_device_03.png	102012
maximo-labs	main	blob	MkDocs/monitor_managed_gw_json_9.1/docs/img/2nd_device_04.png	79176
maximo-labs	main	blob	MkDocs/monitor_managed_gw_json_9.1/docs/img/2nd_device_05.png	78433
maximo-labs	main	blob	MkDocs/monitor_managed_gw_json_9.1/docs/img/2nd_device_06.png	71150
maximo-labs	main	blob	MkDocs/monitor_managed_gw_json_9.1/docs/img/2nd_device_07.png	80815
maximo-labs	main	blob	MkDocs/monitor_managed_gw_json_9.1/docs/img/2nd_device_08.png	68428
maximo-labs	main	blob	MkDocs/monitor_managed_gw_json_9.1/docs/img/2nd_device_09.png	122234
maximo-labs	main	blob	MkDocs/monitor_managed_gw_json_9.1/docs/img/2nd_device_10.png	126762
maximo-labs	main	blob	MkDocs/monitor_managed_gw_json_9.1/docs/img/2nd_device_11.png	114157
maximo-labs	main	blob	MkDocs/monitor_managed_gw_json_9.1/docs/img/add_device_01.png	103023
maximo-labs	main	blob	MkDocs/monitor_managed_gw_json_9.1/docs/img/add_device_02.png	124027
maximo-labs	main	blob	MkDocs/monitor_managed_gw_json_9.1/docs/img/add_device_03.png	72196
maximo-labs	main	blob	MkDocs/monitor_managed_gw_json_9.1/docs/img/add_device_04.png	74556
maximo-labs	main	blob	MkDocs/monitor_managed_gw_json_9.1/docs/img/add_device_05.png	70218
maximo-labs	main	blob	MkDocs/monitor_managed_gw_json_9.1/docs/img/add_device_06.png	72514
maximo-labs	main	blob	MkDocs/monitor_managed_gw_json_9.1/docs/img/add_device_07.png	67850
maximo-labs	main	blob	MkDocs/monitor_managed_gw_json_9.1/docs/img/add_device_08.png	121391
maximo-labs	main	blob	MkDocs/monitor_managed_gw_json_9.1/docs/img/add_device_09.png	86169
maximo-labs	main	blob	MkDocs/monitor_managed_gw_json_9.1/docs/img/add_device_10.png	69824
maximo-labs	main	blob	MkDocs/monitor_managed_gw_json_9.1/docs/img/create_gateway_01.png	150866
maximo-labs	main	blob	MkDocs/monitor_managed_gw_json_9.1/docs/img/create_gateway_02.png	128980
maximo-labs	main	blob	MkDocs/monitor_managed_gw_json_9.1/docs/img/create_gateway_03.png	69229
maximo-labs	main	blob	MkDocs/monitor_managed_gw_json_9.1/docs/img/create_gateway_04.png	64705
maximo-labs	main	blob	MkDocs/monitor_managed_gw_json_9.1/docs/img/create_gateway_05.png	116529
maximo-labs	main	blob	MkDocs/monitor_managed_gw_json_9.1/docs/img/deploy_verify_01.png	98594
maximo-labs	main	blob	MkDocs/monitor_managed_gw_json_9.1/docs/img/deploy_verify_02.png	190685
maximo-labs	main	blob	MkDocs/monitor_managed_gw_json_9.1/docs/img/deploy_verify_03.png	63478
maximo-labs	main	blob	MkDocs/monitor_managed_gw_json_9.1/docs/img/deploy_verify_04.png	71972
maximo-labs	main	blob	MkDocs/monitor_managed_gw_json_9.1/docs/img/deploy_verify_05.png	91329
maximo-labs	main	blob	MkDocs/monitor_managed_gw_json_9.1/docs/img/deploy_verify_06.png	112545
maximo-labs	main	blob	MkDocs/monitor_managed_gw_json_9.1/docs/img/device_library_01.png	59609
maximo-labs	main	blob	MkDocs/monitor_managed_gw_json_9.1/docs/img/device_library_02.png	58732
maximo-labs	main	blob	MkDocs/monitor_managed_gw_json_9.1/docs/img/device_library_03.png	49349
maximo-labs	main	blob	MkDocs/monitor_managed_gw_json_9.1/docs/img/device_library_04.png	54952
maximo-labs	main	blob	MkDocs/monitor_managed_gw_json_9.1/docs/img/device_library_05.png	90374
maximo-labs	main	blob	MkDocs/monitor_managed_gw_json_9.1/docs/img/device_library_06.png	32618
maximo-labs	main	blob	MkDocs/monitor_managed_gw_json_9.1/docs/img/device_library_07.png	23433
maximo-labs	main	blob	MkDocs/monitor_managed_gw_json_9.1/docs/img/device_library_08.png	143302
maximo-labs	main	blob	MkDocs/monitor_managed_gw_json_9.1/docs/img/device_library_09.png	144940
maximo-labs	main	blob	MkDocs/monitor_managed_gw_json_9.1/docs/img/device_library_10.png	141828
maximo-labs	main	blob	MkDocs/monitor_managed_gw_json_9.1/docs/img/device_library_11.png	58401
maximo-labs	main	blob	MkDocs/monitor_managed_gw_json_9.1/docs/img/device_library_12.png	99803
maximo-labs	main	blob	MkDocs/monitor_managed_gw_json_9.1/docs/img/device_library_13.png	117730
maximo-labs	main	blob	MkDocs/monitor_managed_gw_json_9.1/docs/img/device_library_14.png	86269
maximo-labs	main	blob	MkDocs/monitor_managed_gw_json_9.1/docs/img/device_library_15.png	70379
maximo-labs	main	blob	MkDocs/monitor_managed_gw_json_9.1/docs/img/device_library_16.png	62461
maximo-labs	main	blob	MkDocs/monitor_managed_gw_json_9.1/docs/img/docker_01.png	78881
maximo-labs	main	blob	MkDocs/monitor_managed_gw_json_9.1/docs/img/docker_02.png	113479
maximo-labs	main	blob	MkDocs/monitor_managed_gw_json_9.1/docs/img/post_device_library_01.png	40284
maximo-labs	main	blob	MkDocs/monitor_managed_gw_json_9.1/docs/img/post_device_library_02.png	131248
maximo-labs	main	blob	MkDocs/monitor_managed_gw_json_9.1/docs/img/post_device_library_03.png	134001
maximo-labs	main	blob	MkDocs/monitor_managed_gw_json_9.1/docs/img/post_device_library_04.png	131513
maximo-labs	main	blob	MkDocs/monitor_managed_gw_json_9.1/docs/img/post_device_library_05.png	67046
maximo-labs	main	blob	MkDocs/monitor_managed_gw_json_9.1/docs/img/post_device_library_06.png	98341
maximo-labs	main	blob	MkDocs/monitor_managed_gw_json_9.1/docs/img/re-deploy_01.png	199229
maximo-labs	main	blob	MkDocs/monitor_managed_gw_json_9.1/docs/img/re-deploy_02.png	150740
maximo-labs	main	blob	MkDocs/monitor_managed_gw_json_9.1/docs/img/re-deploy_03.png	226598
maximo-labs	main	blob	MkDocs/monitor_managed_gw_json_9.1/docs/img/re-deploy_04.png	100761
maximo-labs	main	blob	MkDocs/monitor_managed_gw_json_9.1/docs/img/re-deploy_05.png	201420
maximo-labs	main	blob	MkDocs/monitor_managed_gw_json_9.1/docs/img/re-deploy_06.png	255779
maximo-labs	main	blob	MkDocs/monitor_managed_gw_json_9.1/docs/img/re-deploy_07.png	185051
maximo-labs	main	blob	MkDocs/monitor_managed_gw_json_9.1/docs/index.md	768
maximo-labs	main	blob	MkDocs/monitor_managed_gw_json_9.1/docs/prereqs.md	1392
maximo-labs	main	blob	MkDocs/monitor_managed_gw_json_9.1/docs/re-deploy.md	2096
maximo-labs	main	blob	MkDocs/monitor_managed_gw_json_9.1/docs/release_notes.md	529
maximo-labs	main	blob	MkDocs/monitor_managed_gw_json_9.1/docs/setup_simulator.md	3591
maximo-labs	main	blob	MkDocs/monitor_managed_gw_json_9.1/mkdocs.yml	1122
maximo-labs	main	tree	MkDocs/monitor_managed_gw_modbus_9.0	
maximo-labs	main	tree	MkDocs/monitor_managed_gw_modbus_9.0/docs	
maximo-labs	main	blob	MkDocs/monitor_managed_gw_modbus_9.0/docs/add_device_1.md	3552
maximo-labs	main	blob	MkDocs/monitor_managed_gw_modbus_9.0/docs/add_device_2.md	2730
maximo-labs	main	blob	MkDocs/monitor_managed_gw_modbus_9.0/docs/create_gateway.md	2088
maximo-labs	main	blob	MkDocs/monitor_managed_gw_modbus_9.0/docs/deploy.md	2966
maximo-labs	main	tree	MkDocs/monitor_managed_gw_modbus_9.0/docs/img	
maximo-labs	main	blob	MkDocs/monitor_managed_gw_modbus_9.0/docs/img/add_device_01.png	121435
maximo-labs	main	blob	MkDocs/monitor_managed_gw_modbus_9.0/docs/img/add_device_02.png	135402
maximo-labs	main	blob	MkDocs/monitor_managed_gw_modbus_9.0/docs/img/add_device_03.png	84473
maximo-labs	main	blob	MkDocs/monitor_managed_gw_modbus_9.0/docs/img/add_device_04.png	112557
maximo-labs	main	blob	MkDocs/monitor_managed_gw_modbus_9.0/docs/img/add_device_05.png	77199
maximo-labs	main	blob	MkDocs/monitor_managed_gw_modbus_9.0/docs/img/add_device_06.png	76136
maximo-labs	main	blob	MkDocs/monitor_managed_gw_modbus_9.0/docs/img/add_device_07.png	85266
maximo-labs	main	blob	MkDocs/monitor_managed_gw_modbus_9.0/docs/img/add_device_08.png	72869
maximo-labs	main	blob	MkDocs/monitor_managed_gw_modbus_9.0/docs/img/add_device_09.png	141052
maximo-labs	main	blob	MkDocs/monitor_managed_gw_modbus_9.0/docs/img/add_device_10.png	133786
maximo-labs	main	blob	MkDocs/monitor_managed_gw_modbus_9.0/docs/img/add_device_11.png	124006
maximo-labs	main	blob	MkDocs/monitor_managed_gw_modbus_9.0/docs/img/add_device_21.png	160282
maximo-labs	main	blob	MkDocs/monitor_managed_gw_modbus_9.0/docs/img/add_device_22.png	74274
maximo-labs	main	blob	MkDocs/monitor_managed_gw_modbus_9.0/docs/img/add_device_23.png	94426
maximo-labs	main	blob	MkDocs/monitor_managed_gw_modbus_9.0/docs/img/add_device_24.png	106072
maximo-labs	main	blob	MkDocs/monitor_managed_gw_modbus_9.0/docs/img/add_device_25.png	113721
maximo-labs	main	blob	MkDocs/monitor_managed_gw_modbus_9.0/docs/img/add_device_26.png	78408
maximo-labs	main	blob	MkDocs/monitor_managed_gw_modbus_9.0/docs/img/add_device_27.png	77054
maximo-labs	main	blob	MkDocs/monitor_managed_gw_modbus_9.0/docs/img/add_device_28.png	141440
maximo-labs	main	blob	MkDocs/monitor_managed_gw_modbus_9.0/docs/img/add_device_29.png	75686
maximo-labs	main	blob	MkDocs/monitor_managed_gw_modbus_9.0/docs/img/add_device_30.png	78352
maximo-labs	main	blob	MkDocs/monitor_managed_gw_modbus_9.0/docs/img/create_gateway_01.png	149055
maximo-labs	main	blob	MkDocs/monitor_managed_gw_modbus_9.0/docs/img/create_gateway_02.png	143212
maximo-labs	main	blob	MkDocs/monitor_managed_gw_modbus_9.0/docs/img/create_gateway_03.png	115720
maximo-labs	main	blob	MkDocs/monitor_managed_gw_modbus_9.0/docs/img/create_gateway_04.png	75082
maximo-labs	main	blob	MkDocs/monitor_managed_gw_modbus_9.0/docs/img/create_gateway_05.png	134368
maximo-labs	main	blob	MkDocs/monitor_managed_gw_modbus_9.0/docs/img/deploy_monitor_01.png	175857
maximo-labs	main	blob	MkDocs/monitor_managed_gw_modbus_9.0/docs/img/deploy_monitor_02.png	219755
maximo-labs	main	blob	MkDocs/monitor_managed_gw_modbus_9.0/docs/img/deploy_monitor_03.png	77682
maximo-labs	main	blob	MkDocs/monitor_managed_gw_modbus_9.0/docs/img/deploy_monitor_04.png	176630
maximo-labs	main	blob	MkDocs/monitor_managed_gw_modbus_9.0/docs/img/deploy_monitor_05.png	107945
maximo-labs	main	blob	MkDocs/monitor_managed_gw_modbus_9.0/docs/img/deploy_monitor_06.png	199028
maximo-labs	main	blob	MkDocs/monitor_managed_gw_modbus_9.0/docs/img/deploy_monitor_07.png	169003
maximo-labs	main	blob	MkDocs/monitor_managed_gw_modbus_9.0/docs/img/deploy_monitor_08.png	166260
maximo-labs	main	blob	MkDocs/monitor_managed_gw_modbus_9.0/docs/img/deploy_monitor_09.png	131152
maximo-labs	main	blob	MkDocs/monitor_managed_gw_modbus_9.0/docs/img/deploy_verify_01.png	158443
maximo-labs	main	blob	MkDocs/monitor_managed_gw_modbus_9.0/docs/img/deploy_verify_02.png	204912
maximo-labs	main	blob	MkDocs/monitor_managed_gw_modbus_9.0/docs/img/deploy_verify_03.png	115645
maximo-labs	main	blob	MkDocs/monitor_managed_gw_modbus_9.0/docs/img/deploy_verify_04.png	113965
maximo-labs	main	blob	MkDocs/monitor_managed_gw_modbus_9.0/docs/img/deploy_verify_05.png	155463
maximo-labs	main	blob	MkDocs/monitor_managed_gw_modbus_9.0/docs/img/deploy_verify_06.png	179355
maximo-labs	main	blob	MkDocs/monitor_managed_gw_modbus_9.0/docs/img/index_01.png	137961
maximo-labs	main	blob	MkDocs/monitor_managed_gw_modbus_9.0/docs/img/index_02.png	155723
maximo-labs	main	blob	MkDocs/monitor_managed_gw_modbus_9.0/docs/img/monitor_metrics_1.png	219016
maximo-labs	main	blob	MkDocs/monitor_managed_gw_modbus_9.0/docs/img/setup_01.png	59792
maximo-labs	main	blob	MkDocs/monitor_managed_gw_modbus_9.0/docs/img/setup_02.png	46759
maximo-labs	main	blob	MkDocs/monitor_managed_gw_modbus_9.0/docs/img/setup_03.png	61453
maximo-labs	main	blob	MkDocs/monitor_managed_gw_modbus_9.0/docs/index.md	1544
maximo-labs	main	blob	MkDocs/monitor_managed_gw_modbus_9.0/docs/prereqs.md	1518
maximo-labs	main	blob	MkDocs/monitor_managed_gw_modbus_9.0/docs/re-deploy.md	3420
maximo-labs	main	blob	MkDocs/monitor_managed_gw_modbus_9.0/docs/release_notes.md	826
maximo-labs	main	blob	MkDocs/monitor_managed_gw_modbus_9.0/docs/setup_simulator.md	1188
maximo-labs	main	blob	MkDocs/monitor_managed_gw_modbus_9.0/mkdocs.yml	1106
maximo-labs	main	tree	MkDocs/monitor_managed_gw_modbus_9.1	
maximo-labs	main	tree	MkDocs/monitor_managed_gw_modbus_9.1/docs	
maximo-labs	main	blob	MkDocs/monitor_managed_gw_modbus_9.1/docs/add_device_1.md	3507
maximo-labs	main	blob	MkDocs/monitor_managed_gw_modbus_9.1/docs/add_device_2.md	2953
maximo-labs	main	blob	MkDocs/monitor_managed_gw_modbus_9.1/docs/create_gateway.md	1553
maximo-labs	main	blob	MkDocs/monitor_managed_gw_modbus_9.1/docs/deploy.md	2589
maximo-labs	main	tree	MkDocs/monitor_managed_gw_modbus_9.1/docs/img	
maximo-labs	main	blob	MkDocs/monitor_managed_gw_modbus_9.1/docs/img/add_device_01.png	106429
maximo-labs	main	blob	MkDocs/monitor_managed_gw_modbus_9.1/docs/img/add_device_02.png	124937
maximo-labs	main	blob	MkDocs/monitor_managed_gw_modbus_9.1/docs/img/add_device_03.png	84784
maximo-labs	main	blob	MkDocs/monitor_managed_gw_modbus_9.1/docs/img/add_device_04.png	109892
maximo-labs	main	blob	MkDocs/monitor_managed_gw_modbus_9.1/docs/img/add_device_05.png	76487
maximo-labs	main	blob	MkDocs/monitor_managed_gw_modbus_9.1/docs/img/add_device_06.png	76701
maximo-labs	main	blob	MkDocs/monitor_managed_gw_modbus_9.1/docs/img/add_device_07.png	82398
maximo-labs	main	blob	MkDocs/monitor_managed_gw_modbus_9.1/docs/img/add_device_08.png	74144
maximo-labs	main	blob	MkDocs/monitor_managed_gw_modbus_9.1/docs/img/add_device_09.png	131095
maximo-labs	main	blob	MkDocs/monitor_managed_gw_modbus_9.1/docs/img/add_device_10.png	125493
maximo-labs	main	blob	MkDocs/monitor_managed_gw_modbus_9.1/docs/img/add_device_11.png	107421
maximo-labs	main	blob	MkDocs/monitor_managed_gw_modbus_9.1/docs/img/add_device_21.png	98891
maximo-labs	main	blob	MkDocs/monitor_managed_gw_modbus_9.1/docs/img/add_device_22.png	70211
maximo-labs	main	blob	MkDocs/monitor_managed_gw_modbus_9.1/docs/img/add_device_23.png	99046
maximo-labs	main	blob	MkDocs/monitor_managed_gw_modbus_9.1/docs/img/add_device_24.png	100411
maximo-labs	main	blob	MkDocs/monitor_managed_gw_modbus_9.1/docs/img/add_device_25.png	108087
maximo-labs	main	blob	MkDocs/monitor_managed_gw_modbus_9.1/docs/img/add_device_26.png	77075
maximo-labs	main	blob	MkDocs/monitor_managed_gw_modbus_9.1/docs/img/add_device_27.png	75927
maximo-labs	main	blob	MkDocs/monitor_managed_gw_modbus_9.1/docs/img/add_device_28.png	125585
maximo-labs	main	blob	MkDocs/monitor_managed_gw_modbus_9.1/docs/img/add_device_29.png	96890
maximo-labs	main	blob	MkDocs/monitor_managed_gw_modbus_9.1/docs/img/add_device_30.png	104421
maximo-labs	main	blob	MkDocs/monitor_managed_gw_modbus_9.1/docs/img/add_device_31.png	77680
maximo-labs	main	blob	MkDocs/monitor_managed_gw_modbus_9.1/docs/img/create_gateway_01.png	142903
maximo-labs	main	blob	MkDocs/monitor_managed_gw_modbus_9.1/docs/img/create_gateway_02.png	173982
maximo-labs	main	blob	MkDocs/monitor_managed_gw_modbus_9.1/docs/img/create_gateway_03.png	123790
maximo-labs	main	blob	MkDocs/monitor_managed_gw_modbus_9.1/docs/img/create_gateway_04.png	73753
maximo-labs	main	blob	MkDocs/monitor_managed_gw_modbus_9.1/docs/img/create_gateway_05.png	118252
maximo-labs	main	blob	MkDocs/monitor_managed_gw_modbus_9.1/docs/img/deploy_dashboard_01.png	215584
maximo-labs	main	blob	MkDocs/monitor_managed_gw_modbus_9.1/docs/img/deploy_dashboard_02.png	116110
maximo-labs	main	blob	MkDocs/monitor_managed_gw_modbus_9.1/docs/img/deploy_dashboard_03.png	237109
maximo-labs	main	blob	MkDocs/monitor_managed_gw_modbus_9.1/docs/img/deploy_dashboard_04.png	116693
maximo-labs	main	blob	MkDocs/monitor_managed_gw_modbus_9.1/docs/img/deploy_dashboard_05.png	80133
maximo-labs	main	blob	MkDocs/monitor_managed_gw_modbus_9.1/docs/img/deploy_dashboard_06.png	79744
maximo-labs	main	blob	MkDocs/monitor_managed_gw_modbus_9.1/docs/img/deploy_dashboard_07.png	84640
maximo-labs	main	blob	MkDocs/monitor_managed_gw_modbus_9.1/docs/img/deploy_dashboard_08.png	115166
maximo-labs	main	blob	MkDocs/monitor_managed_gw_modbus_9.1/docs/img/deploy_dashboard_09.png	146961
maximo-labs	main	blob	MkDocs/monitor_managed_gw_modbus_9.1/docs/img/deploy_dashboard_10.png	171548
maximo-labs	main	blob	MkDocs/monitor_managed_gw_modbus_9.1/docs/img/deploy_dashboard_11.png	155611
maximo-labs	main	blob	MkDocs/monitor_managed_gw_modbus_9.1/docs/img/deploy_monitor_01.png	175857
maximo-labs	main	blob	MkDocs/monitor_managed_gw_modbus_9.1/docs/img/deploy_monitor_03.png	77682
maximo-labs	main	blob	MkDocs/monitor_managed_gw_modbus_9.1/docs/img/deploy_monitor_04.png	176630
maximo-labs	main	blob	MkDocs/monitor_managed_gw_modbus_9.1/docs/img/deploy_monitor_05.png	107945
maximo-labs	main	blob	MkDocs/monitor_managed_gw_modbus_9.1/docs/img/deploy_monitor_06.png	199028
maximo-labs	main	blob	MkDocs/monitor_managed_gw_modbus_9.1/docs/img/deploy_monitor_07.png	169003
maximo-labs	main	blob	MkDocs/monitor_managed_gw_modbus_9.1/docs/img/deploy_monitor_08.png	166260
maximo-labs	main	blob	MkDocs/monitor_managed_gw_modbus_9.1/docs/img/deploy_monitor_09.png	131152
maximo-labs	main	blob	MkDocs/monitor_managed_gw_modbus_9.1/docs/img/deploy_verify_01.png	148456
maximo-labs	main	blob	MkDocs/monitor_managed_gw_modbus_9.1/docs/img/deploy_verify_02.png	227008
maximo-labs	main	blob	MkDocs/monitor_managed_gw_modbus_9.1/docs/img/deploy_verify_03.png	104776
maximo-labs	main	blob	MkDocs/monitor_managed_gw_modbus_9.1/docs/img/deploy_verify_04.png	74598
maximo-labs	main	blob	MkDocs/monitor_managed_gw_modbus_9.1/docs/img/deploy_verify_05.png	110573
maximo-labs	main	blob	MkDocs/monitor_managed_gw_modbus_9.1/docs/img/index_01.png	137961
maximo-labs	main	blob	MkDocs/monitor_managed_gw_modbus_9.1/docs/img/index_02.png	155723
maximo-labs	main	blob	MkDocs/monitor_managed_gw_modbus_9.1/docs/img/monitor_metrics_1.png	219016
maximo-labs	main	blob	MkDocs/monitor_managed_gw_modbus_9.1/docs/img/setup_01.png	58857
maximo-labs	main	blob	MkDocs/monitor_managed_gw_modbus_9.1/docs/img/setup_02.png	46759
maximo-labs	main	blob	MkDocs/monitor_managed_gw_modbus_9.1/docs/img/setup_03.png	61453
maximo-labs	main	blob	MkDocs/monitor_managed_gw_modbus_9.1/docs/index.md	1026
maximo-labs	main	blob	MkDocs/monitor_managed_gw_modbus_9.1/docs/prereqs.md	1405
maximo-labs	main	blob	MkDocs/monitor_managed_gw_modbus_9.1/docs/re-deploy.md	3570
maximo-labs	main	blob	MkDocs/monitor_managed_gw_modbus_9.1/docs/release_notes.md	511
maximo-labs	main	blob	MkDocs/monitor_managed_gw_modbus_9.1/docs/setup_simulator.md	1252
maximo-labs	main	blob	MkDocs/monitor_managed_gw_modbus_9.1/mkdocs.yml	1113
maximo-labs	main	tree	MkDocs/monitor_managed_gw_opcua_9.0	
maximo-labs	main	tree	MkDocs/monitor_managed_gw_opcua_9.0/docs	
maximo-labs	main	blob	MkDocs/monitor_managed_gw_opcua_9.0/docs/add_device.md	2105
maximo-labs	main	blob	MkDocs/monitor_managed_gw_opcua_9.0/docs/create_gateway.md	3487
maximo-labs	main	blob	MkDocs/monitor_managed_gw_opcua_9.0/docs/deploy.md	3838
maximo-labs	main	tree	MkDocs/monitor_managed_gw_opcua_9.0/docs/img	
maximo-labs	main	blob	MkDocs/monitor_managed_gw_opcua_9.0/docs/img/add_device_01.png	118400
maximo-labs	main	blob	MkDocs/monitor_managed_gw_opcua_9.0/docs/img/add_device_02.png	100975
maximo-labs	main	blob	MkDocs/monitor_managed_gw_opcua_9.0/docs/img/add_device_03.png	71487
maximo-labs	main	blob	MkDocs/monitor_managed_gw_opcua_9.0/docs/img/add_device_04.png	116190
maximo-labs	main	blob	MkDocs/monitor_managed_gw_opcua_9.0/docs/img/add_device_05.png	123871
maximo-labs	main	blob	MkDocs/monitor_managed_gw_opcua_9.0/docs/img/add_device_06.png	34025
maximo-labs	main	blob	MkDocs/monitor_managed_gw_opcua_9.0/docs/img/add_device_07.png	95797
maximo-labs	main	blob	MkDocs/monitor_managed_gw_opcua_9.0/docs/img/add_device_08.png	139964
maximo-labs	main	blob	MkDocs/monitor_managed_gw_opcua_9.0/docs/img/add_device_09.png	72213
maximo-labs	main	blob	MkDocs/monitor_managed_gw_opcua_9.0/docs/img/add_device_10.png	126267
maximo-labs	main	blob	MkDocs/monitor_managed_gw_opcua_9.0/docs/img/create_gateway_01.png	149055
maximo-labs	main	blob	MkDocs/monitor_managed_gw_opcua_9.0/docs/img/create_gateway_02.png	143212
maximo-labs	main	blob	MkDocs/monitor_managed_gw_opcua_9.0/docs/img/create_gateway_03.png	115720
maximo-labs	main	blob	MkDocs/monitor_managed_gw_opcua_9.0/docs/img/create_gateway_04.png	75236
maximo-labs	main	blob	MkDocs/monitor_managed_gw_opcua_9.0/docs/img/create_gateway_05.png	119761
maximo-labs	main	blob	MkDocs/monitor_managed_gw_opcua_9.0/docs/img/create_gateway_06.png	86430
maximo-labs	main	blob	MkDocs/monitor_managed_gw_opcua_9.0/docs/img/create_gateway_07.png	107680
maximo-labs	main	blob	MkDocs/monitor_managed_gw_opcua_9.0/docs/img/create_gateway_08.png	90119
maximo-labs	main	blob	MkDocs/monitor_managed_gw_opcua_9.0/docs/img/create_gateway_09.png	104459
maximo-labs	main	blob	MkDocs/monitor_managed_gw_opcua_9.0/docs/img/create_gateway_10.png	80274
maximo-labs	main	blob	MkDocs/monitor_managed_gw_opcua_9.0/docs/img/create_gateway_11.png	77714
maximo-labs	main	blob	MkDocs/monitor_managed_gw_opcua_9.0/docs/img/create_gateway_12.png	137412
maximo-labs	main	blob	MkDocs/monitor_managed_gw_opcua_9.0/docs/img/create_gateway_13.png	113402
maximo-labs	main	blob	MkDocs/monitor_managed_gw_opcua_9.0/docs/img/deploy_verify_01.png	142830
maximo-labs	main	blob	MkDocs/monitor_managed_gw_opcua_9.0/docs/img/deploy_verify_02.png	199974
maximo-labs	main	blob	MkDocs/monitor_managed_gw_opcua_9.0/docs/img/deploy_verify_03.png	35743
maximo-labs	main	blob	MkDocs/monitor_managed_gw_opcua_9.0/docs/img/deploy_verify_04.png	117692
maximo-labs	main	blob	MkDocs/monitor_managed_gw_opcua_9.0/docs/img/deploy_verify_05.png	131885
maximo-labs	main	blob	MkDocs/monitor_managed_gw_opcua_9.0/docs/img/deploy_verify_06.png	170833
maximo-labs	main	blob	MkDocs/monitor_managed_gw_opcua_9.0/docs/img/deploy_verify_07.png	62303
maximo-labs	main	blob	MkDocs/monitor_managed_gw_opcua_9.0/docs/img/deploy_verify_08.png	63598
maximo-labs	main	blob	MkDocs/monitor_managed_gw_opcua_9.0/docs/img/deploy_verify_09.png	109188
maximo-labs	main	blob	MkDocs/monitor_managed_gw_opcua_9.0/docs/img/deploy_verify_10.png	128055
maximo-labs	main	blob	MkDocs/monitor_managed_gw_opcua_9.0/docs/img/index_01.png	137961
maximo-labs	main	blob	MkDocs/monitor_managed_gw_opcua_9.0/docs/img/index_02.png	187824
maximo-labs	main	blob	MkDocs/monitor_managed_gw_opcua_9.0/docs/img/setup_01.png	171753
maximo-labs	main	blob	MkDocs/monitor_managed_gw_opcua_9.0/docs/img/setup_02.png	204290
maximo-labs	main	blob	MkDocs/monitor_managed_gw_opcua_9.0/docs/img/setup_03.png	133681
maximo-labs	main	blob	MkDocs/monitor_managed_gw_opcua_9.0/docs/index.md	1632
maximo-labs	main	blob	MkDocs/monitor_managed_gw_opcua_9.0/docs/prereqs.md	1533
maximo-labs	main	blob	MkDocs/monitor_managed_gw_opcua_9.0/docs/release_notes.md	577
maximo-labs	main	blob	MkDocs/monitor_managed_gw_opcua_9.0/docs/setup_simulator.md	2705
maximo-labs	main	blob	MkDocs/monitor_managed_gw_opcua_9.0/mkdocs.yml	981
maximo-labs	main	tree	MkDocs/monitor_managed_gw_opcua_9.1	
maximo-labs	main	tree	MkDocs/monitor_managed_gw_opcua_9.1/docs	
maximo-labs	main	blob	MkDocs/monitor_managed_gw_opcua_9.1/docs/add_device.md	2488
maximo-labs	main	blob	MkDocs/monitor_managed_gw_opcua_9.1/docs/create_gateway.md	3061
maximo-labs	main	blob	MkDocs/monitor_managed_gw_opcua_9.1/docs/deploy.md	2878
maximo-labs	main	tree	MkDocs/monitor_managed_gw_opcua_9.1/docs/img	
maximo-labs	main	blob	MkDocs/monitor_managed_gw_opcua_9.1/docs/img/2025-06-24_17-59-58.png	125254
maximo-labs	main	blob	MkDocs/monitor_managed_gw_opcua_9.1/docs/img/add_device_01.png	110980
maximo-labs	main	blob	MkDocs/monitor_managed_gw_opcua_9.1/docs/img/add_device_02.png	81519
maximo-labs	main	blob	MkDocs/monitor_managed_gw_opcua_9.1/docs/img/add_device_03.png	80509
maximo-labs	main	blob	MkDocs/monitor_managed_gw_opcua_9.1/docs/img/add_device_04.png	117205
maximo-labs	main	blob	MkDocs/monitor_managed_gw_opcua_9.1/docs/img/add_device_05.png	128533
maximo-labs	main	blob	MkDocs/monitor_managed_gw_opcua_9.1/docs/img/add_device_06.png	33660
maximo-labs	main	blob	MkDocs/monitor_managed_gw_opcua_9.1/docs/img/add_device_07.png	96536
maximo-labs	main	blob	MkDocs/monitor_managed_gw_opcua_9.1/docs/img/add_device_08.png	139294
maximo-labs	main	blob	MkDocs/monitor_managed_gw_opcua_9.1/docs/img/add_device_09.png	71221
maximo-labs	main	blob	MkDocs/monitor_managed_gw_opcua_9.1/docs/img/add_device_10.png	129653
maximo-labs	main	blob	MkDocs/monitor_managed_gw_opcua_9.1/docs/img/create_gateway_01.png	150866
maximo-labs	main	blob	MkDocs/monitor_managed_gw_opcua_9.1/docs/img/create_gateway_02.png	128980
maximo-labs	main	blob	MkDocs/monitor_managed_gw_opcua_9.1/docs/img/create_gateway_03.png	103085
maximo-labs	main	blob	MkDocs/monitor_managed_gw_opcua_9.1/docs/img/create_gateway_04.png	76193
maximo-labs	main	blob	MkDocs/monitor_managed_gw_opcua_9.1/docs/img/create_gateway_05.png	116564
maximo-labs	main	blob	MkDocs/monitor_managed_gw_opcua_9.1/docs/img/create_gateway_06.png	82625
maximo-labs	main	blob	MkDocs/monitor_managed_gw_opcua_9.1/docs/img/create_gateway_07.png	106410
maximo-labs	main	blob	MkDocs/monitor_managed_gw_opcua_9.1/docs/img/create_gateway_08.png	89780
maximo-labs	main	blob	MkDocs/monitor_managed_gw_opcua_9.1/docs/img/create_gateway_09.png	99193
maximo-labs	main	blob	MkDocs/monitor_managed_gw_opcua_9.1/docs/img/create_gateway_10.png	85849
maximo-labs	main	blob	MkDocs/monitor_managed_gw_opcua_9.1/docs/img/create_gateway_11.png	78464
maximo-labs	main	blob	MkDocs/monitor_managed_gw_opcua_9.1/docs/img/create_gateway_12.png	143398
maximo-labs	main	blob	MkDocs/monitor_managed_gw_opcua_9.1/docs/img/create_gateway_13.png	120633
maximo-labs	main	blob	MkDocs/monitor_managed_gw_opcua_9.1/docs/img/deploy_verify_01.png	158242
maximo-labs	main	blob	MkDocs/monitor_managed_gw_opcua_9.1/docs/img/deploy_verify_02.png	197703
maximo-labs	main	blob	MkDocs/monitor_managed_gw_opcua_9.1/docs/img/deploy_verify_03.png	118771
maximo-labs	main	blob	MkDocs/monitor_managed_gw_opcua_9.1/docs/img/deploy_verify_04.png	77105
maximo-labs	main	blob	MkDocs/monitor_managed_gw_opcua_9.1/docs/img/deploy_verify_05.png	125459
maximo-labs	main	blob	MkDocs/monitor_managed_gw_opcua_9.1/docs/img/deploy_verify_06.png	137880
maximo-labs	main	blob	MkDocs/monitor_managed_gw_opcua_9.1/docs/img/index_01.png	137961
maximo-labs	main	blob	MkDocs/monitor_managed_gw_opcua_9.1/docs/img/index_02.png	187824
maximo-labs	main	blob	MkDocs/monitor_managed_gw_opcua_9.1/docs/img/setup_01.png	171753
maximo-labs	main	blob	MkDocs/monitor_managed_gw_opcua_9.1/docs/img/setup_02.png	204290
maximo-labs	main	blob	MkDocs/monitor_managed_gw_opcua_9.1/docs/img/setup_03.png	133681
maximo-labs	main	blob	MkDocs/monitor_managed_gw_opcua_9.1/docs/index.md	984
maximo-labs	main	blob	MkDocs/monitor_managed_gw_opcua_9.1/docs/prereqs.md	1405
maximo-labs	main	blob	MkDocs/monitor_managed_gw_opcua_9.1/docs/release_notes.md	491
maximo-labs	main	blob	MkDocs/monitor_managed_gw_opcua_9.1/docs/setup_simulator.md	2705
maximo-labs	main	blob	MkDocs/monitor_managed_gw_opcua_9.1/mkdocs.yml	987
maximo-labs	main	tree	MkDocs/monitor_meter_metric_mapping_9.1	
maximo-labs	main	tree	MkDocs/monitor_meter_metric_mapping_9.1/docs	
maximo-labs	main	blob	MkDocs/monitor_meter_metric_mapping_9.1/docs/delete.md	924
maximo-labs	main	blob	MkDocs/monitor_meter_metric_mapping_9.1/docs/edit.md	1046
maximo-labs	main	tree	MkDocs/monitor_meter_metric_mapping_9.1/docs/img	
maximo-labs	main	blob	MkDocs/monitor_meter_metric_mapping_9.1/docs/img/accessing_01.png	328493
maximo-labs	main	blob	MkDocs/monitor_meter_metric_mapping_9.1/docs/img/accessing_02.png	265264
maximo-labs	main	blob	MkDocs/monitor_meter_metric_mapping_9.1/docs/img/accessing_03.png	256829
maximo-labs	main	blob	MkDocs/monitor_meter_metric_mapping_9.1/docs/img/accessing_04.png	267234
maximo-labs	main	blob	MkDocs/monitor_meter_metric_mapping_9.1/docs/img/architecture.png	147861
maximo-labs	main	blob	MkDocs/monitor_meter_metric_mapping_9.1/docs/img/create_meter_01.png	436720
maximo-labs	main	blob	MkDocs/monitor_meter_metric_mapping_9.1/docs/img/create_meter_02.png	427971
maximo-labs	main	blob	MkDocs/monitor_meter_metric_mapping_9.1/docs/img/create_meter_03.png	463145
maximo-labs	main	blob	MkDocs/monitor_meter_metric_mapping_9.1/docs/img/create_meter_04.png	431752
maximo-labs	main	blob	MkDocs/monitor_meter_metric_mapping_9.1/docs/img/create_meter_05.png	491518
maximo-labs	main	blob	MkDocs/monitor_meter_metric_mapping_9.1/docs/img/create_meter_06.png	447144
maximo-labs	main	blob	MkDocs/monitor_meter_metric_mapping_9.1/docs/img/delete_01.png	252591
maximo-labs	main	blob	MkDocs/monitor_meter_metric_mapping_9.1/docs/img/delete_02.png	257506
maximo-labs	main	blob	MkDocs/monitor_meter_metric_mapping_9.1/docs/img/device_01.png	387548
maximo-labs	main	blob	MkDocs/monitor_meter_metric_mapping_9.1/docs/img/edit_01.png	257609
maximo-labs	main	blob	MkDocs/monitor_meter_metric_mapping_9.1/docs/img/edit_02.png	259811
maximo-labs	main	blob	MkDocs/monitor_meter_metric_mapping_9.1/docs/img/edit_03.png	265859
maximo-labs	main	blob	MkDocs/monitor_meter_metric_mapping_9.1/docs/img/setup_01.png	423749
maximo-labs	main	blob	MkDocs/monitor_meter_metric_mapping_9.1/docs/img/setup_02.png	195694
maximo-labs	main	blob	MkDocs/monitor_meter_metric_mapping_9.1/docs/img/setup_03.png	238423
maximo-labs	main	blob	MkDocs/monitor_meter_metric_mapping_9.1/docs/img/setup_04.png	237727
maximo-labs	main	blob	MkDocs/monitor_meter_metric_mapping_9.1/docs/img/setup_05.png	295784
maximo-labs	main	blob	MkDocs/monitor_meter_metric_mapping_9.1/docs/img/setup_06.png	257422
maximo-labs	main	blob	MkDocs/monitor_meter_metric_mapping_9.1/docs/img/setup_07.png	243831
maximo-labs	main	blob	MkDocs/monitor_meter_metric_mapping_9.1/docs/img/setup_08.png	435990
maximo-labs	main	blob	MkDocs/monitor_meter_metric_mapping_9.1/docs/img/setup_09.png	215514
maximo-labs	main	blob	MkDocs/monitor_meter_metric_mapping_9.1/docs/img/toggle_01.png	253061
maximo-labs	main	blob	MkDocs/monitor_meter_metric_mapping_9.1/docs/img/toggle_02.png	255900
maximo-labs	main	blob	MkDocs/monitor_meter_metric_mapping_9.1/docs/img/toggle_03.png	240880
maximo-labs	main	blob	MkDocs/monitor_meter_metric_mapping_9.1/docs/img/toggle_04.png	252817
maximo-labs	main	blob	MkDocs/monitor_meter_metric_mapping_9.1/docs/img/toggle_05.png	254829
maximo-labs	main	blob	MkDocs/monitor_meter_metric_mapping_9.1/docs/img/toggle_06.png	236949
maximo-labs	main	blob	MkDocs/monitor_meter_metric_mapping_9.1/docs/img/view_meter_data_01.png	358655
maximo-labs	main	blob	MkDocs/monitor_meter_metric_mapping_9.1/docs/img/view_meter_data_02.png	354815
maximo-labs	main	blob	MkDocs/monitor_meter_metric_mapping_9.1/docs/img/view_meter_data_03.png	453540
maximo-labs	main	blob	MkDocs/monitor_meter_metric_mapping_9.1/docs/img/view_meter_data_04.png	591367
maximo-labs	main	blob	MkDocs/monitor_meter_metric_mapping_9.1/docs/img/view_meter_data_05.png	346163
maximo-labs	main	blob	MkDocs/monitor_meter_metric_mapping_9.1/docs/index.md	789
maximo-labs	main	blob	MkDocs/monitor_meter_metric_mapping_9.1/docs/prereqs.md	3092
maximo-labs	main	blob	MkDocs/monitor_meter_metric_mapping_9.1/docs/release_notes.md	395
maximo-labs	main	blob	MkDocs/monitor_meter_metric_mapping_9.1/docs/setup.md	2344
maximo-labs	main	blob	MkDocs/monitor_meter_metric_mapping_9.1/docs/toggle_sync.md	1716
maximo-labs	main	blob	MkDocs/monitor_meter_metric_mapping_9.1/docs/view_meter_data.md	1402
maximo-labs	main	blob	MkDocs/monitor_meter_metric_mapping_9.1/mkdocs.yml	1035
maximo-labs	main	tree	MkDocs/monitor_modbus_custom_device_9.1	
maximo-labs	main	tree	MkDocs/monitor_modbus_custom_device_9.1/docs	
maximo-labs	main	blob	MkDocs/monitor_modbus_custom_device_9.1/docs/add_device_using_CSV.md	6816
maximo-labs	main	blob	MkDocs/monitor_modbus_custom_device_9.1/docs/create_gateway_with_device.md	4353
maximo-labs	main	blob	MkDocs/monitor_modbus_custom_device_9.1/docs/deploy.md	2983
maximo-labs	main	tree	MkDocs/monitor_modbus_custom_device_9.1/docs/img	
maximo-labs	main	blob	MkDocs/monitor_modbus_custom_device_9.1/docs/img/add_device_01.png	94555
maximo-labs	main	blob	MkDocs/monitor_modbus_custom_device_9.1/docs/img/add_device_02.png	114938
maximo-labs	main	blob	MkDocs/monitor_modbus_custom_device_9.1/docs/img/add_device_03.png	84784
maximo-labs	main	blob	MkDocs/monitor_modbus_custom_device_9.1/docs/img/add_device_04.png	67224
maximo-labs	main	blob	MkDocs/monitor_modbus_custom_device_9.1/docs/img/add_device_05.png	60343
maximo-labs	main	blob	MkDocs/monitor_modbus_custom_device_9.1/docs/img/add_device_06.png	67135
maximo-labs	main	blob	MkDocs/monitor_modbus_custom_device_9.1/docs/img/add_device_07.png	68694
maximo-labs	main	blob	MkDocs/monitor_modbus_custom_device_9.1/docs/img/add_device_08.png	65281
maximo-labs	main	blob	MkDocs/monitor_modbus_custom_device_9.1/docs/img/add_device_09.png	91615
maximo-labs	main	blob	MkDocs/monitor_modbus_custom_device_9.1/docs/img/add_device_10.png	81900
maximo-labs	main	blob	MkDocs/monitor_modbus_custom_device_9.1/docs/img/add_device_11.png	79236
maximo-labs	main	blob	MkDocs/monitor_modbus_custom_device_9.1/docs/img/create_gateway_01.png	142903
maximo-labs	main	blob	MkDocs/monitor_modbus_custom_device_9.1/docs/img/create_gateway_02.png	173982
maximo-labs	main	blob	MkDocs/monitor_modbus_custom_device_9.1/docs/img/create_gateway_03.png	67936
maximo-labs	main	blob	MkDocs/monitor_modbus_custom_device_9.1/docs/img/create_gateway_04.png	64705
maximo-labs	main	blob	MkDocs/monitor_modbus_custom_device_9.1/docs/img/create_gateway_05.png	108055
maximo-labs	main	blob	MkDocs/monitor_modbus_custom_device_9.1/docs/img/deploy_verify_01.png	136708
maximo-labs	main	blob	MkDocs/monitor_modbus_custom_device_9.1/docs/img/deploy_verify_02.png	194874
maximo-labs	main	blob	MkDocs/monitor_modbus_custom_device_9.1/docs/img/deploy_verify_03.png	59262
maximo-labs	main	blob	MkDocs/monitor_modbus_custom_device_9.1/docs/img/deploy_verify_04.png	48977
maximo-labs	main	blob	MkDocs/monitor_modbus_custom_device_9.1/docs/img/deploy_verify_05.png	78895
maximo-labs	main	blob	MkDocs/monitor_modbus_custom_device_9.1/docs/img/deploy_verify_06.png	94392
maximo-labs	main	blob	MkDocs/monitor_modbus_custom_device_9.1/docs/img/device_library_01.png	100441
maximo-labs	main	blob	MkDocs/monitor_modbus_custom_device_9.1/docs/img/device_library_02.png	98074
maximo-labs	main	blob	MkDocs/monitor_modbus_custom_device_9.1/docs/img/device_library_03.png	65115
maximo-labs	main	blob	MkDocs/monitor_modbus_custom_device_9.1/docs/img/device_library_04.png	69695
maximo-labs	main	blob	MkDocs/monitor_modbus_custom_device_9.1/docs/img/device_library_05.png	91155
maximo-labs	main	blob	MkDocs/monitor_modbus_custom_device_9.1/docs/img/device_library_06.png	31609
maximo-labs	main	blob	MkDocs/monitor_modbus_custom_device_9.1/docs/img/device_library_07.png	137594
maximo-labs	main	blob	MkDocs/monitor_modbus_custom_device_9.1/docs/img/device_library_08.png	102087
maximo-labs	main	blob	MkDocs/monitor_modbus_custom_device_9.1/docs/img/device_library_09.png	73214
maximo-labs	main	blob	MkDocs/monitor_modbus_custom_device_9.1/docs/img/device_library_10.png	54825
maximo-labs	main	blob	MkDocs/monitor_modbus_custom_device_9.1/docs/img/device_library_11.png	111677
maximo-labs	main	blob	MkDocs/monitor_modbus_custom_device_9.1/docs/img/device_library_11_1.png	117282
maximo-labs	main	blob	MkDocs/monitor_modbus_custom_device_9.1/docs/img/device_library_12.png	83521
maximo-labs	main	blob	MkDocs/monitor_modbus_custom_device_9.1/docs/img/device_library_13.png	98546
maximo-labs	main	blob	MkDocs/monitor_modbus_custom_device_9.1/docs/img/device_library_14.png	107880
maximo-labs	main	blob	MkDocs/monitor_modbus_custom_device_9.1/docs/img/index_01.png	137961
maximo-labs	main	blob	MkDocs/monitor_modbus_custom_device_9.1/docs/img/index_02.png	155723
maximo-labs	main	blob	MkDocs/monitor_modbus_custom_device_9.1/docs/img/setup_01.png	58857
maximo-labs	main	blob	MkDocs/monitor_modbus_custom_device_9.1/docs/img/setup_02.png	46759
maximo-labs	main	blob	MkDocs/monitor_modbus_custom_device_9.1/docs/img/setup_03.png	61453
maximo-labs	main	blob	MkDocs/monitor_modbus_custom_device_9.1/docs/index.md	794
maximo-labs	main	blob	MkDocs/monitor_modbus_custom_device_9.1/docs/prereqs.md	1405
maximo-labs	main	blob	MkDocs/monitor_modbus_custom_device_9.1/docs/release_notes.md	403
maximo-labs	main	blob	MkDocs/monitor_modbus_custom_device_9.1/docs/setup_simulator.md	1252
maximo-labs	main	blob	MkDocs/monitor_modbus_custom_device_9.1/mkdocs.yml	1026
maximo-labs	main	tree	MkDocs/monitor_modbus_simulator	
maximo-labs	main	tree	MkDocs/monitor_modbus_simulator/docs	
maximo-labs	main	tree	MkDocs/monitor_modbus_simulator/docs/config	
maximo-labs	main	blob	MkDocs/monitor_modbus_simulator/docs/config/flows.json	47934
maximo-labs	main	blob	MkDocs/monitor_modbus_simulator/docs/docker.md	1956
maximo-labs	main	tree	MkDocs/monitor_modbus_simulator/docs/img	
maximo-labs	main	blob	MkDocs/monitor_modbus_simulator/docs/img/docker_01.png	121115
maximo-labs	main	blob	MkDocs/monitor_modbus_simulator/docs/img/docker_02.png	140961
maximo-labs	main	blob	MkDocs/monitor_modbus_simulator/docs/img/nodered_01.png	38315
maximo-labs	main	blob	MkDocs/monitor_modbus_simulator/docs/img/nodered_02.png	58573
maximo-labs	main	blob	MkDocs/monitor_modbus_simulator/docs/img/nodered_03.png	25353
maximo-labs	main	blob	MkDocs/monitor_modbus_simulator/docs/img/nodered_04.png	39152
maximo-labs	main	blob	MkDocs/monitor_modbus_simulator/docs/img/nodered_05.png	36764
maximo-labs	main	blob	MkDocs/monitor_modbus_simulator/docs/img/nodered_06.png	57999
maximo-labs	main	blob	MkDocs/monitor_modbus_simulator/docs/img/nodered_07.png	431643
maximo-labs	main	blob	MkDocs/monitor_modbus_simulator/docs/img/nodered_08.png	51088
maximo-labs	main	blob	MkDocs/monitor_modbus_simulator/docs/img/nodered_09.png	213706
maximo-labs	main	blob	MkDocs/monitor_modbus_simulator/docs/img/nodered_10.png	9118
maximo-labs	main	blob	MkDocs/monitor_modbus_simulator/docs/index.md	3375
maximo-labs	main	blob	MkDocs/monitor_modbus_simulator/docs/node-red.md	2700
maximo-labs	main	blob	MkDocs/monitor_modbus_simulator/docs/prereqs.md	758
maximo-labs	main	blob	MkDocs/monitor_modbus_simulator/docs/release_notes.md	929
maximo-labs	main	blob	MkDocs/monitor_modbus_simulator/mkdocs.yml	859
maximo-labs	main	tree	MkDocs/monitor_nodered_csv_importer_2.0	
maximo-labs	main	tree	MkDocs/monitor_nodered_csv_importer_2.0/docs	
maximo-labs	main	tree	MkDocs/monitor_nodered_csv_importer_2.0/docs/img	
maximo-labs	main	blob	MkDocs/monitor_nodered_csv_importer_2.0/docs/img/Setup_01.png	39112
maximo-labs	main	blob	MkDocs/monitor_nodered_csv_importer_2.0/docs/img/Setup_02.png	59415
maximo-labs	main	blob	MkDocs/monitor_nodered_csv_importer_2.0/docs/img/Setup_03.png	32889
maximo-labs	main	blob	MkDocs/monitor_nodered_csv_importer_2.0/docs/img/Setup_04.png	38115
maximo-labs	main	blob	MkDocs/monitor_nodered_csv_importer_2.0/docs/img/add_device_gateway.png	51238
maximo-labs	main	blob	MkDocs/monitor_nodered_csv_importer_2.0/docs/img/connected_device.png	8418
maximo-labs	main	blob	MkDocs/monitor_nodered_csv_importer_2.0/docs/img/connected_gateway.png	8562
maximo-labs	main	blob	MkDocs/monitor_nodered_csv_importer_2.0/docs/img/create_gateway.png	191176
maximo-labs	main	blob	MkDocs/monitor_nodered_csv_importer_2.0/docs/img/dashboard_choose.png	17412
maximo-labs	main	blob	MkDocs/monitor_nodered_csv_importer_2.0/docs/img/dashboard_launch.png	15580
maximo-labs	main	blob	MkDocs/monitor_nodered_csv_importer_2.0/docs/img/data_table.png	92398
maximo-labs	main	blob	MkDocs/monitor_nodered_csv_importer_2.0/docs/img/data_table_devices.png	122155
maximo-labs	main	blob	MkDocs/monitor_nodered_csv_importer_2.0/docs/img/device_credentials.png	55157
maximo-labs	main	blob	MkDocs/monitor_nodered_csv_importer_2.0/docs/img/device_list.png	52404
maximo-labs	main	blob	MkDocs/monitor_nodered_csv_importer_2.0/docs/img/gateway_run.png	46506
maximo-labs	main	blob	MkDocs/monitor_nodered_csv_importer_2.0/docs/img/launch_dashboard.png	74203
maximo-labs	main	blob	MkDocs/monitor_nodered_csv_importer_2.0/docs/img/navigate_to_setup.png	20920
maximo-labs	main	blob	MkDocs/monitor_nodered_csv_importer_2.0/docs/img/select_iot.png	10948
maximo-labs	main	blob	MkDocs/monitor_nodered_csv_importer_2.0/docs/img/set_device_type.png	30949
maximo-labs	main	blob	MkDocs/monitor_nodered_csv_importer_2.0/docs/img/single_device_dashboard.png	327507
maximo-labs	main	blob	MkDocs/monitor_nodered_csv_importer_2.0/docs/img/single_device_run.png	24609
maximo-labs	main	blob	MkDocs/monitor_nodered_csv_importer_2.0/docs/img/solar_metrics.png	89952
maximo-labs	main	blob	MkDocs/monitor_nodered_csv_importer_2.0/docs/img/solarpanel_metrics.png	51846
maximo-labs	main	blob	MkDocs/monitor_nodered_csv_importer_2.0/docs/img/summary_dashboard.png	140421
maximo-labs	main	blob	MkDocs/monitor_nodered_csv_importer_2.0/docs/img/upload_csv_multiple_devices.png	31217
maximo-labs	main	blob	MkDocs/monitor_nodered_csv_importer_2.0/docs/img/upload_csv_single_device.png	25750
maximo-labs	main	blob	MkDocs/monitor_nodered_csv_importer_2.0/docs/index.md	640
maximo-labs	main	blob	MkDocs/monitor_nodered_csv_importer_2.0/docs/prereqs.md	727
maximo-labs	main	blob	MkDocs/monitor_nodered_csv_importer_2.0/docs/release_notes.md	846
maximo-labs	main	blob	MkDocs/monitor_nodered_csv_importer_2.0/docs/setup.md	1805
maximo-labs	main	blob	MkDocs/monitor_nodered_csv_importer_2.0/docs/setup_device.md	5618
maximo-labs	main	blob	MkDocs/monitor_nodered_csv_importer_2.0/docs/setup_gateway.md	7555
maximo-labs	main	blob	MkDocs/monitor_nodered_csv_importer_2.0/mkdocs.yml	993
maximo-labs	main	tree	MkDocs/monitor_parent_level_aggregation_9.1	
maximo-labs	main	tree	MkDocs/monitor_parent_level_aggregation_9.1/docs	
maximo-labs	main	blob	MkDocs/monitor_parent_level_aggregation_9.1/docs/aggregation_across_hierarchy.md	2866
maximo-labs	main	blob	MkDocs/monitor_parent_level_aggregation_9.1/docs/create_asset_dashboard.md	3844
maximo-labs	main	blob	MkDocs/monitor_parent_level_aggregation_9.1/docs/explore_card_types.md	7260
maximo-labs	main	tree	MkDocs/monitor_parent_level_aggregation_9.1/docs/img	
maximo-labs	main	blob	MkDocs/monitor_parent_level_aggregation_9.1/docs/img/assign_device_01.png	195951
maximo-labs	main	blob	MkDocs/monitor_parent_level_aggregation_9.1/docs/img/assign_device_02.png	277420
maximo-labs	main	blob	MkDocs/monitor_parent_level_aggregation_9.1/docs/img/assign_device_03.png	262118
maximo-labs	main	blob	MkDocs/monitor_parent_level_aggregation_9.1/docs/img/create_dashboard_01.png	193259
maximo-labs	main	blob	MkDocs/monitor_parent_level_aggregation_9.1/docs/img/create_dashboard_02.png	217366
maximo-labs	main	blob	MkDocs/monitor_parent_level_aggregation_9.1/docs/img/create_dashboard_03.png	208588
maximo-labs	main	blob	MkDocs/monitor_parent_level_aggregation_9.1/docs/img/create_dashboard_04.png	331534
maximo-labs	main	blob	MkDocs/monitor_parent_level_aggregation_9.1/docs/img/create_dashboard_05.png	431580
maximo-labs	main	blob	MkDocs/monitor_parent_level_aggregation_9.1/docs/img/create_dashboard_06.png	327448
maximo-labs	main	blob	MkDocs/monitor_parent_level_aggregation_9.1/docs/img/create_dashboard_07.png	290719
maximo-labs	main	blob	MkDocs/monitor_parent_level_aggregation_9.1/docs/img/create_dashboard_08.png	357303
maximo-labs	main	blob	MkDocs/monitor_parent_level_aggregation_9.1/docs/img/create_dashboard_09.png	352379
maximo-labs	main	blob	MkDocs/monitor_parent_level_aggregation_9.1/docs/img/image_01.png	222859
maximo-labs	main	blob	MkDocs/monitor_parent_level_aggregation_9.1/docs/img/image_02.png	1687167
maximo-labs	main	blob	MkDocs/monitor_parent_level_aggregation_9.1/docs/img/image_03.png	1673964
maximo-labs	main	blob	MkDocs/monitor_parent_level_aggregation_9.1/docs/img/image_04.png	246878
maximo-labs	main	blob	MkDocs/monitor_parent_level_aggregation_9.1/docs/img/image_05.png	790589
maximo-labs	main	blob	MkDocs/monitor_parent_level_aggregation_9.1/docs/img/org_01.png	368741
maximo-labs	main	blob	MkDocs/monitor_parent_level_aggregation_9.1/docs/img/org_02.png	359464
maximo-labs	main	blob	MkDocs/monitor_parent_level_aggregation_9.1/docs/img/org_03.png	317864
maximo-labs	main	blob	MkDocs/monitor_parent_level_aggregation_9.1/docs/img/org_04.png	528962
maximo-labs	main	blob	MkDocs/monitor_parent_level_aggregation_9.1/docs/img/prereqs_01.png	244250
maximo-labs	main	blob	MkDocs/monitor_parent_level_aggregation_9.1/docs/img/simple_bar_01.png	263760
maximo-labs	main	blob	MkDocs/monitor_parent_level_aggregation_9.1/docs/img/simple_bar_02.png	358550
maximo-labs	main	blob	MkDocs/monitor_parent_level_aggregation_9.1/docs/img/simple_bar_03.png	371353
maximo-labs	main	blob	MkDocs/monitor_parent_level_aggregation_9.1/docs/img/simple_bar_04.png	320885
maximo-labs	main	blob	MkDocs/monitor_parent_level_aggregation_9.1/docs/img/stacked_bar_01.png	215738
maximo-labs	main	blob	MkDocs/monitor_parent_level_aggregation_9.1/docs/img/stacked_bar_02.png	322667
maximo-labs	main	blob	MkDocs/monitor_parent_level_aggregation_9.1/docs/img/stacked_bar_03.png	353123
maximo-labs	main	blob	MkDocs/monitor_parent_level_aggregation_9.1/docs/img/stacked_bar_04.png	309395
maximo-labs	main	blob	MkDocs/monitor_parent_level_aggregation_9.1/docs/img/table_01.png	227533
maximo-labs	main	blob	MkDocs/monitor_parent_level_aggregation_9.1/docs/img/table_02.png	368252
maximo-labs	main	blob	MkDocs/monitor_parent_level_aggregation_9.1/docs/img/table_03.png	293683
maximo-labs	main	blob	MkDocs/monitor_parent_level_aggregation_9.1/docs/img/value_01.png	222834
maximo-labs	main	blob	MkDocs/monitor_parent_level_aggregation_9.1/docs/img/value_02.png	347623
maximo-labs	main	blob	MkDocs/monitor_parent_level_aggregation_9.1/docs/img/value_03.png	273342
maximo-labs	main	blob	MkDocs/monitor_parent_level_aggregation_9.1/docs/img/value_04.png	274772
maximo-labs	main	blob	MkDocs/monitor_parent_level_aggregation_9.1/docs/index.md	1916
maximo-labs	main	blob	MkDocs/monitor_parent_level_aggregation_9.1/docs/prereqs.md	3077
maximo-labs	main	blob	MkDocs/monitor_parent_level_aggregation_9.1/docs/release_notes.md	389
maximo-labs	main	blob	MkDocs/monitor_parent_level_aggregation_9.1/docs/setup_asset.md	2227
maximo-labs	main	blob	MkDocs/monitor_parent_level_aggregation_9.1/mkdocs.yml	1050
maximo-labs	main	tree	MkDocs/monitor_resource_based_access_control_9.1	
maximo-labs	main	tree	MkDocs/monitor_resource_based_access_control_9.1/docs	
maximo-labs	main	blob	MkDocs/monitor_resource_based_access_control_9.1/docs/create_security_groups.md	2679
maximo-labs	main	blob	MkDocs/monitor_resource_based_access_control_9.1/docs/create_users.md	3654
maximo-labs	main	tree	MkDocs/monitor_resource_based_access_control_9.1/docs/css	
maximo-labs	main	blob	MkDocs/monitor_resource_based_access_control_9.1/docs/css/extra.css	1203
maximo-labs	main	blob	MkDocs/monitor_resource_based_access_control_9.1/docs/data_restriction_update.md	15018
maximo-labs	main	tree	MkDocs/monitor_resource_based_access_control_9.1/docs/img	
maximo-labs	main	blob	MkDocs/monitor_resource_based_access_control_9.1/docs/img/asset_location_access.png	125443
maximo-labs	main	blob	MkDocs/monitor_resource_based_access_control_9.1/docs/img/asset_multiple_access_db.png	417963
maximo-labs	main	blob	MkDocs/monitor_resource_based_access_control_9.1/docs/img/asset_multiple_access_setup.png	176169
maximo-labs	main	blob	MkDocs/monitor_resource_based_access_control_9.1/docs/img/asset_multiple_filters.png	369810
maximo-labs	main	blob	MkDocs/monitor_resource_based_access_control_9.1/docs/img/asset_pattern_access_db.png	582385
maximo-labs	main	blob	MkDocs/monitor_resource_based_access_control_9.1/docs/img/asset_pattern_access_setup.png	420348
maximo-labs	main	blob	MkDocs/monitor_resource_based_access_control_9.1/docs/img/asset_single_access_db.png	414023
maximo-labs	main	blob	MkDocs/monitor_resource_based_access_control_9.1/docs/img/asset_single_access_setup.png	142180
maximo-labs	main	blob	MkDocs/monitor_resource_based_access_control_9.1/docs/img/asset_site_access.png	330415
maximo-labs	main	blob	MkDocs/monitor_resource_based_access_control_9.1/docs/img/asset_uuid_access.png	183259
maximo-labs	main	blob	MkDocs/monitor_resource_based_access_control_9.1/docs/img/cecurity_groups_04.png	409985
maximo-labs	main	blob	MkDocs/monitor_resource_based_access_control_9.1/docs/img/create_users_01.png	413171
maximo-labs	main	blob	MkDocs/monitor_resource_based_access_control_9.1/docs/img/create_users_02.png	398152
maximo-labs	main	blob	MkDocs/monitor_resource_based_access_control_9.1/docs/img/create_users_03.png	345833
maximo-labs	main	blob	MkDocs/monitor_resource_based_access_control_9.1/docs/img/create_users_04.png	329591
maximo-labs	main	blob	MkDocs/monitor_resource_based_access_control_9.1/docs/img/create_users_05.png	343602
maximo-labs	main	blob	MkDocs/monitor_resource_based_access_control_9.1/docs/img/create_users_06.png	303664
maximo-labs	main	blob	MkDocs/monitor_resource_based_access_control_9.1/docs/img/create_users_07.png	394721
maximo-labs	main	blob	MkDocs/monitor_resource_based_access_control_9.1/docs/img/create_users_08.png	291069
maximo-labs	main	blob	MkDocs/monitor_resource_based_access_control_9.1/docs/img/create_users_09.png	254256
maximo-labs	main	blob	MkDocs/monitor_resource_based_access_control_9.1/docs/img/create_users_10.png	345037
maximo-labs	main	blob	MkDocs/monitor_resource_based_access_control_9.1/docs/img/data_restriction_01.png	230865
maximo-labs	main	blob	MkDocs/monitor_resource_based_access_control_9.1/docs/img/data_restriction_02.png	208028
maximo-labs	main	blob	MkDocs/monitor_resource_based_access_control_9.1/docs/img/data_restriction_03.png	188340
maximo-labs	main	blob	MkDocs/monitor_resource_based_access_control_9.1/docs/img/data_restriction_04.png	207167
maximo-labs	main	blob	MkDocs/monitor_resource_based_access_control_9.1/docs/img/data_restriction_05.png	260396
maximo-labs	main	blob	MkDocs/monitor_resource_based_access_control_9.1/docs/img/data_restriction_06.png	344662
maximo-labs	main	blob	MkDocs/monitor_resource_based_access_control_9.1/docs/img/data_restriction_07.png	295849
maximo-labs	main	blob	MkDocs/monitor_resource_based_access_control_9.1/docs/img/data_restriction_08.png	269915
maximo-labs	main	blob	MkDocs/monitor_resource_based_access_control_9.1/docs/img/data_restriction_09.png	215777
maximo-labs	main	blob	MkDocs/monitor_resource_based_access_control_9.1/docs/img/data_restriction_10.png	295431
maximo-labs	main	blob	MkDocs/monitor_resource_based_access_control_9.1/docs/img/device_access_denied.png	94115
maximo-labs	main	blob	MkDocs/monitor_resource_based_access_control_9.1/docs/img/device_multiple_types_access_db.png	172457
maximo-labs	main	blob	MkDocs/monitor_resource_based_access_control_9.1/docs/img/device_multiple_types_access_setup.png	227510
maximo-labs	main	blob	MkDocs/monitor_resource_based_access_control_9.1/docs/img/device_pattern_access.png	312941
maximo-labs	main	blob	MkDocs/monitor_resource_based_access_control_9.1/docs/img/device_robot_access_db.png	168503
maximo-labs	main	blob	MkDocs/monitor_resource_based_access_control_9.1/docs/img/device_robot_access_setup.png	173369
maximo-labs	main	blob	MkDocs/monitor_resource_based_access_control_9.1/docs/img/device_uuid_access.png	341040
maximo-labs	main	blob	MkDocs/monitor_resource_based_access_control_9.1/docs/img/device_uuid_access_single.png	199053
maximo-labs	main	blob	MkDocs/monitor_resource_based_access_control_9.1/docs/img/devicetype_access_denied.png	117044
maximo-labs	main	blob	MkDocs/monitor_resource_based_access_control_9.1/docs/img/devicetype_combined_attributes_1.png	175192
maximo-labs	main	blob	MkDocs/monitor_resource_based_access_control_9.1/docs/img/devicetype_combined_attributes_2.png	295027
maximo-labs	main	blob	MkDocs/monitor_resource_based_access_control_9.1/docs/img/devicetype_exclude_pattern_1.png	266295
maximo-labs	main	blob	MkDocs/monitor_resource_based_access_control_9.1/docs/img/devicetype_exclude_pattern_2.png	216006
maximo-labs	main	blob	MkDocs/monitor_resource_based_access_control_9.1/docs/img/devicetype_multiple_access_db.png	269665
maximo-labs	main	blob	MkDocs/monitor_resource_based_access_control_9.1/docs/img/devicetype_multiple_access_setup.png	397980
maximo-labs	main	blob	MkDocs/monitor_resource_based_access_control_9.1/docs/img/devicetype_multiple_patterns.png	432762
maximo-labs	main	blob	MkDocs/monitor_resource_based_access_control_9.1/docs/img/devicetype_patten_access_db.png	575942
maximo-labs	main	blob	MkDocs/monitor_resource_based_access_control_9.1/docs/img/devicetype_patten_access_setup.png	312530
maximo-labs	main	blob	MkDocs/monitor_resource_based_access_control_9.1/docs/img/devicetype_single_access_db.png	265834
maximo-labs	main	blob	MkDocs/monitor_resource_based_access_control_9.1/docs/img/devicetype_single_access_setup.png	394932
maximo-labs	main	blob	MkDocs/monitor_resource_based_access_control_9.1/docs/img/devicetype_uuid_access_db.png	244003
maximo-labs	main	blob	MkDocs/monitor_resource_based_access_control_9.1/docs/img/devicetype_uuid_access_setup.png	203180
maximo-labs	main	blob	MkDocs/monitor_resource_based_access_control_9.1/docs/img/location_id_access_db.png	260648
maximo-labs	main	blob	MkDocs/monitor_resource_based_access_control_9.1/docs/img/location_id_access_setup.png	161695
maximo-labs	main	blob	MkDocs/monitor_resource_based_access_control_9.1/docs/img/location_multiple_access_db.png	236083
maximo-labs	main	blob	MkDocs/monitor_resource_based_access_control_9.1/docs/img/location_multiple_access_setup.png	177365
maximo-labs	main	blob	MkDocs/monitor_resource_based_access_control_9.1/docs/img/location_pattern_access_db.png	409662
maximo-labs	main	blob	MkDocs/monitor_resource_based_access_control_9.1/docs/img/location_pattern_access_hierarchy.png	111602
maximo-labs	main	blob	MkDocs/monitor_resource_based_access_control_9.1/docs/img/location_pattern_access_setup.png	401388
maximo-labs	main	blob	MkDocs/monitor_resource_based_access_control_9.1/docs/img/location_single_access_db.png	148307
maximo-labs	main	blob	MkDocs/monitor_resource_based_access_control_9.1/docs/img/location_single_access_setup.png	206771
maximo-labs	main	blob	MkDocs/monitor_resource_based_access_control_9.1/docs/img/location_various_filters.png	404422
maximo-labs	main	blob	MkDocs/monitor_resource_based_access_control_9.1/docs/img/org_multiple_access_db.png	460048
maximo-labs	main	blob	MkDocs/monitor_resource_based_access_control_9.1/docs/img/org_multiple_access_setup.png	168606
maximo-labs	main	blob	MkDocs/monitor_resource_based_access_control_9.1/docs/img/org_pattern_access_db.png	151946
maximo-labs	main	blob	MkDocs/monitor_resource_based_access_control_9.1/docs/img/org_pattern_access_setup.png	416378
maximo-labs	main	blob	MkDocs/monitor_resource_based_access_control_9.1/docs/img/org_single_access_db.png	408076
maximo-labs	main	blob	MkDocs/monitor_resource_based_access_control_9.1/docs/img/org_single_access_setup.png	143702
maximo-labs	main	blob	MkDocs/monitor_resource_based_access_control_9.1/docs/img/org_uuid_access_db.png	438471
maximo-labs	main	blob	MkDocs/monitor_resource_based_access_control_9.1/docs/img/org_uuid_access_setup.png	178879
maximo-labs	main	blob	MkDocs/monitor_resource_based_access_control_9.1/docs/img/pin_dashboard_asset_1.png	204733
maximo-labs	main	blob	MkDocs/monitor_resource_based_access_control_9.1/docs/img/pin_dashboard_asset_2.png	154376
maximo-labs	main	blob	MkDocs/monitor_resource_based_access_control_9.1/docs/img/pin_dashboard_devicetype_1.png	299803
maximo-labs	main	blob	MkDocs/monitor_resource_based_access_control_9.1/docs/img/pin_dashboard_devicetype_2.png	158424
maximo-labs	main	blob	MkDocs/monitor_resource_based_access_control_9.1/docs/img/pin_dashboard_location.png	115698
maximo-labs	main	blob	MkDocs/monitor_resource_based_access_control_9.1/docs/img/pin_dashboard_multiple_1.png	167542
maximo-labs	main	blob	MkDocs/monitor_resource_based_access_control_9.1/docs/img/pin_dashboard_multiple_2.png	50424
maximo-labs	main	blob	MkDocs/monitor_resource_based_access_control_9.1/docs/img/security_groups_01.png	344980
maximo-labs	main	blob	MkDocs/monitor_resource_based_access_control_9.1/docs/img/security_groups_02.png	302773
maximo-labs	main	blob	MkDocs/monitor_resource_based_access_control_9.1/docs/img/security_groups_03.png	261130
maximo-labs	main	blob	MkDocs/monitor_resource_based_access_control_9.1/docs/img/security_groups_05.png	426035
maximo-labs	main	blob	MkDocs/monitor_resource_based_access_control_9.1/docs/img/security_groups_nav_01.png	330982
maximo-labs	main	blob	MkDocs/monitor_resource_based_access_control_9.1/docs/img/site_multiple_access_db.png	255982
maximo-labs	main	blob	MkDocs/monitor_resource_based_access_control_9.1/docs/img/site_multiple_access_setup.png	252349
maximo-labs	main	blob	MkDocs/monitor_resource_based_access_control_9.1/docs/img/site_pattern_access_db.png	215163
maximo-labs	main	blob	MkDocs/monitor_resource_based_access_control_9.1/docs/img/site_pattern_access_setup.png	257102
maximo-labs	main	blob	MkDocs/monitor_resource_based_access_control_9.1/docs/img/site_single_access_db.png	461199
maximo-labs	main	blob	MkDocs/monitor_resource_based_access_control_9.1/docs/img/site_single_access_setup.png	193397
maximo-labs	main	blob	MkDocs/monitor_resource_based_access_control_9.1/docs/img/system_multiple_access_db.png	408688
maximo-labs	main	blob	MkDocs/monitor_resource_based_access_control_9.1/docs/img/system_multiple_access_setup.png	254971
maximo-labs	main	blob	MkDocs/monitor_resource_based_access_control_9.1/docs/img/system_multiple_filters_option_1.png	264180
maximo-labs	main	blob	MkDocs/monitor_resource_based_access_control_9.1/docs/img/system_multiple_filters_option_2.png	347899
maximo-labs	main	blob	MkDocs/monitor_resource_based_access_control_9.1/docs/img/system_single_access_db.png	240560
maximo-labs	main	blob	MkDocs/monitor_resource_based_access_control_9.1/docs/img/system_single_access_setup.png	318222
maximo-labs	main	blob	MkDocs/monitor_resource_based_access_control_9.1/docs/img/system_uuid_access_db.png	232861
maximo-labs	main	blob	MkDocs/monitor_resource_based_access_control_9.1/docs/img/system_uuid_access_setup.png	309570
maximo-labs	main	blob	MkDocs/monitor_resource_based_access_control_9.1/docs/img/verify_restrictions_01.png	234956
maximo-labs	main	blob	MkDocs/monitor_resource_based_access_control_9.1/docs/img/verify_restrictions_02.png	912466
maximo-labs	main	blob	MkDocs/monitor_resource_based_access_control_9.1/docs/img/verify_restrictions_03.png	417417
maximo-labs	main	blob	MkDocs/monitor_resource_based_access_control_9.1/docs/img/verify_restrictions_04.png	311978
maximo-labs	main	blob	MkDocs/monitor_resource_based_access_control_9.1/docs/img/verify_restrictions_05.png	419171
maximo-labs	main	blob	MkDocs/monitor_resource_based_access_control_9.1/docs/img/verify_restrictions_06.png	446803
maximo-labs	main	blob	MkDocs/monitor_resource_based_access_control_9.1/docs/img/verify_restrictions_07.png	467114
maximo-labs	main	blob	MkDocs/monitor_resource_based_access_control_9.1/docs/img/verify_restrictions_08.png	143358
maximo-labs	main	blob	MkDocs/monitor_resource_based_access_control_9.1/docs/index.md	5616
maximo-labs	main	tree	MkDocs/monitor_resource_based_access_control_9.1/docs/js	
maximo-labs	main	blob	MkDocs/monitor_resource_based_access_control_9.1/docs/js/clipboard.js	26807
maximo-labs	main	blob	MkDocs/monitor_resource_based_access_control_9.1/docs/js/extra.js	928
maximo-labs	main	blob	MkDocs/monitor_resource_based_access_control_9.1/docs/js/popper.min.js	20122
maximo-labs	main	blob	MkDocs/monitor_resource_based_access_control_9.1/docs/js/tippy-bundle.umd.js	934540
maximo-labs	main	blob	MkDocs/monitor_resource_based_access_control_9.1/docs/prereqs.md	1789
maximo-labs	main	blob	MkDocs/monitor_resource_based_access_control_9.1/docs/release_notes.md	401
maximo-labs	main	blob	MkDocs/monitor_resource_based_access_control_9.1/docs/resource_restriction_scenarios.md	46975
maximo-labs	main	blob	MkDocs/monitor_resource_based_access_control_9.1/docs/verify_data_restrictions.md	6769
maximo-labs	main	blob	MkDocs/monitor_resource_based_access_control_9.1/mkdocs.yml	1141
maximo-labs	main	tree	MkDocs/monitor_resource_based_access_control_9.2	
maximo-labs	main	tree	MkDocs/monitor_resource_based_access_control_9.2/docs	
maximo-labs	main	tree	MkDocs/monitor_resource_based_access_control_9.2/docs/css	
maximo-labs	main	blob	MkDocs/monitor_resource_based_access_control_9.2/docs/css/extra.css	1203
maximo-labs	main	blob	MkDocs/monitor_resource_based_access_control_9.2/docs/gateway_restrictions.md	8612
maximo-labs	main	tree	MkDocs/monitor_resource_based_access_control_9.2/docs/img	
maximo-labs	main	blob	MkDocs/monitor_resource_based_access_control_9.2/docs/img/gateway_device_id.png	185961
maximo-labs	main	blob	MkDocs/monitor_resource_based_access_control_9.2/docs/img/gateway_direct_access.png	196324
maximo-labs	main	blob	MkDocs/monitor_resource_based_access_control_9.2/docs/img/gateway_direct_access_denied.png	167499
maximo-labs	main	blob	MkDocs/monitor_resource_based_access_control_9.2/docs/img/gateway_exclude_pattern.png	376968
maximo-labs	main	blob	MkDocs/monitor_resource_based_access_control_9.2/docs/img/gateway_multiple_patterns.png	273043
maximo-labs	main	blob	MkDocs/monitor_resource_based_access_control_9.2/docs/img/gateway_multiple_types.png	239138
maximo-labs	main	blob	MkDocs/monitor_resource_based_access_control_9.2/docs/img/gateway_pattern_matching.png	262218
maximo-labs	main	blob	MkDocs/monitor_resource_based_access_control_9.2/docs/img/gateway_single_type.png	164753
maximo-labs	main	blob	MkDocs/monitor_resource_based_access_control_9.2/docs/index.md	2214
maximo-labs	main	tree	MkDocs/monitor_resource_based_access_control_9.2/docs/js	
maximo-labs	main	blob	MkDocs/monitor_resource_based_access_control_9.2/docs/js/clipboard.js	26807
maximo-labs	main	blob	MkDocs/monitor_resource_based_access_control_9.2/docs/js/extra.js	928
maximo-labs	main	blob	MkDocs/monitor_resource_based_access_control_9.2/docs/js/popper.min.js	20122
maximo-labs	main	blob	MkDocs/monitor_resource_based_access_control_9.2/docs/js/tippy-bundle.umd.js	934540
maximo-labs	main	blob	MkDocs/monitor_resource_based_access_control_9.2/docs/prereqs.md	2377
maximo-labs	main	blob	MkDocs/monitor_resource_based_access_control_9.2/docs/release_notes.md	422
maximo-labs	main	blob	MkDocs/monitor_resource_based_access_control_9.2/mkdocs.yml	897
maximo-labs	main	tree	MkDocs/monitor_role_based_access_control_9.1	
maximo-labs	main	tree	MkDocs/monitor_role_based_access_control_9.1/docs	
maximo-labs	main	blob	MkDocs/monitor_role_based_access_control_9.1/docs/create_security_groups.md	2691
maximo-labs	main	blob	MkDocs/monitor_role_based_access_control_9.1/docs/create_users.md	3198
maximo-labs	main	tree	MkDocs/monitor_role_based_access_control_9.1/docs/img	
maximo-labs	main	blob	MkDocs/monitor_role_based_access_control_9.1/docs/img/create_users_01.png	530749
maximo-labs	main	blob	MkDocs/monitor_role_based_access_control_9.1/docs/img/create_users_02.png	443679
maximo-labs	main	blob	MkDocs/monitor_role_based_access_control_9.1/docs/img/create_users_03.png	369924
maximo-labs	main	blob	MkDocs/monitor_role_based_access_control_9.1/docs/img/create_users_04.png	362019
maximo-labs	main	blob	MkDocs/monitor_role_based_access_control_9.1/docs/img/create_users_05.png	391136
maximo-labs	main	blob	MkDocs/monitor_role_based_access_control_9.1/docs/img/create_users_06.png	351297
maximo-labs	main	blob	MkDocs/monitor_role_based_access_control_9.1/docs/img/create_users_07.png	320520
maximo-labs	main	blob	MkDocs/monitor_role_based_access_control_9.1/docs/img/create_users_08.png	423593
maximo-labs	main	blob	MkDocs/monitor_role_based_access_control_9.1/docs/img/create_users_09.png	321674
maximo-labs	main	blob	MkDocs/monitor_role_based_access_control_9.1/docs/img/create_users_10.png	367170
maximo-labs	main	blob	MkDocs/monitor_role_based_access_control_9.1/docs/img/create_users_11.png	350085
maximo-labs	main	blob	MkDocs/monitor_role_based_access_control_9.1/docs/img/security_groups_01.png	377501
maximo-labs	main	blob	MkDocs/monitor_role_based_access_control_9.1/docs/img/security_groups_02.png	274242
maximo-labs	main	blob	MkDocs/monitor_role_based_access_control_9.1/docs/img/security_groups_03.png	288011
maximo-labs	main	blob	MkDocs/monitor_role_based_access_control_9.1/docs/img/security_groups_04.png	415777
maximo-labs	main	blob	MkDocs/monitor_role_based_access_control_9.1/docs/img/security_groups_05.png	430484
maximo-labs	main	blob	MkDocs/monitor_role_based_access_control_9.1/docs/img/security_groups_nav_01.png	446607
maximo-labs	main	blob	MkDocs/monitor_role_based_access_control_9.1/docs/img/user_access_01.png	324953
maximo-labs	main	blob	MkDocs/monitor_role_based_access_control_9.1/docs/img/user_access_02.png	528267
maximo-labs	main	blob	MkDocs/monitor_role_based_access_control_9.1/docs/img/user_access_02_1.png	494192
maximo-labs	main	blob	MkDocs/monitor_role_based_access_control_9.1/docs/img/user_access_03.png	321335
maximo-labs	main	blob	MkDocs/monitor_role_based_access_control_9.1/docs/img/user_access_04.png	577435
maximo-labs	main	blob	MkDocs/monitor_role_based_access_control_9.1/docs/img/user_access_05.png	389974
maximo-labs	main	blob	MkDocs/monitor_role_based_access_control_9.1/docs/img/user_access_06.png	536463
maximo-labs	main	blob	MkDocs/monitor_role_based_access_control_9.1/docs/img/user_access_07.png	327869
maximo-labs	main	blob	MkDocs/monitor_role_based_access_control_9.1/docs/index.md	1234
maximo-labs	main	blob	MkDocs/monitor_role_based_access_control_9.1/docs/prereqs.md	1363
maximo-labs	main	blob	MkDocs/monitor_role_based_access_control_9.1/docs/release_notes.md	377
maximo-labs	main	blob	MkDocs/monitor_role_based_access_control_9.1/docs/user_access_behavior.md	3330
maximo-labs	main	blob	MkDocs/monitor_role_based_access_control_9.1/mkdocs.yml	968
maximo-labs	main	tree	MkDocs/monitor_smart_alerts_9.2	
maximo-labs	main	tree	MkDocs/monitor_smart_alerts_9.2/docs	
maximo-labs	main	blob	MkDocs/monitor_smart_alerts_9.2/docs/alerts_by_occurrences_count.md	13546
maximo-labs	main	blob	MkDocs/monitor_smart_alerts_9.2/docs/create_alert_in_manage.md	2356
maximo-labs	main	tree	MkDocs/monitor_smart_alerts_9.2/docs/img	
maximo-labs	main	blob	MkDocs/monitor_smart_alerts_9.2/docs/img/alert_by_occurrences_count.png	200084
maximo-labs	main	blob	MkDocs/monitor_smart_alerts_9.2/docs/img/alert_by_occurrences_count_2.png	60268
maximo-labs	main	blob	MkDocs/monitor_smart_alerts_9.2/docs/img/nodata_alert_action.png	150561
maximo-labs	main	blob	MkDocs/monitor_smart_alerts_9.2/docs/img/nodata_ui_config.png	188676
maximo-labs	main	blob	MkDocs/monitor_smart_alerts_9.2/docs/index.md	2785
maximo-labs	main	blob	MkDocs/monitor_smart_alerts_9.2/docs/nodata_alerts.md	6362
maximo-labs	main	blob	MkDocs/monitor_smart_alerts_9.2/docs/prereqs.md	1593
maximo-labs	main	blob	MkDocs/monitor_smart_alerts_9.2/docs/release_notes.md	584
maximo-labs	main	blob	MkDocs/monitor_smart_alerts_9.2/mkdocs.yml	906
maximo-labs	main	tree	MkDocs/template_1.0	
maximo-labs	main	tree	MkDocs/template_1.0/docs	
maximo-labs	main	blob	MkDocs/template_1.0/docs/getting_started.md	1178
maximo-labs	main	tree	MkDocs/template_1.0/docs/img	
maximo-labs	main	blob	MkDocs/template_1.0/docs/img/architecture.png	3405663
maximo-labs	main	blob	MkDocs/template_1.0/docs/index.md	514
maximo-labs	main	blob	MkDocs/template_1.0/docs/prereqs.md	905
maximo-labs	main	blob	MkDocs/template_1.0/docs/release_notes.md	767
maximo-labs	main	blob	MkDocs/template_1.0/docs/something.md	1864
maximo-labs	main	blob	MkDocs/template_1.0/docs/something_else.md	119
maximo-labs	main	blob	MkDocs/template_1.0/mkdocs.yml	844
maximo-labs	main	tree	MkDocs/toplevel	
maximo-labs	main	tree	MkDocs/toplevel/docs	
maximo-labs	main	blob	MkDocs/toplevel/docs/copyright.md	3123
maximo-labs	main	tree	MkDocs/toplevel/docs/css	
maximo-labs	main	blob	MkDocs/toplevel/docs/css/extra.css	1203
maximo-labs	main	blob	MkDocs/toplevel/docs/extra.css	843
maximo-labs	main	tree	MkDocs/toplevel/docs/img	
maximo-labs	main	blob	MkDocs/toplevel/docs/img/Maximo_Labs_Archive.png	3662
maximo-labs	main	blob	MkDocs/toplevel/docs/img/ibmLogo.jpg	104234
maximo-labs	main	blob	MkDocs/toplevel/docs/index.md	53400
maximo-labs	main	tree	MkDocs/toplevel/docs/js	
maximo-labs	main	blob	MkDocs/toplevel/docs/js/clipboard.js	26807
maximo-labs	main	blob	MkDocs/toplevel/docs/js/extra.js	928
maximo-labs	main	blob	MkDocs/toplevel/docs/js/popper.min.js	20122
maximo-labs	main	blob	MkDocs/toplevel/docs/js/tippy-bundle.umd.js	934291
maximo-labs	main	blob	MkDocs/toplevel/docs/release_notes.md	9048
maximo-labs	main	blob	MkDocs/toplevel/mkdocs.yml	615
maximo-labs	main	blob	README.md	632
maximo-labs	main	blob	build_all_mkdocs.sh	14422
MCT-User-Guide	master	blob	.gitignore	1222
MCT-User-Guide	master	blob	LICENSE	1075
MCT-User-Guide	master	blob	_config.yml	361
MCT-User-Guide	master	tree	collaboration	
MCT-User-Guide	master	tree	collaboration/comment	
MCT-User-Guide	master	blob	collaboration/comment/index.md	1592
MCT-User-Guide	master	blob	collaboration/index.md	1764
MCT-User-Guide	master	tree	collaboration/issue	
MCT-User-Guide	master	blob	collaboration/issue/index.md	958
MCT-User-Guide	master	tree	collaboration/mention	
MCT-User-Guide	master	blob	collaboration/mention/index.md	550
MCT-User-Guide	master	tree	collaboration/pullrequest	
MCT-User-Guide	master	blob	collaboration/pullrequest/index.md	3706
MCT-User-Guide	master	tree	collaboration/watching	
MCT-User-Guide	master	blob	collaboration/watching/index.md	861
MCT-User-Guide	master	blob	readme.md	8284
MCT-User-Guide	master	tree	solution	
MCT-User-Guide	master	blob	solution/index.md	262
MCT-User-Guide	master	tree	terminology	
MCT-User-Guide	master	blob	terminology/index.md	2874
media	main	blob	CNAME	27
media	main	blob	LICENSE	1075
media	main	blob	README.md	7
media	main	tree	assets	
media	main	blob	assets/README.md	1682
media	main	blob	assets/academy-navigation-loader.js	2594
media	main	blob	assets/academy-navigation.config.json	3458
media	main	blob	assets/verified-domains.json	3061
media	main	blob	favicon.ico	21754
media	main	tree	favicon_black	
media	main	blob	favicon_black/android-chrome-192x192.png	8824
media	main	blob	favicon_black/android-chrome-512x512.png	30128
media	main	blob	favicon_black/apple-touch-icon.png	7994
media	main	blob	favicon_black/favicon-16x16.png	362
media	main	blob	favicon_black/favicon-32x32.png	793
media	main	blob	favicon_black/favicon-black.svg	57083
media	main	blob	favicon_black/favicon.ico	15406
media	main	blob	favicon_black/site.webmanifest	263
media	main	blob	favicon_black/test	1
media	main	tree	favicon_white	
media	main	blob	favicon_white/android-chrome-192x192.png	10120
media	main	blob	favicon_white/android-chrome-512x512.png	41533
media	main	blob	favicon_white/apple-touch-icon.png	9160
media	main	blob	favicon_white/favicon-16x16.png	377
media	main	blob	favicon_white/favicon-32x32.png	851
media	main	blob	favicon_white/favicon-white.svg	118365
media	main	blob	favicon_white/favicon.ico	15406
media	main	blob	favicon_white/site.webmanifest	263
media	main	blob	favicon_white/test	1
media	main	blob	index.html	11404
media	main	blob	logo-wide-black.png	186019
media	main	blob	logo-wide-black.svg	23996
media	main	blob	logo-wide-white.png	214146
media	main	blob	logo-wide-white.svg	23959
microsoft	main	tree	.github	
microsoft	main	tree	.github/workflows	
microsoft	main	blob	.github/workflows/az400-pages.yml	695
microsoft	main	blob	.gitignore	106
microsoft	main	blob	404.html	864
microsoft	main	tree	AZ-040T00	
microsoft	main	blob	AZ-040T00/LAB01_Configuring_PowerShell_BRANDED.html	7856
microsoft	main	blob	AZ-040T00/LAB02_LocalAdmin_PowerShell_BRANDED.html	3620
microsoft	main	blob	AZ-040T00/LAB02_Variables_Arrays_HashTables_BRANDED.html	3077
microsoft	main	blob	AZ-040T00/LAB03_Pipeline_BRANDED.html	8689
microsoft	main	blob	AZ-040T00/LAB03_Using_PowerShell_Pipeline_II_BRANDED.html	3009
microsoft	main	blob	AZ-040T00/LAB04_PSProviders_PSDrives_BRANDED.html	8656
microsoft	main	blob	AZ-040T00/LAB05_WMI_CIM_BRANDED.html	8429
microsoft	main	blob	AZ-040T00/LAB06_Variables_Arrays_HashTables_BRANDED.html	3077
microsoft	main	blob	AZ-040T00/LAB07_Scripts_PowerShell_BRANDED.html	3195
microsoft	main	blob	AZ-040T00/LAB08_Remote_Admin_BRANDED.html	8685
microsoft	main	blob	AZ-040T00/LAB09_Azure_PowerShell_BRANDED.html	8288
microsoft	main	blob	AZ-040T00/LAB09_LocalAdmin_PowerShell_BRANDED.html	3620
microsoft	main	blob	AZ-040T00/LAB10_M365_PowerShell_BRANDED.html	10545
microsoft	main	blob	AZ-040T00/LAB11_Jobs_BRANDED.html	8324
microsoft	main	blob	AZ-040T00/LAB_Online_Hosted_Instructions_BRANDED.html	7375
microsoft	main	blob	AZ-040T00/README.md	102
microsoft	main	tree	AZ-400	
microsoft	main	blob	AZ-400/README.md	6987
microsoft	main	tree	AZ-400/assets	
microsoft	main	blob	AZ-400/assets/agenda-timeline.svg	755
microsoft	main	blob	AZ-400/assets/course-banner.svg	1218
microsoft	main	blob	AZ-400/assets/module-badges.svg	3408
microsoft	main	tree	AZ-400/labs	
microsoft	main	blob	AZ-400/labs/module-1-labs.md	340
microsoft	main	blob	AZ-400/labs/module-2-labs.md	340
microsoft	main	blob	AZ-400/labs/module-3-labs.md	340
microsoft	main	tree	AZ-400/web	
microsoft	main	tree	AZ-400/web/app	
microsoft	main	tree	AZ-400/web/app/course	
microsoft	main	blob	AZ-400/web/app/course/layout.tsx	652
microsoft	main	tree	AZ-400/web/app/course/module-1	
microsoft	main	tree	AZ-400/web/app/course/module-1/level-analysis	
microsoft	main	blob	AZ-400/web/app/course/module-1/level-analysis/page.mdx	546
microsoft	main	tree	AZ-400/web/app/course/module-1/level-application	
microsoft	main	blob	AZ-400/web/app/course/module-1/level-application/page.mdx	562
microsoft	main	tree	AZ-400/web/app/course/module-1/level-capstone	
microsoft	main	blob	AZ-400/web/app/course/module-1/level-capstone/page.mdx	544
microsoft	main	tree	AZ-400/web/app/course/module-1/level-comprehension	
microsoft	main	blob	AZ-400/web/app/course/module-1/level-comprehension/page.mdx	574
microsoft	main	tree	AZ-400/web/app/course/module-1/level-evaluation	
microsoft	main	blob	AZ-400/web/app/course/module-1/level-evaluation/page.mdx	556
microsoft	main	tree	AZ-400/web/app/course/module-1/level-foundations	
microsoft	main	blob	AZ-400/web/app/course/module-1/level-foundations/index.tsx	209
microsoft	main	blob	AZ-400/web/app/course/module-1/level-foundations/page.mdx	548
microsoft	main	tree	AZ-400/web/app/course/module-2	
microsoft	main	tree	AZ-400/web/app/course/module-2/level-analysis	
microsoft	main	blob	AZ-400/web/app/course/module-2/level-analysis/page.mdx	549
microsoft	main	tree	AZ-400/web/app/course/module-2/level-application	
microsoft	main	blob	AZ-400/web/app/course/module-2/level-application/page.mdx	567
microsoft	main	tree	AZ-400/web/app/course/module-2/level-capstone	
microsoft	main	blob	AZ-400/web/app/course/module-2/level-capstone/page.mdx	549
microsoft	main	tree	AZ-400/web/app/course/module-2/level-comprehension	
microsoft	main	blob	AZ-400/web/app/course/module-2/level-comprehension/page.mdx	579
microsoft	main	tree	AZ-400/web/app/course/module-2/level-evaluation	
microsoft	main	blob	AZ-400/web/app/course/module-2/level-evaluation/page.mdx	561
microsoft	main	tree	AZ-400/web/app/course/module-2/level-foundations	
microsoft	main	blob	AZ-400/web/app/course/module-2/level-foundations/page.mdx	567
microsoft	main	tree	AZ-400/web/app/course/module-3	
microsoft	main	tree	AZ-400/web/app/course/module-3/level-analysis	
microsoft	main	blob	AZ-400/web/app/course/module-3/level-analysis/page.mdx	549
microsoft	main	tree	AZ-400/web/app/course/module-3/level-application	
microsoft	main	blob	AZ-400/web/app/course/module-3/level-application/page.mdx	567
microsoft	main	tree	AZ-400/web/app/course/module-3/level-capstone	
microsoft	main	blob	AZ-400/web/app/course/module-3/level-capstone/page.mdx	549
microsoft	main	tree	AZ-400/web/app/course/module-3/level-comprehension	
microsoft	main	blob	AZ-400/web/app/course/module-3/level-comprehension/page.mdx	579
microsoft	main	tree	AZ-400/web/app/course/module-3/level-evaluation	
microsoft	main	blob	AZ-400/web/app/course/module-3/level-evaluation/page.mdx	561
microsoft	main	tree	AZ-400/web/app/course/module-3/level-foundations	
microsoft	main	blob	AZ-400/web/app/course/module-3/level-foundations/page.mdx	567
microsoft	main	blob	AZ-400/web/app/course/page.tsx	910
microsoft	main	blob	AZ-400/web/app/globals.css	201
microsoft	main	blob	AZ-400/web/app/layout.tsx	1679
microsoft	main	blob	AZ-400/web/app/microsoft-hub.css	12780
microsoft	main	blob	AZ-400/web/app/page.tsx	13098
microsoft	main	blob	AZ-400/web/build-static.cjs	833
microsoft	main	tree	AZ-400/web/components	
microsoft	main	blob	AZ-400/web/components/Sidebar.tsx	2041
microsoft	main	blob	AZ-400/web/components/level-header.tsx	424
microsoft	main	tree	AZ-400/web/components/widgets	
microsoft	main	blob	AZ-400/web/components/widgets/flashcards.tsx	1211
microsoft	main	blob	AZ-400/web/components/widgets/quiz.tsx	1398
microsoft	main	tree	AZ-400/web/content	
microsoft	main	blob	AZ-400/web/content/course-nav.json	34740
microsoft	main	tree	AZ-400/web/content/module-1	
microsoft	main	blob	AZ-400/web/content/module-1/index.mdx	457
microsoft	main	blob	AZ-400/web/content/module-1/lesson-1.mdx	198
microsoft	main	blob	AZ-400/web/content/module-1/lesson-2.mdx	188
microsoft	main	blob	AZ-400/web/content/module-1/lesson-3.mdx	188
microsoft	main	tree	AZ-400/web/content/module-1/level-analysis	
microsoft	main	blob	AZ-400/web/content/module-1/level-analysis/activities.json	283
microsoft	main	blob	AZ-400/web/content/module-1/level-analysis/index.mdx	460
microsoft	main	blob	AZ-400/web/content/module-1/level-analysis/lesson-1.mdx	198
microsoft	main	blob	AZ-400/web/content/module-1/level-analysis/lesson-2.mdx	188
microsoft	main	blob	AZ-400/web/content/module-1/level-analysis/lesson-3.mdx	188
microsoft	main	blob	AZ-400/web/content/module-1/level-analysis/quiz.json	194
microsoft	main	tree	AZ-400/web/content/module-1/level-application	
microsoft	main	blob	AZ-400/web/content/module-1/level-application/activities.json	283
microsoft	main	blob	AZ-400/web/content/module-1/level-application/index.mdx	475
microsoft	main	blob	AZ-400/web/content/module-1/level-application/lesson-1.mdx	198
microsoft	main	blob	AZ-400/web/content/module-1/level-application/lesson-2.mdx	188
microsoft	main	blob	AZ-400/web/content/module-1/level-application/lesson-3.mdx	188
microsoft	main	blob	AZ-400/web/content/module-1/level-application/quiz.json	194
microsoft	main	tree	AZ-400/web/content/module-1/level-capstone	
microsoft	main	blob	AZ-400/web/content/module-1/level-capstone/activities.json	283
microsoft	main	blob	AZ-400/web/content/module-1/level-capstone/index.mdx	465
microsoft	main	blob	AZ-400/web/content/module-1/level-capstone/lesson-1.mdx	198
microsoft	main	blob	AZ-400/web/content/module-1/level-capstone/lesson-2.mdx	188
microsoft	main	blob	AZ-400/web/content/module-1/level-capstone/lesson-3.mdx	188
microsoft	main	blob	AZ-400/web/content/module-1/level-capstone/quiz.json	194
microsoft	main	tree	AZ-400/web/content/module-1/level-comprehension	
microsoft	main	blob	AZ-400/web/content/module-1/level-comprehension/activities.json	283
microsoft	main	blob	AZ-400/web/content/module-1/level-comprehension/index.mdx	494
microsoft	main	blob	AZ-400/web/content/module-1/level-comprehension/lesson-1.mdx	198
microsoft	main	blob	AZ-400/web/content/module-1/level-comprehension/lesson-2.mdx	188
microsoft	main	blob	AZ-400/web/content/module-1/level-comprehension/lesson-3.mdx	188
microsoft	main	blob	AZ-400/web/content/module-1/level-comprehension/quiz.json	194
microsoft	main	tree	AZ-400/web/content/module-1/level-evaluation	
microsoft	main	blob	AZ-400/web/content/module-1/level-evaluation/activities.json	283
microsoft	main	blob	AZ-400/web/content/module-1/level-evaluation/index.mdx	481
microsoft	main	blob	AZ-400/web/content/module-1/level-evaluation/lesson-1.mdx	198
microsoft	main	blob	AZ-400/web/content/module-1/level-evaluation/lesson-2.mdx	188
microsoft	main	blob	AZ-400/web/content/module-1/level-evaluation/lesson-3.mdx	188
microsoft	main	blob	AZ-400/web/content/module-1/level-evaluation/quiz.json	194
microsoft	main	tree	AZ-400/web/content/module-1/level-foundations	
microsoft	main	blob	AZ-400/web/content/module-1/level-foundations/activities.json	262
microsoft	main	blob	AZ-400/web/content/module-1/level-foundations/index.mdx	472
microsoft	main	blob	AZ-400/web/content/module-1/level-foundations/lesson-1.mdx	198
microsoft	main	blob	AZ-400/web/content/module-1/level-foundations/lesson-2.mdx	188
microsoft	main	blob	AZ-400/web/content/module-1/level-foundations/lesson-3.mdx	188
microsoft	main	blob	AZ-400/web/content/module-1/level-foundations/quiz.json	164
microsoft	main	tree	AZ-400/web/content/module-2	
microsoft	main	blob	AZ-400/web/content/module-2/index.mdx	457
microsoft	main	blob	AZ-400/web/content/module-2/lesson-1.mdx	198
microsoft	main	blob	AZ-400/web/content/module-2/lesson-2.mdx	188
microsoft	main	blob	AZ-400/web/content/module-2/lesson-3.mdx	188
microsoft	main	tree	AZ-400/web/content/module-2/level-analysis	
microsoft	main	blob	AZ-400/web/content/module-2/level-analysis/activities.json	283
microsoft	main	blob	AZ-400/web/content/module-2/level-analysis/index.mdx	460
microsoft	main	blob	AZ-400/web/content/module-2/level-analysis/lesson-1.mdx	198
microsoft	main	blob	AZ-400/web/content/module-2/level-analysis/lesson-2.mdx	188
microsoft	main	blob	AZ-400/web/content/module-2/level-analysis/lesson-3.mdx	188
microsoft	main	blob	AZ-400/web/content/module-2/level-analysis/quiz.json	194
microsoft	main	tree	AZ-400/web/content/module-2/level-application	
microsoft	main	blob	AZ-400/web/content/module-2/level-application/activities.json	283
microsoft	main	blob	AZ-400/web/content/module-2/level-application/index.mdx	475
microsoft	main	blob	AZ-400/web/content/module-2/level-application/lesson-1.mdx	198
microsoft	main	blob	AZ-400/web/content/module-2/level-application/lesson-2.mdx	188
microsoft	main	blob	AZ-400/web/content/module-2/level-application/lesson-3.mdx	188
microsoft	main	blob	AZ-400/web/content/module-2/level-application/quiz.json	194
microsoft	main	tree	AZ-400/web/content/module-2/level-capstone	
microsoft	main	blob	AZ-400/web/content/module-2/level-capstone/activities.json	283
microsoft	main	blob	AZ-400/web/content/module-2/level-capstone/index.mdx	465
microsoft	main	blob	AZ-400/web/content/module-2/level-capstone/lesson-1.mdx	198
microsoft	main	blob	AZ-400/web/content/module-2/level-capstone/lesson-2.mdx	188
microsoft	main	blob	AZ-400/web/content/module-2/level-capstone/lesson-3.mdx	188
microsoft	main	blob	AZ-400/web/content/module-2/level-capstone/quiz.json	194
microsoft	main	tree	AZ-400/web/content/module-2/level-comprehension	
microsoft	main	blob	AZ-400/web/content/module-2/level-comprehension/activities.json	283
microsoft	main	blob	AZ-400/web/content/module-2/level-comprehension/index.mdx	494
microsoft	main	blob	AZ-400/web/content/module-2/level-comprehension/lesson-1.mdx	198
microsoft	main	blob	AZ-400/web/content/module-2/level-comprehension/lesson-2.mdx	188
microsoft	main	blob	AZ-400/web/content/module-2/level-comprehension/lesson-3.mdx	188
microsoft	main	blob	AZ-400/web/content/module-2/level-comprehension/quiz.json	194
microsoft	main	tree	AZ-400/web/content/module-2/level-evaluation	
microsoft	main	blob	AZ-400/web/content/module-2/level-evaluation/activities.json	283
microsoft	main	blob	AZ-400/web/content/module-2/level-evaluation/index.mdx	481
microsoft	main	blob	AZ-400/web/content/module-2/level-evaluation/lesson-1.mdx	198
microsoft	main	blob	AZ-400/web/content/module-2/level-evaluation/lesson-2.mdx	188
microsoft	main	blob	AZ-400/web/content/module-2/level-evaluation/lesson-3.mdx	188
microsoft	main	blob	AZ-400/web/content/module-2/level-evaluation/quiz.json	194
microsoft	main	tree	AZ-400/web/content/module-2/level-foundations	
microsoft	main	blob	AZ-400/web/content/module-2/level-foundations/activities.json	283
microsoft	main	blob	AZ-400/web/content/module-2/level-foundations/index.mdx	472
microsoft	main	blob	AZ-400/web/content/module-2/level-foundations/lesson-1.mdx	198
microsoft	main	blob	AZ-400/web/content/module-2/level-foundations/lesson-2.mdx	188
microsoft	main	blob	AZ-400/web/content/module-2/level-foundations/lesson-3.mdx	188
microsoft	main	blob	AZ-400/web/content/module-2/level-foundations/quiz.json	194
microsoft	main	tree	AZ-400/web/content/module-3	
microsoft	main	blob	AZ-400/web/content/module-3/index.mdx	457
microsoft	main	blob	AZ-400/web/content/module-3/lesson-1.mdx	198
microsoft	main	blob	AZ-400/web/content/module-3/lesson-2.mdx	188
microsoft	main	blob	AZ-400/web/content/module-3/lesson-3.mdx	188
microsoft	main	tree	AZ-400/web/content/module-3/level-analysis	
microsoft	main	blob	AZ-400/web/content/module-3/level-analysis/activities.json	283
microsoft	main	blob	AZ-400/web/content/module-3/level-analysis/index.mdx	460
microsoft	main	blob	AZ-400/web/content/module-3/level-analysis/lesson-1.mdx	198
microsoft	main	blob	AZ-400/web/content/module-3/level-analysis/lesson-2.mdx	188
microsoft	main	blob	AZ-400/web/content/module-3/level-analysis/lesson-3.mdx	188
microsoft	main	blob	AZ-400/web/content/module-3/level-analysis/quiz.json	194
microsoft	main	tree	AZ-400/web/content/module-3/level-application	
microsoft	main	blob	AZ-400/web/content/module-3/level-application/activities.json	283
microsoft	main	blob	AZ-400/web/content/module-3/level-application/index.mdx	475
microsoft	main	blob	AZ-400/web/content/module-3/level-application/lesson-1.mdx	198
microsoft	main	blob	AZ-400/web/content/module-3/level-application/lesson-2.mdx	188
microsoft	main	blob	AZ-400/web/content/module-3/level-application/lesson-3.mdx	188
microsoft	main	blob	AZ-400/web/content/module-3/level-application/quiz.json	194
microsoft	main	tree	AZ-400/web/content/module-3/level-capstone	
microsoft	main	blob	AZ-400/web/content/module-3/level-capstone/activities.json	283
microsoft	main	blob	AZ-400/web/content/module-3/level-capstone/index.mdx	465
microsoft	main	blob	AZ-400/web/content/module-3/level-capstone/lesson-1.mdx	198
microsoft	main	blob	AZ-400/web/content/module-3/level-capstone/lesson-2.mdx	188
microsoft	main	blob	AZ-400/web/content/module-3/level-capstone/lesson-3.mdx	188
microsoft	main	blob	AZ-400/web/content/module-3/level-capstone/quiz.json	194
microsoft	main	tree	AZ-400/web/content/module-3/level-comprehension	
microsoft	main	blob	AZ-400/web/content/module-3/level-comprehension/activities.json	283
microsoft	main	blob	AZ-400/web/content/module-3/level-comprehension/index.mdx	494
microsoft	main	blob	AZ-400/web/content/module-3/level-comprehension/lesson-1.mdx	198
microsoft	main	blob	AZ-400/web/content/module-3/level-comprehension/lesson-2.mdx	188
microsoft	main	blob	AZ-400/web/content/module-3/level-comprehension/lesson-3.mdx	188
microsoft	main	blob	AZ-400/web/content/module-3/level-comprehension/quiz.json	194
microsoft	main	tree	AZ-400/web/content/module-3/level-evaluation	
microsoft	main	blob	AZ-400/web/content/module-3/level-evaluation/activities.json	283
microsoft	main	blob	AZ-400/web/content/module-3/level-evaluation/index.mdx	481
microsoft	main	blob	AZ-400/web/content/module-3/level-evaluation/lesson-1.mdx	198
microsoft	main	blob	AZ-400/web/content/module-3/level-evaluation/lesson-2.mdx	188
microsoft	main	blob	AZ-400/web/content/module-3/level-evaluation/lesson-3.mdx	188
microsoft	main	blob	AZ-400/web/content/module-3/level-evaluation/quiz.json	194
microsoft	main	tree	AZ-400/web/content/module-3/level-foundations	
microsoft	main	blob	AZ-400/web/content/module-3/level-foundations/activities.json	283
microsoft	main	blob	AZ-400/web/content/module-3/level-foundations/index.mdx	472
microsoft	main	blob	AZ-400/web/content/module-3/level-foundations/lesson-1.mdx	198
microsoft	main	blob	AZ-400/web/content/module-3/level-foundations/lesson-2.mdx	188
microsoft	main	blob	AZ-400/web/content/module-3/level-foundations/lesson-3.mdx	188
microsoft	main	blob	AZ-400/web/content/module-3/level-foundations/quiz.json	194
microsoft	main	tree	AZ-400/web/lib	
microsoft	main	blob	AZ-400/web/lib/store.ts	1525
microsoft	main	blob	AZ-400/web/mdx-components.tsx	163
microsoft	main	blob	AZ-400/web/next-env.d.ts	262
microsoft	main	blob	AZ-400/web/next.config.mjs	461
microsoft	main	blob	AZ-400/web/package-lock.json	137644
microsoft	main	blob	AZ-400/web/package.json	1076
microsoft	main	tree	AZ-400/web/public	
microsoft	main	tree	AZ-400/web/public/content	
microsoft	main	blob	AZ-400/web/public/content/course-nav.json	34740
microsoft	main	tree	AZ-400/web/public/content/module-1	
microsoft	main	blob	AZ-400/web/public/content/module-1/index.mdx	457
microsoft	main	blob	AZ-400/web/public/content/module-1/lesson-1.mdx	198
microsoft	main	blob	AZ-400/web/public/content/module-1/lesson-2.mdx	188
microsoft	main	blob	AZ-400/web/public/content/module-1/lesson-3.mdx	188
microsoft	main	tree	AZ-400/web/public/content/module-1/level-analysis	
microsoft	main	blob	AZ-400/web/public/content/module-1/level-analysis/activities.json	283
microsoft	main	blob	AZ-400/web/public/content/module-1/level-analysis/index.mdx	460
microsoft	main	blob	AZ-400/web/public/content/module-1/level-analysis/lesson-1.mdx	198
microsoft	main	blob	AZ-400/web/public/content/module-1/level-analysis/lesson-2.mdx	188
microsoft	main	blob	AZ-400/web/public/content/module-1/level-analysis/lesson-3.mdx	188
microsoft	main	blob	AZ-400/web/public/content/module-1/level-analysis/quiz.json	194
microsoft	main	tree	AZ-400/web/public/content/module-1/level-application	
microsoft	main	blob	AZ-400/web/public/content/module-1/level-application/activities.json	283
microsoft	main	blob	AZ-400/web/public/content/module-1/level-application/index.mdx	475
microsoft	main	blob	AZ-400/web/public/content/module-1/level-application/lesson-1.mdx	198
microsoft	main	blob	AZ-400/web/public/content/module-1/level-application/lesson-2.mdx	188
microsoft	main	blob	AZ-400/web/public/content/module-1/level-application/lesson-3.mdx	188
microsoft	main	blob	AZ-400/web/public/content/module-1/level-application/quiz.json	194
microsoft	main	tree	AZ-400/web/public/content/module-1/level-capstone	
microsoft	main	blob	AZ-400/web/public/content/module-1/level-capstone/activities.json	283
microsoft	main	blob	AZ-400/web/public/content/module-1/level-capstone/index.mdx	465
microsoft	main	blob	AZ-400/web/public/content/module-1/level-capstone/lesson-1.mdx	198
microsoft	main	blob	AZ-400/web/public/content/module-1/level-capstone/lesson-2.mdx	188
microsoft	main	blob	AZ-400/web/public/content/module-1/level-capstone/lesson-3.mdx	188
microsoft	main	blob	AZ-400/web/public/content/module-1/level-capstone/quiz.json	194
microsoft	main	tree	AZ-400/web/public/content/module-1/level-comprehension	
microsoft	main	blob	AZ-400/web/public/content/module-1/level-comprehension/activities.json	283
microsoft	main	blob	AZ-400/web/public/content/module-1/level-comprehension/index.mdx	494
microsoft	main	blob	AZ-400/web/public/content/module-1/level-comprehension/lesson-1.mdx	198
microsoft	main	blob	AZ-400/web/public/content/module-1/level-comprehension/lesson-2.mdx	188
microsoft	main	blob	AZ-400/web/public/content/module-1/level-comprehension/lesson-3.mdx	188
microsoft	main	blob	AZ-400/web/public/content/module-1/level-comprehension/quiz.json	194
microsoft	main	tree	AZ-400/web/public/content/module-1/level-evaluation	
microsoft	main	blob	AZ-400/web/public/content/module-1/level-evaluation/activities.json	283
microsoft	main	blob	AZ-400/web/public/content/module-1/level-evaluation/index.mdx	481
microsoft	main	blob	AZ-400/web/public/content/module-1/level-evaluation/lesson-1.mdx	198
microsoft	main	blob	AZ-400/web/public/content/module-1/level-evaluation/lesson-2.mdx	188
microsoft	main	blob	AZ-400/web/public/content/module-1/level-evaluation/lesson-3.mdx	188
microsoft	main	blob	AZ-400/web/public/content/module-1/level-evaluation/quiz.json	194
microsoft	main	tree	AZ-400/web/public/content/module-1/level-foundations	
microsoft	main	blob	AZ-400/web/public/content/module-1/level-foundations/activities.json	262
microsoft	main	blob	AZ-400/web/public/content/module-1/level-foundations/index.mdx	472
microsoft	main	blob	AZ-400/web/public/content/module-1/level-foundations/lesson-1.mdx	198
microsoft	main	blob	AZ-400/web/public/content/module-1/level-foundations/lesson-2.mdx	188
microsoft	main	blob	AZ-400/web/public/content/module-1/level-foundations/lesson-3.mdx	188
microsoft	main	blob	AZ-400/web/public/content/module-1/level-foundations/quiz.json	164
microsoft	main	tree	AZ-400/web/public/content/module-2	
microsoft	main	blob	AZ-400/web/public/content/module-2/index.mdx	457
microsoft	main	blob	AZ-400/web/public/content/module-2/lesson-1.mdx	198
microsoft	main	blob	AZ-400/web/public/content/module-2/lesson-2.mdx	188
microsoft	main	blob	AZ-400/web/public/content/module-2/lesson-3.mdx	188
microsoft	main	tree	AZ-400/web/public/content/module-2/level-analysis	
microsoft	main	blob	AZ-400/web/public/content/module-2/level-analysis/activities.json	283
microsoft	main	blob	AZ-400/web/public/content/module-2/level-analysis/index.mdx	460
microsoft	main	blob	AZ-400/web/public/content/module-2/level-analysis/lesson-1.mdx	198
microsoft	main	blob	AZ-400/web/public/content/module-2/level-analysis/lesson-2.mdx	188
microsoft	main	blob	AZ-400/web/public/content/module-2/level-analysis/lesson-3.mdx	188
microsoft	main	blob	AZ-400/web/public/content/module-2/level-analysis/quiz.json	194
microsoft	main	tree	AZ-400/web/public/content/module-2/level-application	
microsoft	main	blob	AZ-400/web/public/content/module-2/level-application/activities.json	283
microsoft	main	blob	AZ-400/web/public/content/module-2/level-application/index.mdx	475
microsoft	main	blob	AZ-400/web/public/content/module-2/level-application/lesson-1.mdx	198
microsoft	main	blob	AZ-400/web/public/content/module-2/level-application/lesson-2.mdx	188
microsoft	main	blob	AZ-400/web/public/content/module-2/level-application/lesson-3.mdx	188
microsoft	main	blob	AZ-400/web/public/content/module-2/level-application/quiz.json	194
microsoft	main	tree	AZ-400/web/public/content/module-2/level-capstone	
microsoft	main	blob	AZ-400/web/public/content/module-2/level-capstone/activities.json	283
microsoft	main	blob	AZ-400/web/public/content/module-2/level-capstone/index.mdx	465
microsoft	main	blob	AZ-400/web/public/content/module-2/level-capstone/lesson-1.mdx	198
microsoft	main	blob	AZ-400/web/public/content/module-2/level-capstone/lesson-2.mdx	188
microsoft	main	blob	AZ-400/web/public/content/module-2/level-capstone/lesson-3.mdx	188
microsoft	main	blob	AZ-400/web/public/content/module-2/level-capstone/quiz.json	194
microsoft	main	tree	AZ-400/web/public/content/module-2/level-comprehension	
microsoft	main	blob	AZ-400/web/public/content/module-2/level-comprehension/activities.json	283
microsoft	main	blob	AZ-400/web/public/content/module-2/level-comprehension/index.mdx	494
microsoft	main	blob	AZ-400/web/public/content/module-2/level-comprehension/lesson-1.mdx	198
microsoft	main	blob	AZ-400/web/public/content/module-2/level-comprehension/lesson-2.mdx	188
microsoft	main	blob	AZ-400/web/public/content/module-2/level-comprehension/lesson-3.mdx	188
microsoft	main	blob	AZ-400/web/public/content/module-2/level-comprehension/quiz.json	194
microsoft	main	tree	AZ-400/web/public/content/module-2/level-evaluation	
microsoft	main	blob	AZ-400/web/public/content/module-2/level-evaluation/activities.json	283
microsoft	main	blob	AZ-400/web/public/content/module-2/level-evaluation/index.mdx	481
microsoft	main	blob	AZ-400/web/public/content/module-2/level-evaluation/lesson-1.mdx	198
microsoft	main	blob	AZ-400/web/public/content/module-2/level-evaluation/lesson-2.mdx	188
microsoft	main	blob	AZ-400/web/public/content/module-2/level-evaluation/lesson-3.mdx	188
microsoft	main	blob	AZ-400/web/public/content/module-2/level-evaluation/quiz.json	194
microsoft	main	tree	AZ-400/web/public/content/module-2/level-foundations	
microsoft	main	blob	AZ-400/web/public/content/module-2/level-foundations/activities.json	283
microsoft	main	blob	AZ-400/web/public/content/module-2/level-foundations/index.mdx	472
microsoft	main	blob	AZ-400/web/public/content/module-2/level-foundations/lesson-1.mdx	198
microsoft	main	blob	AZ-400/web/public/content/module-2/level-foundations/lesson-2.mdx	188
microsoft	main	blob	AZ-400/web/public/content/module-2/level-foundations/lesson-3.mdx	188
microsoft	main	blob	AZ-400/web/public/content/module-2/level-foundations/quiz.json	194
microsoft	main	tree	AZ-400/web/public/content/module-3	
microsoft	main	blob	AZ-400/web/public/content/module-3/index.mdx	457
microsoft	main	blob	AZ-400/web/public/content/module-3/lesson-1.mdx	198
microsoft	main	blob	AZ-400/web/public/content/module-3/lesson-2.mdx	188
microsoft	main	blob	AZ-400/web/public/content/module-3/lesson-3.mdx	188
microsoft	main	tree	AZ-400/web/public/content/module-3/level-analysis	
microsoft	main	blob	AZ-400/web/public/content/module-3/level-analysis/activities.json	283
microsoft	main	blob	AZ-400/web/public/content/module-3/level-analysis/index.mdx	460
microsoft	main	blob	AZ-400/web/public/content/module-3/level-analysis/lesson-1.mdx	198
microsoft	main	blob	AZ-400/web/public/content/module-3/level-analysis/lesson-2.mdx	188
microsoft	main	blob	AZ-400/web/public/content/module-3/level-analysis/lesson-3.mdx	188
microsoft	main	blob	AZ-400/web/public/content/module-3/level-analysis/quiz.json	194
microsoft	main	tree	AZ-400/web/public/content/module-3/level-application	
microsoft	main	blob	AZ-400/web/public/content/module-3/level-application/activities.json	283
microsoft	main	blob	AZ-400/web/public/content/module-3/level-application/index.mdx	475
microsoft	main	blob	AZ-400/web/public/content/module-3/level-application/lesson-1.mdx	198
microsoft	main	blob	AZ-400/web/public/content/module-3/level-application/lesson-2.mdx	188
microsoft	main	blob	AZ-400/web/public/content/module-3/level-application/lesson-3.mdx	188
microsoft	main	blob	AZ-400/web/public/content/module-3/level-application/quiz.json	194
microsoft	main	tree	AZ-400/web/public/content/module-3/level-capstone	
microsoft	main	blob	AZ-400/web/public/content/module-3/level-capstone/activities.json	283
microsoft	main	blob	AZ-400/web/public/content/module-3/level-capstone/index.mdx	465
microsoft	main	blob	AZ-400/web/public/content/module-3/level-capstone/lesson-1.mdx	198
microsoft	main	blob	AZ-400/web/public/content/module-3/level-capstone/lesson-2.mdx	188
microsoft	main	blob	AZ-400/web/public/content/module-3/level-capstone/lesson-3.mdx	188
microsoft	main	blob	AZ-400/web/public/content/module-3/level-capstone/quiz.json	194
microsoft	main	tree	AZ-400/web/public/content/module-3/level-comprehension	
microsoft	main	blob	AZ-400/web/public/content/module-3/level-comprehension/activities.json	283
microsoft	main	blob	AZ-400/web/public/content/module-3/level-comprehension/index.mdx	494
microsoft	main	blob	AZ-400/web/public/content/module-3/level-comprehension/lesson-1.mdx	198
microsoft	main	blob	AZ-400/web/public/content/module-3/level-comprehension/lesson-2.mdx	188
microsoft	main	blob	AZ-400/web/public/content/module-3/level-comprehension/lesson-3.mdx	188
microsoft	main	blob	AZ-400/web/public/content/module-3/level-comprehension/quiz.json	194
microsoft	main	tree	AZ-400/web/public/content/module-3/level-evaluation	
microsoft	main	blob	AZ-400/web/public/content/module-3/level-evaluation/activities.json	283
microsoft	main	blob	AZ-400/web/public/content/module-3/level-evaluation/index.mdx	481
microsoft	main	blob	AZ-400/web/public/content/module-3/level-evaluation/lesson-1.mdx	198
microsoft	main	blob	AZ-400/web/public/content/module-3/level-evaluation/lesson-2.mdx	188
microsoft	main	blob	AZ-400/web/public/content/module-3/level-evaluation/lesson-3.mdx	188
microsoft	main	blob	AZ-400/web/public/content/module-3/level-evaluation/quiz.json	194
microsoft	main	tree	AZ-400/web/public/content/module-3/level-foundations	
microsoft	main	blob	AZ-400/web/public/content/module-3/level-foundations/activities.json	283
microsoft	main	blob	AZ-400/web/public/content/module-3/level-foundations/index.mdx	472
microsoft	main	blob	AZ-400/web/public/content/module-3/level-foundations/lesson-1.mdx	198
microsoft	main	blob	AZ-400/web/public/content/module-3/level-foundations/lesson-2.mdx	188
microsoft	main	blob	AZ-400/web/public/content/module-3/level-foundations/lesson-3.mdx	188
microsoft	main	blob	AZ-400/web/public/content/module-3/level-foundations/quiz.json	194
microsoft	main	blob	AZ-400/web/public/favicon.ico	21754
microsoft	main	blob	AZ-400/web/public/microsoft-catalog.js	10656
microsoft	main	blob	AZ-400/web/public/sitemap.xml	248
microsoft	main	blob	AZ-400/web/tsconfig.json	749
microsoft	main	blob	CNAME	32
microsoft	main	blob	LICENSE	1075
microsoft	main	blob	README.md	521
microsoft	main	blob	_config.yml	175
microsoft	main	tree	_layouts	
microsoft	main	blob	_layouts/default.html	853
microsoft	main	tree	assets	
microsoft	main	blob	assets/README.md	1686
microsoft	main	blob	assets/academy-navigation-loader.js	2594
microsoft	main	blob	assets/academy-navigation.config.json	3462
microsoft	main	tree	assets/css	
microsoft	main	blob	assets/css/custom.css	166
microsoft	main	blob	assets/microsoft-catalog.js	18213
microsoft	main	blob	assets/microsoft-hub.css	14181
microsoft	main	blob	assets/verified-domains.json	3061
microsoft	main	blob	index.html	17547
microsoft	main	blob	index.md	840
microsoft	main	blob	robots.txt	85
microsoft	main	blob	yarn.lock	142
ms-102	main	blob	LICENSE	1075
ms-102	main	blob	README.md	8
ms-102	main	tree	docs	
ms-102	main	blob	docs/The Reality First.docx	20088
ms-102	main	blob	docs/docs.txt	1
ms-102	main	tree	slides	
ms-102	main	blob	slides/1_configure_tenant.pptx	2143906
ms-102	main	blob	slides/2_manage_tenant.pptx	2035347
ms-102	main	blob	slides/3_implement_identity_sync.pptx	2212495
ms-102	main	blob	slides/4_manage_identity_access.pptx	2266991
ms-102	main	blob	slides/5_manage_security_services.pptx	2199227
ms-102	main	blob	slides/6_implement_threat_protection.pptx	2272746
ms-102	main	blob	slides/7_explore_data_governance.pptx	2487109
ms-102	main	blob	slides/8_implement_compliance.pptx	1721418
ms-102	main	blob	slides/9_manage_compliance.pptx	1211274
ms-102	main	blob	slides/readme.txt	1
mslearn-github	main	blob	.gitignore	33
mslearn-github	main	tree	Instructions	
mslearn-github	main	tree	Instructions/GH-100	
mslearn-github	main	blob	Instructions/GH-100/01-exercise-guided-tour-of-github.md	2997
mslearn-github	main	blob	Instructions/GH-100/02-exercise-secure-repository-supply-chain.md	3852
mslearn-github	main	blob	Instructions/GH-100/03-exercise-change-commit-history.md	3632
mslearn-github	main	blob	Instructions/GH-100/04-exercise-repository-secret-github-actions.md	3978
mslearn-github	main	blob	Instructions/GH-100/05-exercise-publish-packages.md	3887
mslearn-github	main	tree	Instructions/GH-100/media	
mslearn-github	main	blob	Instructions/GH-100/media/PLACEHOLDER.png	132818
mslearn-github	main	tree	Instructions/GH-200	
mslearn-github	main	blob	Instructions/GH-200/01-exercise-hello-github-actions.md	3816
mslearn-github	main	blob	Instructions/GH-200/02-exercise-test-with-actions.md	3819
mslearn-github	main	blob	Instructions/GH-200/03-exercise-deploy-to-azure.md	4034
mslearn-github	main	blob	Instructions/GH-200/04-exercise-publish-packages.md	3887
mslearn-github	main	blob	Instructions/GH-200/05-exercise-write-javascript-actions.md	3965
mslearn-github	main	blob	Instructions/GH-200/06-exercise-repository-secret-github-actions.md	3978
mslearn-github	main	tree	Instructions/GH-200/media	
mslearn-github	main	blob	Instructions/GH-200/media/PLACEHOLDER.png	132818
mslearn-github	main	tree	Instructions/GH-300	
mslearn-github	main	blob	Instructions/GH-300/01-exercise-github-copilot-vscode.md	2859
mslearn-github	main	blob	Instructions/GH-300/02-exercise-copilot-spaces.md	2336
mslearn-github	main	blob	Instructions/GH-300/03-exercise-update-web-api-copilot.md	2100
mslearn-github	main	blob	Instructions/GH-300/04-exercise-develop-unit-tests-copilot.md	2214
mslearn-github	main	blob	Instructions/GH-300/05-exercise-copilot-code-agent.md	2271
mslearn-github	main	blob	Instructions/GH-300/06-exercise-integrate-mcp-copilot.md	1950
mslearn-github	main	blob	Instructions/GH-300/07-exercise-copilot-code-review.md	2117
mslearn-github	main	blob	Instructions/GH-300/08-exercise-javascript-portfolio-copilot.md	2315
mslearn-github	main	blob	Instructions/GH-300/09-exercise-python-web-api-copilot.md	2278
mslearn-github	main	blob	Instructions/GH-300/10-exercise-customize-your-github-copilot-experience.md	2360
mslearn-github	main	blob	Instructions/GH-300/11-exercise-create-applications-with-the-copilot-cli.md	2279
mslearn-github	main	blob	Instructions/GH-300/12-exercise-modernize-your-legacy-code-with-github-copilot.md	2228
mslearn-github	main	tree	Instructions/GH-300/media	
mslearn-github	main	blob	Instructions/GH-300/media/PLACEHOLDER.png	132818
mslearn-github	main	tree	Instructions/GH-500	
mslearn-github	main	blob	Instructions/GH-500/01-exercise-change-commit-history.md	3009
mslearn-github	main	blob	Instructions/GH-500/02-exercise-configure-dependabot.md	2958
mslearn-github	main	blob	Instructions/GH-500/03-exercise-secret-scanning.md	2898
mslearn-github	main	blob	Instructions/GH-500/04-exercise-reference-codeql-query.md	2515
mslearn-github	main	blob	Instructions/GH-500/05-exercise-configure-codeql-matrix.md	2712
mslearn-github	main	tree	Instructions/GH-500/media	
mslearn-github	main	blob	Instructions/GH-500/media/PLACEHOLDER.png	132818
mslearn-github	main	tree	Instructions/GH-900	
mslearn-github	main	blob	Instructions/GH-900/01-exercise-try-out-git.md	2856
mslearn-github	main	blob	Instructions/GH-900/02-exercise-guided-tour-of-github.md	2997
mslearn-github	main	blob	Instructions/GH-900/03-exercise-create-first-pull-request.md	3645
mslearn-github	main	blob	Instructions/GH-900/04-exercise-communicate-using-markdown.md	3765
mslearn-github	main	blob	Instructions/GH-900/05-exercise-code-with-codespaces.md	3693
mslearn-github	main	blob	Instructions/GH-900/06-exercise-reviewing-pull-requests.md	3687
mslearn-github	main	blob	Instructions/GH-900/07-exercise-connect-the-dots.md	3626
mslearn-github	main	blob	Instructions/GH-900/08-exercise-secure-repository-supply-chain.md	3852
mslearn-github	main	blob	Instructions/GH-900/09-exercise-github-copilot-vscode.md	4626
mslearn-github	main	tree	Instructions/GH-900/media	
mslearn-github	main	blob	Instructions/GH-900/media/PLACEHOLDER.png	132818
mslearn-github	main	blob	LICENSE	1075
mslearn-github	main	blob	README.md	1128
mslearn-github	main	blob	_build.yml	1259
mslearn-github	main	blob	_config.yml	313
mslearn-github	main	tree	_sass	
mslearn-github	main	blob	_sass/code.scss	761
mslearn-github	main	blob	_sass/theme.scss	4925
mslearn-github	main	blob	index.md	2098
osint	main	tree	.github	
osint	main	blob	.github/BUILD_RETRY.md	143
osint	main	tree	.github/workflows	
osint	main	blob	.github/workflows/ci.yml	3208
osint	main	blob	.github/workflows/deploy.yml	7659
osint	main	blob	LICENSE	1075
osint	main	blob	README.md	7
osint	main	tree	docs	
osint	main	tree	docs/analysis	
osint	main	blob	docs/analysis/confidence.md	721
osint	main	blob	docs/analysis/reporting.md	888
osint	main	tree	docs/assessment	
osint	main	blob	docs/assessment/final-assessment.md	1021
osint	main	blob	docs/assessment/foundations-knowledge-check.md	2112
osint	main	blob	docs/assessment/investigation-sprint.md	872
osint	main	tree	docs/case	
osint	main	blob	docs/case/applied-workflow.md	1134
osint	main	blob	docs/case/scenario.md	957
osint	main	blob	docs/case/sensitive-data.md	821
osint	main	tree	docs/collection	
osint	main	blob	docs/collection/search-methodology.md	3445
osint	main	tree	docs/foundations	
osint	main	blob	docs/foundations/intelligence-cycle.md	661
osint	main	blob	docs/foundations/osint-basics.md	850
osint	main	blob	docs/foundations/requirements.md	708
osint	main	blob	docs/guardrails.md	845
osint	main	tree	docs/labs	
osint	main	blob	docs/labs/lab-01-claim-validation.md	3020
osint	main	tree	docs/orientation	
osint	main	blob	docs/orientation/learning-path.md	2850
osint	main	tree	docs/planning	
osint	main	blob	docs/planning/investigation-planning.md	3599
osint	main	tree	docs/resources	
osint	main	blob	docs/resources/investigation-templates.md	2761
osint	main	blob	docs/welcome.md	1161
osint	main	tree	docs/workflow	
osint	main	blob	docs/workflow/overview.md	532
osint	main	blob	docs/workflow/steps-1-3.md	703
osint	main	blob	docs/workflow/steps-4-7.md	861
osint	main	blob	docs/workflow/steps-8-12.md	822
osint	main	blob	docusaurus.config.js	3328
osint	main	blob	package-lock.json	722298
osint	main	blob	package.json	942
osint	main	tree	scripts	
osint	main	blob	scripts/validate-responsive.mjs	1890
osint	main	blob	sidebars.js	1266
osint	main	tree	src	
osint	main	tree	src/components	
osint	main	blob	src/components/AccessGate.js	3548
osint	main	tree	src/css	
osint	main	blob	src/css/custom.css	18692
osint	main	blob	src/css/mobile.css	9911
osint	main	tree	src/pages	
osint	main	blob	src/pages/course.js	424
osint	main	blob	src/pages/dashboard.js	431
osint	main	blob	src/pages/enrol.js	424
osint	main	blob	src/pages/index.js	9182
osint	main	blob	src/pages/login.js	423
osint	main	blob	src/pages/resources.js	440
osint	main	tree	static	
osint	main	blob	static/CNAME	28
osint	main	tree	static/img	
osint	main	blob	static/img/favicon.svg	318
osint	main	blob	static/img/logo.svg	407
PL-300-Microsoft-Power-BI-Data-Analyst	Main	tree	.github	
PL-300-Microsoft-Power-BI-Data-Analyst	Main	blob	.github/CONTRIBUTING.md	2469
PL-300-Microsoft-Power-BI-Data-Analyst	Main	tree	.github/ISSUE_TEMPLATE	
PL-300-Microsoft-Power-BI-Data-Analyst	Main	blob	.github/ISSUE_TEMPLATE/bug-report.md	999
PL-300-Microsoft-Power-BI-Data-Analyst	Main	blob	.github/ISSUE_TEMPLATE/feature_request.md	908
PL-300-Microsoft-Power-BI-Data-Analyst	Main	blob	.github/PULL_REQUEST_TEMPLATE.md	86
PL-300-Microsoft-Power-BI-Data-Analyst	Main	tree	Allfiles	
PL-300-Microsoft-Power-BI-Data-Analyst	Main	tree	Allfiles/DatabaseBackup	
PL-300-Microsoft-Power-BI-Data-Analyst	Main	blob	Allfiles/DatabaseBackup/AdventureWorksDW2020.bak	19599360
PL-300-Microsoft-Power-BI-Data-Analyst	Main	blob	Allfiles/DatabaseBackup/TailspinToys2020-US.bak	30503424
PL-300-Microsoft-Power-BI-Data-Analyst	Main	tree	Allfiles/Demos	
PL-300-Microsoft-Power-BI-Data-Analyst	Main	tree	Allfiles/Demos/Data	
PL-300-Microsoft-Power-BI-Data-Analyst	Main	blob	Allfiles/Demos/Data/ManagerCategory.xlsx	11157
PL-300-Microsoft-Power-BI-Data-Analyst	Main	blob	Allfiles/Demos/Data/ProductCost.xlsx	10895
PL-300-Microsoft-Power-BI-Data-Analyst	Main	tree	Allfiles/Demos/Resources	
PL-300-Microsoft-Power-BI-Data-Analyst	Main	blob	Allfiles/Demos/Resources/AW Sales Analysis.pbix	27334
PL-300-Microsoft-Power-BI-Data-Analyst	Main	blob	Allfiles/Demos/Resources/Icon-Airplane.jpg	2230
PL-300-Microsoft-Power-BI-Data-Analyst	Main	blob	Allfiles/Demos/Resources/Icon-Star.jpg	2647
PL-300-Microsoft-Power-BI-Data-Analyst	Main	blob	Allfiles/Demos/Resources/Snippets-Demo-05.txt	786
PL-300-Microsoft-Power-BI-Data-Analyst	Main	blob	Allfiles/Demos/Resources/Snippets-Demo-09.txt	141
PL-300-Microsoft-Power-BI-Data-Analyst	Main	blob	Allfiles/Demos/Resources/UpdateDatabase-LoadAdditionalSales.ps1	286
PL-300-Microsoft-Power-BI-Data-Analyst	Main	blob	Allfiles/Demos/Resources/UpdateDatabase-RemoveAdditionalSales.ps1	307
PL-300-Microsoft-Power-BI-Data-Analyst	Main	tree	Allfiles/Demos/Setup	
PL-300-Microsoft-Power-BI-Data-Analyst	Main	blob	Allfiles/Demos/Setup/MySettings.txt	185
PL-300-Microsoft-Power-BI-Data-Analyst	Main	blob	Allfiles/Demos/Setup/Sales Analysis.pbix	146640
PL-300-Microsoft-Power-BI-Data-Analyst	Main	tree	Allfiles/Demos/Solutions	
PL-300-Microsoft-Power-BI-Data-Analyst	Main	tree	Allfiles/Demos/Solutions/Demo-01	
PL-300-Microsoft-Power-BI-Data-Analyst	Main	blob	Allfiles/Demos/Solutions/Demo-01/Sales Analysis.pbix	12933
PL-300-Microsoft-Power-BI-Data-Analyst	Main	tree	Allfiles/Demos/Solutions/Demo-03	
PL-300-Microsoft-Power-BI-Data-Analyst	Main	blob	Allfiles/Demos/Solutions/Demo-03/Sales Analysis.pbix	137829
PL-300-Microsoft-Power-BI-Data-Analyst	Main	tree	Allfiles/Demos/Solutions/Demo-04	
PL-300-Microsoft-Power-BI-Data-Analyst	Main	blob	Allfiles/Demos/Solutions/Demo-04/Sales Analysis.pbix	140628
PL-300-Microsoft-Power-BI-Data-Analyst	Main	tree	Allfiles/Demos/Solutions/Demo-05	
PL-300-Microsoft-Power-BI-Data-Analyst	Main	blob	Allfiles/Demos/Solutions/Demo-05/Sales Analysis.pbix	147385
PL-300-Microsoft-Power-BI-Data-Analyst	Main	tree	Allfiles/Demos/Solutions/Demo-06	
PL-300-Microsoft-Power-BI-Data-Analyst	Main	blob	Allfiles/Demos/Solutions/Demo-06/AW Sales Analysis.pbix	82823
PL-300-Microsoft-Power-BI-Data-Analyst	Main	tree	Allfiles/Demos/Solutions/Demo-07	
PL-300-Microsoft-Power-BI-Data-Analyst	Main	blob	Allfiles/Demos/Solutions/Demo-07/Sales Analysis.pbix	148142
PL-300-Microsoft-Power-BI-Data-Analyst	Main	tree	Allfiles/Demos/Solutions/Demo-09	
PL-300-Microsoft-Power-BI-Data-Analyst	Main	blob	Allfiles/Demos/Solutions/Demo-09/Daily Sales Orders.rdl	29496
PL-300-Microsoft-Power-BI-Data-Analyst	Main	tree	Allfiles/Demos/Solutions/Demo-10	
PL-300-Microsoft-Power-BI-Data-Analyst	Main	blob	Allfiles/Demos/Solutions/Demo-10/Sales Analysis.pbix	151888
PL-300-Microsoft-Power-BI-Data-Analyst	Main	tree	Allfiles/Demos/Solutions/Demo-12	
PL-300-Microsoft-Power-BI-Data-Analyst	Main	blob	Allfiles/Demos/Solutions/Demo-12/Sales Analysis.pbix	147617
PL-300-Microsoft-Power-BI-Data-Analyst	Main	tree	Allfiles/Demos/Solutions/Demo-13	
PL-300-Microsoft-Power-BI-Data-Analyst	Main	blob	Allfiles/Demos/Solutions/Demo-13/Sales Analysis.pbix	148447
PL-300-Microsoft-Power-BI-Data-Analyst	Main	tree	Allfiles/Labs	
PL-300-Microsoft-Power-BI-Data-Analyst	Main	tree	Allfiles/Labs/01-get-data-in-power-bi	
PL-300-Microsoft-Power-BI-Data-Analyst	Main	blob	Allfiles/Labs/01-get-data-in-power-bi/01-Solution-Sales Analysis.pbix	1098195
PL-300-Microsoft-Power-BI-Data-Analyst	Main	blob	Allfiles/Labs/01-get-data-in-power-bi/01-Starter-Sales Analysis.pbix	12520
PL-300-Microsoft-Power-BI-Data-Analyst	Main	blob	Allfiles/Labs/01-get-data-in-power-bi/01-get-data.zip	1069495
PL-300-Microsoft-Power-BI-Data-Analyst	Main	blob	Allfiles/Labs/01-get-data-in-power-bi/ColorFormats.csv	273
PL-300-Microsoft-Power-BI-Data-Analyst	Main	blob	Allfiles/Labs/01-get-data-in-power-bi/ResellerSalesTargets.csv	10148
PL-300-Microsoft-Power-BI-Data-Analyst	Main	tree	Allfiles/Labs/02-transform-data-power-bi	
PL-300-Microsoft-Power-BI-Data-Analyst	Main	blob	Allfiles/Labs/02-transform-data-power-bi/02-Snippets.txt	175
PL-300-Microsoft-Power-BI-Data-Analyst	Main	blob	Allfiles/Labs/02-transform-data-power-bi/02-Solution-Sales Analysis.pbix	680449
PL-300-Microsoft-Power-BI-Data-Analyst	Main	blob	Allfiles/Labs/02-transform-data-power-bi/02-Starter-Sales Analysis.pbix	1137680
PL-300-Microsoft-Power-BI-Data-Analyst	Main	blob	Allfiles/Labs/02-transform-data-power-bi/02-transform-data.zip	1771145
PL-300-Microsoft-Power-BI-Data-Analyst	Main	tree	Allfiles/Labs/03-configure-semantic-model	
PL-300-Microsoft-Power-BI-Data-Analyst	Main	blob	Allfiles/Labs/03-configure-semantic-model/03-Solution-Sales Analysis.pbix	672692
PL-300-Microsoft-Power-BI-Data-Analyst	Main	blob	Allfiles/Labs/03-configure-semantic-model/03-Starter-Sales Analysis.pbix	680271
PL-300-Microsoft-Power-BI-Data-Analyst	Main	blob	Allfiles/Labs/03-configure-semantic-model/03-model-data.zip	1344266
PL-300-Microsoft-Power-BI-Data-Analyst	Main	tree	Allfiles/Labs/04-create-dax-calculations	
PL-300-Microsoft-Power-BI-Data-Analyst	Main	blob	Allfiles/Labs/04-create-dax-calculations/04-Snippets.txt	2054
PL-300-Microsoft-Power-BI-Data-Analyst	Main	blob	Allfiles/Labs/04-create-dax-calculations/04-Solution-Sales Analysis.pbix	687752
PL-300-Microsoft-Power-BI-Data-Analyst	Main	blob	Allfiles/Labs/04-create-dax-calculations/04-Starter-Sales Analysis.pbix	672692
PL-300-Microsoft-Power-BI-Data-Analyst	Main	blob	Allfiles/Labs/04-create-dax-calculations/04-dax-calculations.zip	1353146
PL-300-Microsoft-Power-BI-Data-Analyst	Main	tree	Allfiles/Labs/05-modify-dax-filter-context	
PL-300-Microsoft-Power-BI-Data-Analyst	Main	blob	Allfiles/Labs/05-modify-dax-filter-context/05-Snippets.txt	1404
PL-300-Microsoft-Power-BI-Data-Analyst	Main	blob	Allfiles/Labs/05-modify-dax-filter-context/05-Solution-Sales Analysis.pbix	688386
PL-300-Microsoft-Power-BI-Data-Analyst	Main	blob	Allfiles/Labs/05-modify-dax-filter-context/05-Starter-Sales Analysis.pbix	687751
PL-300-Microsoft-Power-BI-Data-Analyst	Main	blob	Allfiles/Labs/05-modify-dax-filter-context/05-modify-dax-filter-context.zip	1369062
PL-300-Microsoft-Power-BI-Data-Analyst	Main	tree	Allfiles/Labs/06-use-dax-time-intelligence	
PL-300-Microsoft-Power-BI-Data-Analyst	Main	blob	Allfiles/Labs/06-use-dax-time-intelligence/06-Snippets.txt	702
PL-300-Microsoft-Power-BI-Data-Analyst	Main	blob	Allfiles/Labs/06-use-dax-time-intelligence/06-Solution-Sales Analysis.pbix	688797
PL-300-Microsoft-Power-BI-Data-Analyst	Main	blob	Allfiles/Labs/06-use-dax-time-intelligence/06-Starter-Sales Analysis.pbix	688385
PL-300-Microsoft-Power-BI-Data-Analyst	Main	blob	Allfiles/Labs/06-use-dax-time-intelligence/06-time-intelligence.zip	1370035
PL-300-Microsoft-Power-BI-Data-Analyst	Main	tree	Allfiles/Labs/07-create-visual-calculations	
PL-300-Microsoft-Power-BI-Data-Analyst	Main	blob	Allfiles/Labs/07-create-visual-calculations/07-Solution-Sales Analysis.pbix	688728
PL-300-Microsoft-Power-BI-Data-Analyst	Main	blob	Allfiles/Labs/07-create-visual-calculations/07-Starter-Sales Analysis.pbix	685490
PL-300-Microsoft-Power-BI-Data-Analyst	Main	blob	Allfiles/Labs/07-create-visual-calculations/07-visual-calculations.zip	1363978
PL-300-Microsoft-Power-BI-Data-Analyst	Main	tree	Allfiles/Labs/08-design-power-bi-reports	
PL-300-Microsoft-Power-BI-Data-Analyst	Main	blob	Allfiles/Labs/08-design-power-bi-reports/08-Solution-Sales Analysis.pbix	1117182
PL-300-Microsoft-Power-BI-Data-Analyst	Main	blob	Allfiles/Labs/08-design-power-bi-reports/08-Starter-Sales Analysis.pbix	685552
PL-300-Microsoft-Power-BI-Data-Analyst	Main	blob	Allfiles/Labs/08-design-power-bi-reports/08-design-report.zip	1906104
PL-300-Microsoft-Power-BI-Data-Analyst	Main	blob	Allfiles/Labs/08-design-power-bi-reports/AdventureWorksLogo.jpg	220520
PL-300-Microsoft-Power-BI-Data-Analyst	Main	tree	Allfiles/Labs/09-enhance-power-bi-reports	
PL-300-Microsoft-Power-BI-Data-Analyst	Main	blob	Allfiles/Labs/09-enhance-power-bi-reports/09-Solution-Sales Analysis.pbix	1120404
PL-300-Microsoft-Power-BI-Data-Analyst	Main	blob	Allfiles/Labs/09-enhance-power-bi-reports/09-Starter-Sales Analysis.pbix	1117182
PL-300-Microsoft-Power-BI-Data-Analyst	Main	blob	Allfiles/Labs/09-enhance-power-bi-reports/09-enhanced-report.zip	2227899
PL-300-Microsoft-Power-BI-Data-Analyst	Main	tree	Allfiles/Labs/10-perform-analytics-power-bi	
PL-300-Microsoft-Power-BI-Data-Analyst	Main	blob	Allfiles/Labs/10-perform-analytics-power-bi/10-Solution-Sales Exploration.pbix	686402
PL-300-Microsoft-Power-BI-Data-Analyst	Main	blob	Allfiles/Labs/10-perform-analytics-power-bi/10-Starter-Sales Analysis.pbix	1120403
PL-300-Microsoft-Power-BI-Data-Analyst	Main	blob	Allfiles/Labs/10-perform-analytics-power-bi/10-perform-analytics.zip	1797101
PL-300-Microsoft-Power-BI-Data-Analyst	Main	tree	Allfiles/Labs/11-secure-data-access	
PL-300-Microsoft-Power-BI-Data-Analyst	Main	blob	Allfiles/Labs/11-secure-data-access/11-Solution-Sales Analysis.pbix	685918
PL-300-Microsoft-Power-BI-Data-Analyst	Main	blob	Allfiles/Labs/11-secure-data-access/11-Starter-Sales Analysis.pbix	685167
PL-300-Microsoft-Power-BI-Data-Analyst	Main	blob	Allfiles/Labs/11-secure-data-access/11-secure-data.zip	1361157
PL-300-Microsoft-Power-BI-Data-Analyst	Main	tree	Allfiles/Labs/12-create-power-bi-dashboard	
PL-300-Microsoft-Power-BI-Data-Analyst	Main	blob	Allfiles/Labs/12-create-power-bi-dashboard/12-Solution-Sales Analysis.pbix	1137960
PL-300-Microsoft-Power-BI-Data-Analyst	Main	blob	Allfiles/Labs/12-create-power-bi-dashboard/12-Starter-Sales Analysis.pbix	1120403
PL-300-Microsoft-Power-BI-Data-Analyst	Main	blob	Allfiles/Labs/12-create-power-bi-dashboard/12-create-dashboard.zip	2323411
PL-300-Microsoft-Power-BI-Data-Analyst	Main	blob	Allfiles/Labs/12-create-power-bi-dashboard/AdventureWorksLogo_DataURL.txt	33774
PL-300-Microsoft-Power-BI-Data-Analyst	Main	blob	Allfiles/Labs/12-create-power-bi-dashboard/ResellerSales_202006.csv	490982
PL-300-Microsoft-Power-BI-Data-Analyst	Main	blob	Allfiles/Labs/12-create-power-bi-dashboard/UpdateDatabase-2-AddSales.ps1	255
PL-300-Microsoft-Power-BI-Data-Analyst	Main	blob	Allfiles/Labs/12-create-power-bi-dashboard/UpdateDatabase-2.sql	357
PL-300-Microsoft-Power-BI-Data-Analyst	Main	tree	Allfiles/Resources	
PL-300-Microsoft-Power-BI-Data-Analyst	Main	blob	Allfiles/Resources/AdventureWorksLogo.jpg	220520
PL-300-Microsoft-Power-BI-Data-Analyst	Main	blob	Allfiles/Resources/AdventureWorksLogo_DataURL.txt	33774
PL-300-Microsoft-Power-BI-Data-Analyst	Main	blob	Allfiles/Resources/ColorFormats.csv	273
PL-300-Microsoft-Power-BI-Data-Analyst	Main	tree	Allfiles/Resources/Icons	
PL-300-Microsoft-Power-BI-Data-Analyst	Main	blob	Allfiles/Resources/Icons/analyze_yellow.jpg	4390
PL-300-Microsoft-Power-BI-Data-Analyst	Main	blob	Allfiles/Resources/Icons/chart_green.jpg	3464
PL-300-Microsoft-Power-BI-Data-Analyst	Main	blob	Allfiles/Resources/Icons/dollar_blue.jpg	3058
PL-300-Microsoft-Power-BI-Data-Analyst	Main	blob	Allfiles/Resources/Icons/star_gray.jpg	3101
PL-300-Microsoft-Power-BI-Data-Analyst	Main	blob	Allfiles/Resources/ResellerSalesTargets.csv	10148
PL-300-Microsoft-Power-BI-Data-Analyst	Main	blob	Allfiles/Resources/ResellerSales_202006.csv	490982
PL-300-Microsoft-Power-BI-Data-Analyst	Main	tree	Allfiles/Setup	
PL-300-Microsoft-Power-BI-Data-Analyst	Main	blob	Allfiles/Setup/MySettings.txt	25
PL-300-Microsoft-Power-BI-Data-Analyst	Main	tree	Allfiles/Setup/Scripts	
PL-300-Microsoft-Power-BI-Data-Analyst	Main	blob	Allfiles/Setup/Scripts/UpdateDatabase-1.sql	391
PL-300-Microsoft-Power-BI-Data-Analyst	Main	blob	Allfiles/Setup/Scripts/UpdateDatabase-2.sql	331
PL-300-Microsoft-Power-BI-Data-Analyst	Main	blob	Allfiles/Setup/Scripts/UpdateDatabase-3.sql	376
PL-300-Microsoft-Power-BI-Data-Analyst	Main	blob	Allfiles/Setup/Scripts/UpdateDatabase-9.sql	674
PL-300-Microsoft-Power-BI-Data-Analyst	Main	blob	Allfiles/Setup/UpdateDatabase-1-UpdateAccount.ps1	392
PL-300-Microsoft-Power-BI-Data-Analyst	Main	blob	Allfiles/Setup/UpdateDatabase-2-AddSales.ps1	263
PL-300-Microsoft-Power-BI-Data-Analyst	Main	blob	Allfiles/Setup/UpdateDatabase-3-AddPartnerAccount.ps1	406
PL-300-Microsoft-Power-BI-Data-Analyst	Main	blob	Allfiles/Setup/UpdateDatabase-9-Reset.ps1	274
PL-300-Microsoft-Power-BI-Data-Analyst	Main	blob	AllfilesDownload.zip	63999354
PL-300-Microsoft-Power-BI-Data-Analyst	Main	tree	Instructions	
PL-300-Microsoft-Power-BI-Data-Analyst	Main	tree	Instructions/Demos	
PL-300-Microsoft-Power-BI-Data-Analyst	Main	blob	Instructions/Demos/00-setup.md	1158
PL-300-Microsoft-Power-BI-Data-Analyst	Main	blob	Instructions/Demos/01-get-started-data-analytics.md	1087
PL-300-Microsoft-Power-BI-Data-Analyst	Main	blob	Instructions/Demos/02-get-data.md	1482
PL-300-Microsoft-Power-BI-Data-Analyst	Main	blob	Instructions/Demos/03-clean-transform-data.md	1873
PL-300-Microsoft-Power-BI-Data-Analyst	Main	blob	Instructions/Demos/04-design-data-model.md	1637
PL-300-Microsoft-Power-BI-Data-Analyst	Main	blob	Instructions/Demos/05-create-measures-DAX.md	2094
PL-300-Microsoft-Power-BI-Data-Analyst	Main	blob	Instructions/Demos/06-optional-model-optimization.md	2748
PL-300-Microsoft-Power-BI-Data-Analyst	Main	blob	Instructions/Demos/07-create-reports.md	1522
PL-300-Microsoft-Power-BI-Data-Analyst	Main	blob	Instructions/Demos/08-perform-data-analysis.md	1327
PL-300-Microsoft-Power-BI-Data-Analyst	Main	blob	Instructions/Demos/09-create-manage-workspaces.md	1474
PL-300-Microsoft-Power-BI-Data-Analyst	Main	blob	Instructions/Demos/10-manage-items-service.md	1696
PL-300-Microsoft-Power-BI-Data-Analyst	Main	blob	Instructions/Demos/11-create-dashboards.md	1088
PL-300-Microsoft-Power-BI-Data-Analyst	Main	blob	Instructions/Demos/12-enforce-rls.md	2310
PL-300-Microsoft-Power-BI-Data-Analyst	Main	tree	Instructions/Labs	
PL-300-Microsoft-Power-BI-Data-Analyst	Main	blob	Instructions/Labs/00-setup.md	2477
PL-300-Microsoft-Power-BI-Data-Analyst	Main	blob	Instructions/Labs/01-get-data-in-power-bi.md	10216
PL-300-Microsoft-Power-BI-Data-Analyst	Main	blob	Instructions/Labs/02-transform-data-power-bi.md	20761
PL-300-Microsoft-Power-BI-Data-Analyst	Main	blob	Instructions/Labs/03-configure-semantic-model.md	24325
PL-300-Microsoft-Power-BI-Data-Analyst	Main	blob	Instructions/Labs/04-create-dax-calculations.md	19851
PL-300-Microsoft-Power-BI-Data-Analyst	Main	blob	Instructions/Labs/05-modify-dax-filter-context.md	10395
PL-300-Microsoft-Power-BI-Data-Analyst	Main	blob	Instructions/Labs/06-use-dax-time-intelligence.md	6637
PL-300-Microsoft-Power-BI-Data-Analyst	Main	blob	Instructions/Labs/07-create-visual-calculations.md	9297
PL-300-Microsoft-Power-BI-Data-Analyst	Main	blob	Instructions/Labs/08-design-power-bi-reports.md	20368
PL-300-Microsoft-Power-BI-Data-Analyst	Main	blob	Instructions/Labs/09-enhance-power-bi-reports.md	14307
PL-300-Microsoft-Power-BI-Data-Analyst	Main	blob	Instructions/Labs/10-perform-analytics-power-bi.md	6437
PL-300-Microsoft-Power-BI-Data-Analyst	Main	blob	Instructions/Labs/11-secure-data-access.md	5566
PL-300-Microsoft-Power-BI-Data-Analyst	Main	blob	Instructions/Labs/12-create-power-bi-dashboard.md	10078
PL-300-Microsoft-Power-BI-Data-Analyst	Main	tree	Instructions/Labs/Linked_image_Files	
PL-300-Microsoft-Power-BI-Data-Analyst	Main	blob	Instructions/Labs/Linked_image_Files/01-get-data-in-power-bi_image11.png	46970
PL-300-Microsoft-Power-BI-Data-Analyst	Main	blob	Instructions/Labs/Linked_image_Files/01-get-data-in-power-bi_image18.png	6227
PL-300-Microsoft-Power-BI-Data-Analyst	Main	blob	Instructions/Labs/Linked_image_Files/01-get-data-in-power-bi_image20.png	5175
PL-300-Microsoft-Power-BI-Data-Analyst	Main	blob	Instructions/Labs/Linked_image_Files/01-get-data-in-power-bi_image22.png	1659
PL-300-Microsoft-Power-BI-Data-Analyst	Main	blob	Instructions/Labs/Linked_image_Files/01-get-data-in-power-bi_image23.png	7101
PL-300-Microsoft-Power-BI-Data-Analyst	Main	blob	Instructions/Labs/Linked_image_Files/01-get-data-in-power-bi_image24.png	2821
PL-300-Microsoft-Power-BI-Data-Analyst	Main	blob	Instructions/Labs/Linked_image_Files/01-get-data-in-power-bi_image26.png	4702
PL-300-Microsoft-Power-BI-Data-Analyst	Main	blob	Instructions/Labs/Linked_image_Files/01-get-data-in-power-bi_image31.png	5699
PL-300-Microsoft-Power-BI-Data-Analyst	Main	blob	Instructions/Labs/Linked_image_Files/01-get-data-in-power-bi_image38.png	6761
PL-300-Microsoft-Power-BI-Data-Analyst	Main	blob	Instructions/Labs/Linked_image_Files/01-get-data-in-power-bi_image43.png	7000
PL-300-Microsoft-Power-BI-Data-Analyst	Main	blob	Instructions/Labs/Linked_image_Files/02-transform-data-power-bi_image10.png	45571
PL-300-Microsoft-Power-BI-Data-Analyst	Main	blob	Instructions/Labs/Linked_image_Files/02-transform-data-power-bi_image11.png	4779
PL-300-Microsoft-Power-BI-Data-Analyst	Main	blob	Instructions/Labs/Linked_image_Files/02-transform-data-power-bi_image13.png	63792
PL-300-Microsoft-Power-BI-Data-Analyst	Main	blob	Instructions/Labs/Linked_image_Files/02-transform-data-power-bi_image14.png	6999
PL-300-Microsoft-Power-BI-Data-Analyst	Main	blob	Instructions/Labs/Linked_image_Files/02-transform-data-power-bi_image17.png	2881
PL-300-Microsoft-Power-BI-Data-Analyst	Main	blob	Instructions/Labs/Linked_image_Files/02-transform-data-power-bi_image21.png	3468
PL-300-Microsoft-Power-BI-Data-Analyst	Main	blob	Instructions/Labs/Linked_image_Files/02-transform-data-power-bi_image22.png	25268
PL-300-Microsoft-Power-BI-Data-Analyst	Main	blob	Instructions/Labs/Linked_image_Files/02-transform-data-power-bi_image23.png	17150
PL-300-Microsoft-Power-BI-Data-Analyst	Main	blob	Instructions/Labs/Linked_image_Files/02-transform-data-power-bi_image31.png	1255
PL-300-Microsoft-Power-BI-Data-Analyst	Main	blob	Instructions/Labs/Linked_image_Files/02-transform-data-power-bi_image40.png	6148
PL-300-Microsoft-Power-BI-Data-Analyst	Main	blob	Instructions/Labs/Linked_image_Files/02-transform-data-power-bi_image47.png	5728
PL-300-Microsoft-Power-BI-Data-Analyst	Main	blob	Instructions/Labs/Linked_image_Files/02-transform-data-power-bi_image50.png	8818
PL-300-Microsoft-Power-BI-Data-Analyst	Main	blob	Instructions/Labs/Linked_image_Files/02-transform-data-power-bi_image59.png	5494
PL-300-Microsoft-Power-BI-Data-Analyst	Main	blob	Instructions/Labs/Linked_image_Files/02-transform-data-power-bi_image60.png	5556
PL-300-Microsoft-Power-BI-Data-Analyst	Main	blob	Instructions/Labs/Linked_image_Files/02-transform-data-power-bi_image63.png	54732
PL-300-Microsoft-Power-BI-Data-Analyst	Main	blob	Instructions/Labs/Linked_image_Files/02-transform-data-power-bi_image68.png	4496
PL-300-Microsoft-Power-BI-Data-Analyst	Main	blob	Instructions/Labs/Linked_image_Files/02-transform-data-power-bi_image71.png	33958
PL-300-Microsoft-Power-BI-Data-Analyst	Main	blob	Instructions/Labs/Linked_image_Files/02-transform-data-power-bi_image72.png	15091
PL-300-Microsoft-Power-BI-Data-Analyst	Main	blob	Instructions/Labs/Linked_image_Files/02-transform-data-power-bi_image73.png	17768
PL-300-Microsoft-Power-BI-Data-Analyst	Main	blob	Instructions/Labs/Linked_image_Files/02-transform-data-power-bi_image74.png	67680
PL-300-Microsoft-Power-BI-Data-Analyst	Main	blob	Instructions/Labs/Linked_image_Files/02-transform-data-power-bi_image80.png	2629
PL-300-Microsoft-Power-BI-Data-Analyst	Main	blob	Instructions/Labs/Linked_image_Files/02-transform-data-power-bi_image81.png	6027
PL-300-Microsoft-Power-BI-Data-Analyst	Main	blob	Instructions/Labs/Linked_image_Files/02-transform-data-power-bi_image83.png	6349
PL-300-Microsoft-Power-BI-Data-Analyst	Main	blob	Instructions/Labs/Linked_image_Files/02-transform-data-power-bi_image84.png	5687
PL-300-Microsoft-Power-BI-Data-Analyst	Main	blob	Instructions/Labs/Linked_image_Files/03-configure-semantic-model-create-hierarchy-levels.png	13661
PL-300-Microsoft-Power-BI-Data-Analyst	Main	blob	Instructions/Labs/Linked_image_Files/03-configure-semantic-model-create-hierarchy-rename.png	6768
PL-300-Microsoft-Power-BI-Data-Analyst	Main	blob	Instructions/Labs/Linked_image_Files/03-configure-semantic-model-create-hierarchy.png	20698
PL-300-Microsoft-Power-BI-Data-Analyst	Main	blob	Instructions/Labs/Linked_image_Files/03-configure-semantic-model-create-relationships.png	40303
PL-300-Microsoft-Power-BI-Data-Analyst	Main	blob	Instructions/Labs/Linked_image_Files/03-configure-semantic-model-drag-relationship.png	28020
PL-300-Microsoft-Power-BI-Data-Analyst	Main	blob	Instructions/Labs/Linked_image_Files/03-configure-semantic-model-manage-relationships.png	7976
PL-300-Microsoft-Power-BI-Data-Analyst	Main	blob	Instructions/Labs/Linked_image_Files/03-configure-semantic-model-model-view.png	1610
PL-300-Microsoft-Power-BI-Data-Analyst	Main	blob	Instructions/Labs/Linked_image_Files/03-configure-semantic-model-new-relationship.png	11656
PL-300-Microsoft-Power-BI-Data-Analyst	Main	blob	Instructions/Labs/Linked_image_Files/03-configure-semantic-model-quick-measure-add-sales-field.png	35307
PL-300-Microsoft-Power-BI-Data-Analyst	Main	blob	Instructions/Labs/Linked_image_Files/03-configure-semantic-model-relationships-configured.png	53771
PL-300-Microsoft-Power-BI-Data-Analyst	Main	blob	Instructions/Labs/Linked_image_Files/03-configure-semantic-model-table-no-relationship.png	11203
PL-300-Microsoft-Power-BI-Data-Analyst	Main	blob	Instructions/Labs/Linked_image_Files/03-configure-semantic-model-table-with-relationship.png	11028
PL-300-Microsoft-Power-BI-Data-Analyst	Main	blob	Instructions/Labs/Linked_image_Files/03-configure-semantic-model_image21.png	74790
PL-300-Microsoft-Power-BI-Data-Analyst	Main	blob	Instructions/Labs/Linked_image_Files/03-configure-semantic-model_image28.png	3184
PL-300-Microsoft-Power-BI-Data-Analyst	Main	blob	Instructions/Labs/Linked_image_Files/03-configure-semantic-model_image29.png	5875
PL-300-Microsoft-Power-BI-Data-Analyst	Main	blob	Instructions/Labs/Linked_image_Files/03-configure-semantic-model_image30.png	16537
PL-300-Microsoft-Power-BI-Data-Analyst	Main	blob	Instructions/Labs/Linked_image_Files/03-configure-semantic-model_image32.png	8879
PL-300-Microsoft-Power-BI-Data-Analyst	Main	blob	Instructions/Labs/Linked_image_Files/03-configure-semantic-model_image40.png	7024
PL-300-Microsoft-Power-BI-Data-Analyst	Main	blob	Instructions/Labs/Linked_image_Files/03-configure-semantic-model_image43.png	4427
PL-300-Microsoft-Power-BI-Data-Analyst	Main	blob	Instructions/Labs/Linked_image_Files/03-configure-semantic-model_image46.png	5815
PL-300-Microsoft-Power-BI-Data-Analyst	Main	blob	Instructions/Labs/Linked_image_Files/03-configure-semantic-model_image47.png	18239
PL-300-Microsoft-Power-BI-Data-Analyst	Main	blob	Instructions/Labs/Linked_image_Files/03-configure-semantic-model_image48.png	9759
PL-300-Microsoft-Power-BI-Data-Analyst	Main	blob	Instructions/Labs/Linked_image_Files/03-configure-semantic-model_image50.png	6072
PL-300-Microsoft-Power-BI-Data-Analyst	Main	blob	Instructions/Labs/Linked_image_Files/03-configure-semantic-model_image54.png	7349
PL-300-Microsoft-Power-BI-Data-Analyst	Main	blob	Instructions/Labs/Linked_image_Files/03-configure-semantic-model_image55.png	6307
PL-300-Microsoft-Power-BI-Data-Analyst	Main	blob	Instructions/Labs/Linked_image_Files/03-configure-semantic-model_image56.png	8104
PL-300-Microsoft-Power-BI-Data-Analyst	Main	blob	Instructions/Labs/Linked_image_Files/03-configure-semantic-model_image57.png	8720
PL-300-Microsoft-Power-BI-Data-Analyst	Main	blob	Instructions/Labs/Linked_image_Files/03-configure-semantic-model_u_image11.png	31664
PL-300-Microsoft-Power-BI-Data-Analyst	Main	blob	Instructions/Labs/Linked_image_Files/03-configure-semantic-model_u_image12.png	9099
PL-300-Microsoft-Power-BI-Data-Analyst	Main	blob	Instructions/Labs/Linked_image_Files/03-configure-semantic-model_u_image14.png	21774
PL-300-Microsoft-Power-BI-Data-Analyst	Main	blob	Instructions/Labs/Linked_image_Files/03-configure-semantic-model_u_image14a.png	5143
PL-300-Microsoft-Power-BI-Data-Analyst	Main	blob	Instructions/Labs/Linked_image_Files/03-configure-semantic-model_u_image17.png	23013
PL-300-Microsoft-Power-BI-Data-Analyst	Main	blob	Instructions/Labs/Linked_image_Files/03-configure-semantic-model_u_image19.png	41064
PL-300-Microsoft-Power-BI-Data-Analyst	Main	blob	Instructions/Labs/Linked_image_Files/03-configure-semantic-model_u_image9.png	29206
PL-300-Microsoft-Power-BI-Data-Analyst	Main	blob	Instructions/Labs/Linked_image_Files/04-create-dax-calculations_date-table.png	9806
PL-300-Microsoft-Power-BI-Data-Analyst	Main	blob	Instructions/Labs/Linked_image_Files/04-create-dax-calculations_image10.png	2487
PL-300-Microsoft-Power-BI-Data-Analyst	Main	blob	Instructions/Labs/Linked_image_Files/04-create-dax-calculations_image11.png	3202
PL-300-Microsoft-Power-BI-Data-Analyst	Main	blob	Instructions/Labs/Linked_image_Files/04-create-dax-calculations_image15.png	3271
PL-300-Microsoft-Power-BI-Data-Analyst	Main	blob	Instructions/Labs/Linked_image_Files/04-create-dax-calculations_image16.png	1877
PL-300-Microsoft-Power-BI-Data-Analyst	Main	blob	Instructions/Labs/Linked_image_Files/04-create-dax-calculations_image17.png	2535
PL-300-Microsoft-Power-BI-Data-Analyst	Main	blob	Instructions/Labs/Linked_image_Files/04-create-dax-calculations_image18.png	848
PL-300-Microsoft-Power-BI-Data-Analyst	Main	blob	Instructions/Labs/Linked_image_Files/04-create-dax-calculations_image19.png	4083
PL-300-Microsoft-Power-BI-Data-Analyst	Main	blob	Instructions/Labs/Linked_image_Files/04-create-dax-calculations_image21.png	8255
PL-300-Microsoft-Power-BI-Data-Analyst	Main	blob	Instructions/Labs/Linked_image_Files/04-create-dax-calculations_image22.png	2863
PL-300-Microsoft-Power-BI-Data-Analyst	Main	blob	Instructions/Labs/Linked_image_Files/04-create-dax-calculations_image23.png	18279
PL-300-Microsoft-Power-BI-Data-Analyst	Main	blob	Instructions/Labs/Linked_image_Files/04-create-dax-calculations_image24.png	40354
PL-300-Microsoft-Power-BI-Data-Analyst	Main	blob	Instructions/Labs/Linked_image_Files/04-create-dax-calculations_image26.png	3813
PL-300-Microsoft-Power-BI-Data-Analyst	Main	blob	Instructions/Labs/Linked_image_Files/04-create-dax-calculations_image27.png	3726
PL-300-Microsoft-Power-BI-Data-Analyst	Main	blob	Instructions/Labs/Linked_image_Files/04-create-dax-calculations_image28.png	25514
PL-300-Microsoft-Power-BI-Data-Analyst	Main	blob	Instructions/Labs/Linked_image_Files/04-create-dax-calculations_image29.png	13719
PL-300-Microsoft-Power-BI-Data-Analyst	Main	blob	Instructions/Labs/Linked_image_Files/04-create-dax-calculations_image30.png	3724
PL-300-Microsoft-Power-BI-Data-Analyst	Main	blob	Instructions/Labs/Linked_image_Files/04-create-dax-calculations_image30a.png	18804
PL-300-Microsoft-Power-BI-Data-Analyst	Main	blob	Instructions/Labs/Linked_image_Files/04-create-dax-calculations_image30b.png	6644
PL-300-Microsoft-Power-BI-Data-Analyst	Main	blob	Instructions/Labs/Linked_image_Files/04-create-dax-calculations_image31.png	12159
PL-300-Microsoft-Power-BI-Data-Analyst	Main	blob	Instructions/Labs/Linked_image_Files/04-create-dax-calculations_image31a.png	6686
PL-300-Microsoft-Power-BI-Data-Analyst	Main	blob	Instructions/Labs/Linked_image_Files/04-create-dax-calculations_image35.png	12653
PL-300-Microsoft-Power-BI-Data-Analyst	Main	blob	Instructions/Labs/Linked_image_Files/04-create-dax-calculations_image36.png	7456
PL-300-Microsoft-Power-BI-Data-Analyst	Main	blob	Instructions/Labs/Linked_image_Files/04-create-dax-calculations_image39.png	20658
PL-300-Microsoft-Power-BI-Data-Analyst	Main	blob	Instructions/Labs/Linked_image_Files/04-create-dax-calculations_image40.png	3790
PL-300-Microsoft-Power-BI-Data-Analyst	Main	blob	Instructions/Labs/Linked_image_Files/04-create-dax-calculations_image41.png	2163
PL-300-Microsoft-Power-BI-Data-Analyst	Main	blob	Instructions/Labs/Linked_image_Files/04-create-dax-calculations_image41a.png	3202
PL-300-Microsoft-Power-BI-Data-Analyst	Main	blob	Instructions/Labs/Linked_image_Files/04-create-dax-calculations_image43.png	24767
PL-300-Microsoft-Power-BI-Data-Analyst	Main	blob	Instructions/Labs/Linked_image_Files/04-create-dax-calculations_image45.png	45966
PL-300-Microsoft-Power-BI-Data-Analyst	Main	blob	Instructions/Labs/Linked_image_Files/04-create-dax-calculations_image47.png	46386
PL-300-Microsoft-Power-BI-Data-Analyst	Main	blob	Instructions/Labs/Linked_image_Files/04-create-dax-calculations_image48.png	64653
PL-300-Microsoft-Power-BI-Data-Analyst	Main	blob	Instructions/Labs/Linked_image_Files/04-create-dax-calculations_image50.png	9573
PL-300-Microsoft-Power-BI-Data-Analyst	Main	blob	Instructions/Labs/Linked_image_Files/04-create-dax-calculations_image9.png	11635
PL-300-Microsoft-Power-BI-Data-Analyst	Main	blob	Instructions/Labs/Linked_image_Files/05-modify-dax-filter-context_image11.png	1886
PL-300-Microsoft-Power-BI-Data-Analyst	Main	blob	Instructions/Labs/Linked_image_Files/05-modify-dax-filter-context_image12.png	5548
PL-300-Microsoft-Power-BI-Data-Analyst	Main	blob	Instructions/Labs/Linked_image_Files/05-modify-dax-filter-context_image14.png	14346
PL-300-Microsoft-Power-BI-Data-Analyst	Main	blob	Instructions/Labs/Linked_image_Files/05-modify-dax-filter-context_image15.png	36682
PL-300-Microsoft-Power-BI-Data-Analyst	Main	blob	Instructions/Labs/Linked_image_Files/05-modify-dax-filter-context_image16.png	52603
PL-300-Microsoft-Power-BI-Data-Analyst	Main	blob	Instructions/Labs/Linked_image_Files/05-modify-dax-filter-context_image17.png	47835
PL-300-Microsoft-Power-BI-Data-Analyst	Main	blob	Instructions/Labs/Linked_image_Files/05-modify-dax-filter-context_image18.png	14055
PL-300-Microsoft-Power-BI-Data-Analyst	Main	blob	Instructions/Labs/Linked_image_Files/05-modify-dax-filter-context_image19.png	52947
PL-300-Microsoft-Power-BI-Data-Analyst	Main	blob	Instructions/Labs/Linked_image_Files/05-modify-dax-filter-context_image20.png	3473
PL-300-Microsoft-Power-BI-Data-Analyst	Main	blob	Instructions/Labs/Linked_image_Files/05-modify-dax-filter-context_image23.png	18279
PL-300-Microsoft-Power-BI-Data-Analyst	Main	blob	Instructions/Labs/Linked_image_Files/06-finished-report-page.png	111180
PL-300-Microsoft-Power-BI-Data-Analyst	Main	blob	Instructions/Labs/Linked_image_Files/06-use-dax-time-intelligence-functions_image21.png	17609
PL-300-Microsoft-Power-BI-Data-Analyst	Main	blob	Instructions/Labs/Linked_image_Files/06-use-dax-time-intelligence-functions_image22.png	34404
PL-300-Microsoft-Power-BI-Data-Analyst	Main	blob	Instructions/Labs/Linked_image_Files/06-use-dax-time-intelligence-functions_image23.png	28937
PL-300-Microsoft-Power-BI-Data-Analyst	Main	blob	Instructions/Labs/Linked_image_Files/06-use-dax-time-intelligence-functions_image24.png	3107
PL-300-Microsoft-Power-BI-Data-Analyst	Main	blob	Instructions/Labs/Linked_image_Files/07-create-visual-calculations_image01.png	29343
PL-300-Microsoft-Power-BI-Data-Analyst	Main	blob	Instructions/Labs/Linked_image_Files/07-create-visual-calculations_image02.png	33125
PL-300-Microsoft-Power-BI-Data-Analyst	Main	blob	Instructions/Labs/Linked_image_Files/07-create-visual-calculations_image03.png	6553
PL-300-Microsoft-Power-BI-Data-Analyst	Main	blob	Instructions/Labs/Linked_image_Files/07-create-visual-calculations_image04.png	17878
PL-300-Microsoft-Power-BI-Data-Analyst	Main	blob	Instructions/Labs/Linked_image_Files/07-create-visual-calculations_image05.png	17409
PL-300-Microsoft-Power-BI-Data-Analyst	Main	blob	Instructions/Labs/Linked_image_Files/07-create-visual-calculations_image06.png	59412
PL-300-Microsoft-Power-BI-Data-Analyst	Main	blob	Instructions/Labs/Linked_image_Files/07-create-visual-calculations_image07.png	8169
PL-300-Microsoft-Power-BI-Data-Analyst	Main	blob	Instructions/Labs/Linked_image_Files/07-create-visual-calculations_image08.png	26485
PL-300-Microsoft-Power-BI-Data-Analyst	Main	blob	Instructions/Labs/Linked_image_Files/07-create-visual-calculations_image09.png	40716
PL-300-Microsoft-Power-BI-Data-Analyst	Main	blob	Instructions/Labs/Linked_image_Files/07-create-visual-calculations_image10.png	47574
PL-300-Microsoft-Power-BI-Data-Analyst	Main	blob	Instructions/Labs/Linked_image_Files/07-create-visual-calculations_image11.png	130730
PL-300-Microsoft-Power-BI-Data-Analyst	Main	blob	Instructions/Labs/Linked_image_Files/08-design-power-bi-reports-format-image.png	20267
PL-300-Microsoft-Power-BI-Data-Analyst	Main	blob	Instructions/Labs/Linked_image_Files/08-design-power-bi-reports_bi-focus-mode.png	1592
PL-300-Microsoft-Power-BI-Data-Analyst	Main	blob	Instructions/Labs/Linked_image_Files/08-design-power-bi-reports_e_image13.png	4526
PL-300-Microsoft-Power-BI-Data-Analyst	Main	blob	Instructions/Labs/Linked_image_Files/08-design-power-bi-reports_e_image14.png	8615
PL-300-Microsoft-Power-BI-Data-Analyst	Main	blob	Instructions/Labs/Linked_image_Files/08-design-power-bi-reports_e_image15.png	8701
PL-300-Microsoft-Power-BI-Data-Analyst	Main	blob	Instructions/Labs/Linked_image_Files/08-design-power-bi-reports_filter-visual.png	6883
PL-300-Microsoft-Power-BI-Data-Analyst	Main	blob	Instructions/Labs/Linked_image_Files/08-design-power-bi-reports_image15.png	9077
PL-300-Microsoft-Power-BI-Data-Analyst	Main	blob	Instructions/Labs/Linked_image_Files/08-design-power-bi-reports_image16.png	59213
PL-300-Microsoft-Power-BI-Data-Analyst	Main	blob	Instructions/Labs/Linked_image_Files/08-design-power-bi-reports_image17.png	952
PL-300-Microsoft-Power-BI-Data-Analyst	Main	blob	Instructions/Labs/Linked_image_Files/08-design-power-bi-reports_image18.png	18283
PL-300-Microsoft-Power-BI-Data-Analyst	Main	blob	Instructions/Labs/Linked_image_Files/08-design-power-bi-reports_image20.png	1026
PL-300-Microsoft-Power-BI-Data-Analyst	Main	blob	Instructions/Labs/Linked_image_Files/08-design-power-bi-reports_image21.png	1310
PL-300-Microsoft-Power-BI-Data-Analyst	Main	blob	Instructions/Labs/Linked_image_Files/08-design-power-bi-reports_image22.png	1075
PL-300-Microsoft-Power-BI-Data-Analyst	Main	blob	Instructions/Labs/Linked_image_Files/08-design-power-bi-reports_image26.png	18261
PL-300-Microsoft-Power-BI-Data-Analyst	Main	blob	Instructions/Labs/Linked_image_Files/08-design-power-bi-reports_image27.png	1286
PL-300-Microsoft-Power-BI-Data-Analyst	Main	blob	Instructions/Labs/Linked_image_Files/08-design-power-bi-reports_image28_N.png	22941
PL-300-Microsoft-Power-BI-Data-Analyst	Main	blob	Instructions/Labs/Linked_image_Files/08-design-power-bi-reports_image29.png	46970
PL-300-Microsoft-Power-BI-Data-Analyst	Main	blob	Instructions/Labs/Linked_image_Files/08-design-power-bi-reports_image30.png	17575
PL-300-Microsoft-Power-BI-Data-Analyst	Main	blob	Instructions/Labs/Linked_image_Files/08-design-power-bi-reports_image32.png	1431
PL-300-Microsoft-Power-BI-Data-Analyst	Main	blob	Instructions/Labs/Linked_image_Files/08-design-power-bi-reports_image33.png	18287
PL-300-Microsoft-Power-BI-Data-Analyst	Main	blob	Instructions/Labs/Linked_image_Files/08-design-power-bi-reports_image34.png	9928
PL-300-Microsoft-Power-BI-Data-Analyst	Main	blob	Instructions/Labs/Linked_image_Files/08-design-power-bi-reports_image35.png	5560
PL-300-Microsoft-Power-BI-Data-Analyst	Main	blob	Instructions/Labs/Linked_image_Files/08-design-power-bi-reports_image36.png	2197
PL-300-Microsoft-Power-BI-Data-Analyst	Main	blob	Instructions/Labs/Linked_image_Files/08-design-power-bi-reports_image37.png	30755
PL-300-Microsoft-Power-BI-Data-Analyst	Main	blob	Instructions/Labs/Linked_image_Files/08-design-power-bi-reports_image40.png	974
PL-300-Microsoft-Power-BI-Data-Analyst	Main	blob	Instructions/Labs/Linked_image_Files/08-design-power-bi-reports_image41.png	1087
PL-300-Microsoft-Power-BI-Data-Analyst	Main	blob	Instructions/Labs/Linked_image_Files/08-design-power-bi-reports_image42.png	7551
PL-300-Microsoft-Power-BI-Data-Analyst	Main	blob	Instructions/Labs/Linked_image_Files/08-design-power-bi-reports_image43.png	14646
PL-300-Microsoft-Power-BI-Data-Analyst	Main	blob	Instructions/Labs/Linked_image_Files/08-design-power-bi-reports_image44.png	9713
PL-300-Microsoft-Power-BI-Data-Analyst	Main	blob	Instructions/Labs/Linked_image_Files/08-design-power-bi-reports_image46.png	3136
PL-300-Microsoft-Power-BI-Data-Analyst	Main	blob	Instructions/Labs/Linked_image_Files/08-design-power-bi-reports_image47.png	53315
PL-300-Microsoft-Power-BI-Data-Analyst	Main	blob	Instructions/Labs/Linked_image_Files/08-design-power-bi-reports_image49.png	970
PL-300-Microsoft-Power-BI-Data-Analyst	Main	blob	Instructions/Labs/Linked_image_Files/08-design-power-bi-reports_image50.png	1373
PL-300-Microsoft-Power-BI-Data-Analyst	Main	blob	Instructions/Labs/Linked_image_Files/08-design-power-bi-reports_image51.png	18276
PL-300-Microsoft-Power-BI-Data-Analyst	Main	blob	Instructions/Labs/Linked_image_Files/08-design-power-bi-reports_image52.png	1074
PL-300-Microsoft-Power-BI-Data-Analyst	Main	blob	Instructions/Labs/Linked_image_Files/08-design-power-bi-reports_image53.png	16278
PL-300-Microsoft-Power-BI-Data-Analyst	Main	blob	Instructions/Labs/Linked_image_Files/08-design-power-bi-reports_image54.png	18294
PL-300-Microsoft-Power-BI-Data-Analyst	Main	blob	Instructions/Labs/Linked_image_Files/08-design-power-bi-reports_image55.png	1585
PL-300-Microsoft-Power-BI-Data-Analyst	Main	blob	Instructions/Labs/Linked_image_Files/08-design-power-bi-reports_image56.png	16958
PL-300-Microsoft-Power-BI-Data-Analyst	Main	blob	Instructions/Labs/Linked_image_Files/08-design-power-bi-reports_image57.png	1649
PL-300-Microsoft-Power-BI-Data-Analyst	Main	blob	Instructions/Labs/Linked_image_Files/08-design-power-bi-reports_image58.png	18289
PL-300-Microsoft-Power-BI-Data-Analyst	Main	blob	Instructions/Labs/Linked_image_Files/08-design-power-bi-reports_image59.png	854
PL-300-Microsoft-Power-BI-Data-Analyst	Main	blob	Instructions/Labs/Linked_image_Files/08-design-power-bi-reports_image66.png	4442
PL-300-Microsoft-Power-BI-Data-Analyst	Main	blob	Instructions/Labs/Linked_image_Files/08-design-power-bi-reports_image67.png	11043
PL-300-Microsoft-Power-BI-Data-Analyst	Main	blob	Instructions/Labs/Linked_image_Files/08-design-power-bi-reports_image68.png	2954
PL-300-Microsoft-Power-BI-Data-Analyst	Main	blob	Instructions/Labs/Linked_image_Files/08-design-power-bi-reports_image69.png	3011
PL-300-Microsoft-Power-BI-Data-Analyst	Main	blob	Instructions/Labs/Linked_image_Files/08-design-power-bi-reports_image70.png	12697
PL-300-Microsoft-Power-BI-Data-Analyst	Main	blob	Instructions/Labs/Linked_image_Files/08-design-power-bi-reports_image71.png	1547
PL-300-Microsoft-Power-BI-Data-Analyst	Main	blob	Instructions/Labs/Linked_image_Files/08-design-power-bi-reports_image999.png	24419
PL-300-Microsoft-Power-BI-Data-Analyst	Main	blob	Instructions/Labs/Linked_image_Files/08-design-power-bi-reports_my-workspace.png	28580
PL-300-Microsoft-Power-BI-Data-Analyst	Main	blob	Instructions/Labs/Linked_image_Files/08-design-power-bi-reports_slicer_style.png	15814
PL-300-Microsoft-Power-BI-Data-Analyst	Main	blob	Instructions/Labs/Linked_image_Files/08-design-power-bi-reports_stacked-column-chart.png	18294
PL-300-Microsoft-Power-BI-Data-Analyst	Main	blob	Instructions/Labs/Linked_image_Files/09-enhance-power-bi-reports_image17.png	82050
PL-300-Microsoft-Power-BI-Data-Analyst	Main	blob	Instructions/Labs/Linked_image_Files/09-enhance-power-bi-reports_image20.png	12969
PL-300-Microsoft-Power-BI-Data-Analyst	Main	blob	Instructions/Labs/Linked_image_Files/09-enhance-power-bi-reports_image21.png	12434
PL-300-Microsoft-Power-BI-Data-Analyst	Main	blob	Instructions/Labs/Linked_image_Files/09-enhance-power-bi-reports_image23.png	18282
PL-300-Microsoft-Power-BI-Data-Analyst	Main	blob	Instructions/Labs/Linked_image_Files/09-enhance-power-bi-reports_image24.png	1813
PL-300-Microsoft-Power-BI-Data-Analyst	Main	blob	Instructions/Labs/Linked_image_Files/09-enhance-power-bi-reports_image26.png	18279
PL-300-Microsoft-Power-BI-Data-Analyst	Main	blob	Instructions/Labs/Linked_image_Files/09-enhance-power-bi-reports_image27.png	1921
PL-300-Microsoft-Power-BI-Data-Analyst	Main	blob	Instructions/Labs/Linked_image_Files/09-enhance-power-bi-reports_image28.png	88062
PL-300-Microsoft-Power-BI-Data-Analyst	Main	blob	Instructions/Labs/Linked_image_Files/09-enhance-power-bi-reports_image29.png	27413
PL-300-Microsoft-Power-BI-Data-Analyst	Main	blob	Instructions/Labs/Linked_image_Files/09-enhance-power-bi-reports_image30.png	11130
PL-300-Microsoft-Power-BI-Data-Analyst	Main	blob	Instructions/Labs/Linked_image_Files/09-enhance-power-bi-reports_image30a.png	7302
PL-300-Microsoft-Power-BI-Data-Analyst	Main	blob	Instructions/Labs/Linked_image_Files/09-enhance-power-bi-reports_image31.png	2574
PL-300-Microsoft-Power-BI-Data-Analyst	Main	blob	Instructions/Labs/Linked_image_Files/09-enhance-power-bi-reports_image32.png	11899
PL-300-Microsoft-Power-BI-Data-Analyst	Main	blob	Instructions/Labs/Linked_image_Files/09-enhance-power-bi-reports_image34.png	19179
PL-300-Microsoft-Power-BI-Data-Analyst	Main	blob	Instructions/Labs/Linked_image_Files/09-enhance-power-bi-reports_image36.png	23296
PL-300-Microsoft-Power-BI-Data-Analyst	Main	blob	Instructions/Labs/Linked_image_Files/09-enhance-power-bi-reports_image36a.png	7484
PL-300-Microsoft-Power-BI-Data-Analyst	Main	blob	Instructions/Labs/Linked_image_Files/09-enhance-power-bi-reports_image36b.png	11394
PL-300-Microsoft-Power-BI-Data-Analyst	Main	blob	Instructions/Labs/Linked_image_Files/09-enhance-power-bi-reports_image36c.png	13294
PL-300-Microsoft-Power-BI-Data-Analyst	Main	blob	Instructions/Labs/Linked_image_Files/09-enhance-power-bi-reports_image38.png	55144
PL-300-Microsoft-Power-BI-Data-Analyst	Main	blob	Instructions/Labs/Linked_image_Files/09-enhance-power-bi-reports_image39.png	6388
PL-300-Microsoft-Power-BI-Data-Analyst	Main	blob	Instructions/Labs/Linked_image_Files/09-enhance-power-bi-reports_image40.png	6600
PL-300-Microsoft-Power-BI-Data-Analyst	Main	blob	Instructions/Labs/Linked_image_Files/09-enhance-power-bi-reports_image41.png	7237
PL-300-Microsoft-Power-BI-Data-Analyst	Main	blob	Instructions/Labs/Linked_image_Files/09-enhance-power-bi-reports_image42.png	2457
PL-300-Microsoft-Power-BI-Data-Analyst	Main	blob	Instructions/Labs/Linked_image_Files/09-enhance-power-bi-reports_image43.png	13504
PL-300-Microsoft-Power-BI-Data-Analyst	Main	blob	Instructions/Labs/Linked_image_Files/09-enhance-power-bi-reports_image45.png	7322
PL-300-Microsoft-Power-BI-Data-Analyst	Main	blob	Instructions/Labs/Linked_image_Files/09-enhance-power-bi-reports_image46.png	3786
PL-300-Microsoft-Power-BI-Data-Analyst	Main	blob	Instructions/Labs/Linked_image_Files/09-enhance-power-bi-reports_image47.png	1199
PL-300-Microsoft-Power-BI-Data-Analyst	Main	blob	Instructions/Labs/Linked_image_Files/09-enhance-power-bi-reports_image48.png	17379
PL-300-Microsoft-Power-BI-Data-Analyst	Main	blob	Instructions/Labs/Linked_image_Files/09-enhance-power-bi-reports_image49b.png	13802
PL-300-Microsoft-Power-BI-Data-Analyst	Main	blob	Instructions/Labs/Linked_image_Files/09-enhance-power-bi-reports_image51.png	7213
PL-300-Microsoft-Power-BI-Data-Analyst	Main	blob	Instructions/Labs/Linked_image_Files/09-enhance-power-bi-reports_image52.png	854
PL-300-Microsoft-Power-BI-Data-Analyst	Main	blob	Instructions/Labs/Linked_image_Files/09-enhance-power-bi-reports_image55.png	3856
PL-300-Microsoft-Power-BI-Data-Analyst	Main	blob	Instructions/Labs/Linked_image_Files/10-perform-analytics-power-bi_image15.png	40328
PL-300-Microsoft-Power-BI-Data-Analyst	Main	blob	Instructions/Labs/Linked_image_Files/10-perform-analytics-power-bi_image16.png	972
PL-300-Microsoft-Power-BI-Data-Analyst	Main	blob	Instructions/Labs/Linked_image_Files/10-perform-analytics-power-bi_image19.png	2902
PL-300-Microsoft-Power-BI-Data-Analyst	Main	blob	Instructions/Labs/Linked_image_Files/10-perform-analytics-power-bi_image21.png	40191
PL-300-Microsoft-Power-BI-Data-Analyst	Main	blob	Instructions/Labs/Linked_image_Files/10-perform-analytics-power-bi_image22.png	972
PL-300-Microsoft-Power-BI-Data-Analyst	Main	blob	Instructions/Labs/Linked_image_Files/10-perform-analytics-power-bi_image26.png	21488
PL-300-Microsoft-Power-BI-Data-Analyst	Main	blob	Instructions/Labs/Linked_image_Files/10-perform-analytics-power-bi_image29.png	23949
PL-300-Microsoft-Power-BI-Data-Analyst	Main	blob	Instructions/Labs/Linked_image_Files/11-secure-data-access_image20.png	641
PL-300-Microsoft-Power-BI-Data-Analyst	Main	blob	Instructions/Labs/Linked_image_Files/11-secure-data-access_image21.png	2723
PL-300-Microsoft-Power-BI-Data-Analyst	Main	blob	Instructions/Labs/Linked_image_Files/11-secure-data-access_image23.png	3861
PL-300-Microsoft-Power-BI-Data-Analyst	Main	blob	Instructions/Labs/Linked_image_Files/11-secure-data-access_image24.png	56734
PL-300-Microsoft-Power-BI-Data-Analyst	Main	blob	Instructions/Labs/Linked_image_Files/11-secure-data-access_image25.png	2447
PL-300-Microsoft-Power-BI-Data-Analyst	Main	blob	Instructions/Labs/Linked_image_Files/11-secure-data-access_image27.png	2789
PL-300-Microsoft-Power-BI-Data-Analyst	Main	blob	Instructions/Labs/Linked_image_Files/11-secure-data-access_image28.png	8917
PL-300-Microsoft-Power-BI-Data-Analyst	Main	blob	Instructions/Labs/Linked_image_Files/11-secure-data-access_image30.png	5152
PL-300-Microsoft-Power-BI-Data-Analyst	Main	blob	Instructions/Labs/Linked_image_Files/11-secure-data-access_image31.png	3801
PL-300-Microsoft-Power-BI-Data-Analyst	Main	blob	Instructions/Labs/Linked_image_Files/11-secure-data-access_image32.png	2262
PL-300-Microsoft-Power-BI-Data-Analyst	Main	blob	Instructions/Labs/Linked_image_Files/11-secure-data-access_image33.png	2723
PL-300-Microsoft-Power-BI-Data-Analyst	Main	blob	Instructions/Labs/Linked_image_Files/11-secure-data-access_image34.png	8298
PL-300-Microsoft-Power-BI-Data-Analyst	Main	blob	Instructions/Labs/Linked_image_Files/12-create-power-bi-dashboard_image17.png	1179
PL-300-Microsoft-Power-BI-Data-Analyst	Main	blob	Instructions/Labs/Linked_image_Files/12-create-power-bi-dashboard_image18.png	864
PL-300-Microsoft-Power-BI-Data-Analyst	Main	blob	Instructions/Labs/Linked_image_Files/12-create-power-bi-dashboard_image19.png	8929
PL-300-Microsoft-Power-BI-Data-Analyst	Main	blob	Instructions/Labs/Linked_image_Files/12-create-power-bi-dashboard_image22.png	18636
PL-300-Microsoft-Power-BI-Data-Analyst	Main	blob	Instructions/Labs/Linked_image_Files/12-create-power-bi-dashboard_image23.png	1881
PL-300-Microsoft-Power-BI-Data-Analyst	Main	blob	Instructions/Labs/Linked_image_Files/12-create-power-bi-dashboard_image25.png	3824
PL-300-Microsoft-Power-BI-Data-Analyst	Main	blob	Instructions/Labs/Linked_image_Files/12-create-power-bi-dashboard_image27.png	3624
PL-300-Microsoft-Power-BI-Data-Analyst	Main	blob	Instructions/Labs/Linked_image_Files/12-create-power-bi-dashboard_image28.png	2056
PL-300-Microsoft-Power-BI-Data-Analyst	Main	blob	Instructions/Labs/Linked_image_Files/12-create-power-bi-dashboard_image35.png	38641
PL-300-Microsoft-Power-BI-Data-Analyst	Main	blob	Instructions/Labs/Linked_image_Files/12-create-power-bi-dashboard_image36.png	13501
PL-300-Microsoft-Power-BI-Data-Analyst	Main	blob	Instructions/Labs/Linked_image_Files/12-create-power-bi-dashboard_image39.png	5755
PL-300-Microsoft-Power-BI-Data-Analyst	Main	blob	Instructions/Labs/Linked_image_Files/12-create-power-bi-dashboard_image40.png	2393
PL-300-Microsoft-Power-BI-Data-Analyst	Main	blob	Instructions/Labs/Linked_image_Files/12-create-power-bi-dashboard_image46.png	5544
PL-300-Microsoft-Power-BI-Data-Analyst	Main	blob	Instructions/Labs/Linked_image_Files/12-create-power-bi-dashboard_image47.png	3461
PL-300-Microsoft-Power-BI-Data-Analyst	Main	blob	Instructions/Labs/Linked_image_Files/12-create-power-bi-dashboard_image48.png	854
PL-300-Microsoft-Power-BI-Data-Analyst	Main	blob	Instructions/Labs/Linked_image_Files/12-create-power-bi-dashboard_image50.png	22354
PL-300-Microsoft-Power-BI-Data-Analyst	Main	blob	LICENSE	1070
PL-300-Microsoft-Power-BI-Data-Analyst	Main	blob	_build.yml	1259
PL-300-Microsoft-Power-BI-Data-Analyst	Main	blob	_config.yml	339
PL-300-Microsoft-Power-BI-Data-Analyst	Main	blob	index.md	950
PL-300-Microsoft-Power-BI-Data-Analyst	Main	blob	readme.md	3248
PL-900-Microsoft-Power-Platform-Fundamentals	master	tree	.github	
PL-900-Microsoft-Power-Platform-Fundamentals	master	blob	.github/CONTRIBUTING.md	2469
PL-900-Microsoft-Power-Platform-Fundamentals	master	blob	.github/ISSUE_TEMPLATE.md	101
PL-900-Microsoft-Power-Platform-Fundamentals	master	blob	.github/PULL_REQUEST_TEMPLATE.md	86
PL-900-Microsoft-Power-Platform-Fundamentals	master	blob	.gitignore	3
PL-900-Microsoft-Power-Platform-Fundamentals	master	tree	Allfiles	
PL-900-Microsoft-Power-Platform-Fundamentals	master	tree	Allfiles/Labs	
PL-900-Microsoft-Power-Platform-Fundamentals	master	blob	Allfiles/Labs/Campus Management.png	22759
PL-900-Microsoft-Power-Platform-Fundamentals	master	blob	Allfiles/Labs/Campus Management.vsdx	46752
PL-900-Microsoft-Power-Platform-Fundamentals	master	blob	Allfiles/Labs/Campus Security.msapp	125729
PL-900-Microsoft-Power-Platform-Fundamentals	master	blob	Allfiles/Labs/Campus Staff.msapp	169338
PL-900-Microsoft-Power-Platform-Fundamentals	master	blob	Allfiles/Labs/CampusData.zip	4925
PL-900-Microsoft-Power-Platform-Fundamentals	master	blob	Allfiles/Labs/CampusDataMap.xml	30129
PL-900-Microsoft-Power-Platform-Fundamentals	master	blob	Allfiles/Labs/CampusDataModel_1_0_0_1.zip	14066
PL-900-Microsoft-Power-Platform-Fundamentals	master	blob	Allfiles/Labs/CampusDataModel_1_0_0_2_managed.zip	13955
PL-900-Microsoft-Power-Platform-Fundamentals	master	blob	Allfiles/Labs/CampusManagement_1_0_0_1.zip	324451
PL-900-Microsoft-Power-Platform-Fundamentals	master	blob	Allfiles/Labs/CampusManagement_1_0_0_2_managed.zip	315445
PL-900-Microsoft-Power-Platform-Fundamentals	master	blob	Allfiles/Labs/Contoso-Site-Tracking.zip	6396452
PL-900-Microsoft-Power-Platform-Fundamentals	master	blob	Allfiles/Labs/visits.pbix	187974
PL-900-Microsoft-Power-Platform-Fundamentals	master	blob	Allfiles/Room Reservations.zip	6939
PL-900-Microsoft-Power-Platform-Fundamentals	master	tree	Instructions	
PL-900-Microsoft-Power-Platform-Fundamentals	master	tree	Instructions/Labs	
PL-900-Microsoft-Power-Platform-Fundamentals	master	blob	Instructions/Labs/LAB[PL-900]L0_Validate_lab_environment.md	4320
PL-900-Microsoft-Power-Platform-Fundamentals	master	blob	Instructions/Labs/LAB[PL-900]Lab1_Data_Model.md	11029
PL-900-Microsoft-Power-Platform-Fundamentals	master	blob	Instructions/Labs/LAB[PL-900]Lab2_Canvas_App.md	8472
PL-900-Microsoft-Power-Platform-Fundamentals	master	blob	Instructions/Labs/LAB[PL-900]Lab3_Model_driven_App.md	6101
PL-900-Microsoft-Power-Platform-Fundamentals	master	blob	Instructions/Labs/LAB[PL-900]Lab4_Create_flow.md	6972
PL-900-Microsoft-Power-Platform-Fundamentals	master	tree	Instructions/Labs/media	
PL-900-Microsoft-Power-Platform-Fundamentals	master	blob	Instructions/Labs/media/0860116a9b7df096c14728212b9977b1.png	15256
PL-900-Microsoft-Power-Platform-Fundamentals	master	blob	Instructions/Labs/media/088cafeec651b099fa49ac1f151cd228.png	20993
PL-900-Microsoft-Power-Platform-Fundamentals	master	blob	Instructions/Labs/media/16a509f2184ec41488ab59fbc124847f.png	8938
PL-900-Microsoft-Power-Platform-Fundamentals	master	blob	Instructions/Labs/media/16cccd9ebb949ba0f364211f1ee55d4d.png	30610
PL-900-Microsoft-Power-Platform-Fundamentals	master	blob	Instructions/Labs/media/1eb4f7964fec7944d571d635080c63b6.png	43098
PL-900-Microsoft-Power-Platform-Fundamentals	master	blob	Instructions/Labs/media/200fc8034321d31652e90f661001c8a5.png	37489
PL-900-Microsoft-Power-Platform-Fundamentals	master	blob	Instructions/Labs/media/27b3c6a8c1e01e1aa5d7f09ea8c30be0.png	30721
PL-900-Microsoft-Power-Platform-Fundamentals	master	blob	Instructions/Labs/media/2ac256daafe1853e5367852467690c76.png	14278
PL-900-Microsoft-Power-Platform-Fundamentals	master	blob	Instructions/Labs/media/2ffacbe70d4a8f250e7f98423ad280d3.png	32619
PL-900-Microsoft-Power-Platform-Fundamentals	master	blob	Instructions/Labs/media/38a5e902e3c70c7324af36c9ee610287.png	61393
PL-900-Microsoft-Power-Platform-Fundamentals	master	blob	Instructions/Labs/media/38d0e5367ee41da58ac9902f8056b1af.png	46077
PL-900-Microsoft-Power-Platform-Fundamentals	master	blob	Instructions/Labs/media/3ba587c2323ca2cf012f5e65530c69bc.png	43382
PL-900-Microsoft-Power-Platform-Fundamentals	master	blob	Instructions/Labs/media/3e0921e5b887c7b68fe406d750b5f7d2.png	24181
PL-900-Microsoft-Power-Platform-Fundamentals	master	blob	Instructions/Labs/media/3e25a1f222488af40533dbd0137f54de.png	58842
PL-900-Microsoft-Power-Platform-Fundamentals	master	blob	Instructions/Labs/media/3fb723bad1c0fced1e3705124a2d4594.png	20875
PL-900-Microsoft-Power-Platform-Fundamentals	master	blob	Instructions/Labs/media/4054a73fdf8eba3bb76e50bf2345b338.png	19242
PL-900-Microsoft-Power-Platform-Fundamentals	master	blob	Instructions/Labs/media/40b5bb0485ba84be18d381b81dce8fd5.png	1931
PL-900-Microsoft-Power-Platform-Fundamentals	master	blob	Instructions/Labs/media/40d18e3c6f18a739815dfa3cf182c029.png	29582
PL-900-Microsoft-Power-Platform-Fundamentals	master	blob	Instructions/Labs/media/4427d39adbbe4bbf4fab7d7b982f6c8b.png	26935
PL-900-Microsoft-Power-Platform-Fundamentals	master	blob	Instructions/Labs/media/452752d064cc0d5150f5d29c194738ff.png	13744
PL-900-Microsoft-Power-Platform-Fundamentals	master	blob	Instructions/Labs/media/468c45173687629c1de22589e7e140c0.png	56793
PL-900-Microsoft-Power-Platform-Fundamentals	master	blob	Instructions/Labs/media/4debe7a09e460f79c1cb05a6824dad66.png	11238
PL-900-Microsoft-Power-Platform-Fundamentals	master	blob	Instructions/Labs/media/4fbff5852c0e1db6cece816734418e07.png	42570
PL-900-Microsoft-Power-Platform-Fundamentals	master	blob	Instructions/Labs/media/50e9d4cd301f8a29f3583c49f6b45161.png	92047
PL-900-Microsoft-Power-Platform-Fundamentals	master	blob	Instructions/Labs/media/533c80cc861941b6a353b56bfc0dbc0f.png	127889
PL-900-Microsoft-Power-Platform-Fundamentals	master	blob	Instructions/Labs/media/546162a8b040a7bdcdcd5c3e2be44b4d.png	42495
PL-900-Microsoft-Power-Platform-Fundamentals	master	blob	Instructions/Labs/media/54857f151ec4bd67bb1a1578c02b726a.png	22930
PL-900-Microsoft-Power-Platform-Fundamentals	master	blob	Instructions/Labs/media/561d1e8cd023541761b6523138c2fde8.png	174749
PL-900-Microsoft-Power-Platform-Fundamentals	master	blob	Instructions/Labs/media/5727a4acc3fbe7c85435e60eab9da92e.png	35227
PL-900-Microsoft-Power-Platform-Fundamentals	master	blob	Instructions/Labs/media/58f251e3404a38c6fd2905cd5f422ed4.png	20216
PL-900-Microsoft-Power-Platform-Fundamentals	master	blob	Instructions/Labs/media/598a2ef98951783cd5f79e363286b725.png	28491
PL-900-Microsoft-Power-Platform-Fundamentals	master	blob	Instructions/Labs/media/5b246838ef6bbed257034637d80faccf.png	40118
PL-900-Microsoft-Power-Platform-Fundamentals	master	blob	Instructions/Labs/media/5eb1b1da01b62bb251f6c5a878a43fe1.png	68104
PL-900-Microsoft-Power-Platform-Fundamentals	master	blob	Instructions/Labs/media/60a2ec72988f48c91df7c370532cb331.png	38259
PL-900-Microsoft-Power-Platform-Fundamentals	master	blob	Instructions/Labs/media/61fa62c324d424f7c73c8291a0724130.png	28335
PL-900-Microsoft-Power-Platform-Fundamentals	master	blob	Instructions/Labs/media/6614c40776f6997ec0ad443a0ebaf318.png	72060
PL-900-Microsoft-Power-Platform-Fundamentals	master	blob	Instructions/Labs/media/6a2814a8a907afb9ed338ecb86009d14.png	20342
PL-900-Microsoft-Power-Platform-Fundamentals	master	blob	Instructions/Labs/media/6d4c8fa2fa2b5cab89394b15c0a28e40.png	19512
PL-900-Microsoft-Power-Platform-Fundamentals	master	blob	Instructions/Labs/media/6e509e4a29e6f253b5db3b4c9f82e42e.png	35393
PL-900-Microsoft-Power-Platform-Fundamentals	master	blob	Instructions/Labs/media/6eea919c180c5aac4906cff52077025b.png	12998
PL-900-Microsoft-Power-Platform-Fundamentals	master	blob	Instructions/Labs/media/712f56af13c331924442a04dce14cddb.png	124732
PL-900-Microsoft-Power-Platform-Fundamentals	master	blob	Instructions/Labs/media/77924a98504e3df64c1bb6a8031437a6.png	34137
PL-900-Microsoft-Power-Platform-Fundamentals	master	blob	Instructions/Labs/media/7bbfdfe5d0ac44c7899924ab9dc6ce66.png	63119
PL-900-Microsoft-Power-Platform-Fundamentals	master	blob	Instructions/Labs/media/802f68c4c34c635eeff620a23d42acd8.png	36477
PL-900-Microsoft-Power-Platform-Fundamentals	master	blob	Instructions/Labs/media/813f56e609ff24c44562a9b54818c871.png	89206
PL-900-Microsoft-Power-Platform-Fundamentals	master	blob	Instructions/Labs/media/82b6d0cdc4fdbaf4a9eaf2d1f82e972f.png	80713
PL-900-Microsoft-Power-Platform-Fundamentals	master	blob	Instructions/Labs/media/88ea38999c67a0744553a82f8633a111.png	41231
PL-900-Microsoft-Power-Platform-Fundamentals	master	blob	Instructions/Labs/media/8975ac740e75136572207db551e66e13.png	60297
PL-900-Microsoft-Power-Platform-Fundamentals	master	blob	Instructions/Labs/media/8a3bbc5eacb16419f57788e468a64fcc.png	40502
PL-900-Microsoft-Power-Platform-Fundamentals	master	blob	Instructions/Labs/media/8bc16db2346cca311b20c83f34f46be6.png	29409
PL-900-Microsoft-Power-Platform-Fundamentals	master	blob	Instructions/Labs/media/8bf5e1378b4f10bdebe0b72c9867bd71.png	194565
PL-900-Microsoft-Power-Platform-Fundamentals	master	blob	Instructions/Labs/media/90a78880d424996acdc268aa22b2935a.png	34612
PL-900-Microsoft-Power-Platform-Fundamentals	master	blob	Instructions/Labs/media/9444e25f3cc06dcda4d636224bc7a949.png	45365
PL-900-Microsoft-Power-Platform-Fundamentals	master	blob	Instructions/Labs/media/9a5bc928349720c1da2f112bf1baf562.png	32239
PL-900-Microsoft-Power-Platform-Fundamentals	master	blob	Instructions/Labs/media/9be0df58efa20aa59b3e1c6d12289b8e.png	19543
PL-900-Microsoft-Power-Platform-Fundamentals	master	blob	Instructions/Labs/media/9bf8af836784d519902a3b7ef14d19dc.png	30607
PL-900-Microsoft-Power-Platform-Fundamentals	master	blob	Instructions/Labs/media/9ef531da0c42f479e4cfde553ce617e3.png	31155
PL-900-Microsoft-Power-Platform-Fundamentals	master	blob	Instructions/Labs/media/Equipment-table-checkpoint.png	12292
PL-900-Microsoft-Power-Platform-Fundamentals	master	blob	Instructions/Labs/media/New-group.png	145396
PL-900-Microsoft-Power-Platform-Fundamentals	master	blob	Instructions/Labs/media/Session-registration-form.png	29080
PL-900-Microsoft-Power-Platform-Fundamentals	master	blob	Instructions/Labs/media/a2ebce3b04cce137a5391d39e2c3391e.png	45446
PL-900-Microsoft-Power-Platform-Fundamentals	master	blob	Instructions/Labs/media/a53817e242fca7371765583d9e565c36.png	24112
PL-900-Microsoft-Power-Platform-Fundamentals	master	blob	Instructions/Labs/media/a7db1ebbf7ad0ed4cfc34e603d69b579.png	32185
PL-900-Microsoft-Power-Platform-Fundamentals	master	blob	Instructions/Labs/media/about-you.png	343899
PL-900-Microsoft-Power-Platform-Fundamentals	master	blob	Instructions/Labs/media/app-welcome-screen.png	36989
PL-900-Microsoft-Power-Platform-Fundamentals	master	blob	Instructions/Labs/media/b0e092b4795edf58dad1153209639051.png	15986
PL-900-Microsoft-Power-Platform-Fundamentals	master	blob	Instructions/Labs/media/b1982b779d91cf134b41b6f445b8f07c.png	44320
PL-900-Microsoft-Power-Platform-Fundamentals	master	blob	Instructions/Labs/media/b9b784ea5625469c8785650b977f32d1.png	32884
PL-900-Microsoft-Power-Platform-Fundamentals	master	blob	Instructions/Labs/media/ba0e6b83a2ffc2f7e72f595d42b5f04f.png	46834
PL-900-Microsoft-Power-Platform-Fundamentals	master	blob	Instructions/Labs/media/back-navigation.png	29649
PL-900-Microsoft-Power-Platform-Fundamentals	master	blob	Instructions/Labs/media/bb46dc856d2939af9c55bdc0303b8a27.png	23317
PL-900-Microsoft-Power-Platform-Fundamentals	master	blob	Instructions/Labs/media/c2b4b1afa9756afd934fbe9e7a740a89.png	33937
PL-900-Microsoft-Power-Platform-Fundamentals	master	blob	Instructions/Labs/media/caccce34fbd7091d59e0fbd4d9cac2b1.png	14116
PL-900-Microsoft-Power-Platform-Fundamentals	master	blob	Instructions/Labs/media/category-choice-options.png	14217
PL-900-Microsoft-Power-Platform-Fundamentals	master	blob	Instructions/Labs/media/cb3305731a09bca0bbf166d55d9822a4.png	14139
PL-900-Microsoft-Power-Platform-Fundamentals	master	blob	Instructions/Labs/media/cde6257402b7a8786e679ab64ee0f882.png	13139
PL-900-Microsoft-Power-Platform-Fundamentals	master	blob	Instructions/Labs/media/cde7b0696e4a49f586820351b404c066.png	63295
PL-900-Microsoft-Power-Platform-Fundamentals	master	blob	Instructions/Labs/media/change-title.png	45303
PL-900-Microsoft-Power-Platform-Fundamentals	master	blob	Instructions/Labs/media/check-priority-condition.png	39511
PL-900-Microsoft-Power-Platform-Fundamentals	master	blob	Instructions/Labs/media/completed-data-model.png	77181
PL-900-Microsoft-Power-Platform-Fundamentals	master	blob	Instructions/Labs/media/completed-email.png	27739
PL-900-Microsoft-Power-Platform-Fundamentals	master	blob	Instructions/Labs/media/completed-welcome-screen.png	87940
PL-900-Microsoft-Power-Platform-Fundamentals	master	blob	Instructions/Labs/media/contact-form-header.png	12595
PL-900-Microsoft-Power-Platform-Fundamentals	master	blob	Instructions/Labs/media/contact-type-column.png	58486
PL-900-Microsoft-Power-Platform-Fundamentals	master	blob	Instructions/Labs/media/copilot-studio.png	137699
PL-900-Microsoft-Power-Platform-Fundamentals	master	blob	Instructions/Labs/media/create-app.png	52384
PL-900-Microsoft-Power-Platform-Fundamentals	master	blob	Instructions/Labs/media/create-equipment-table.png	37774
PL-900-Microsoft-Power-Platform-Fundamentals	master	blob	Instructions/Labs/media/d47c16506bc5f8a9d20614e431f03e9b.png	64032
PL-900-Microsoft-Power-Platform-Fundamentals	master	blob	Instructions/Labs/media/d56d30ede28a710c51bd0600470796ca.png	24502
PL-900-Microsoft-Power-Platform-Fundamentals	master	blob	Instructions/Labs/media/d8241a9019a5a371120e0e6da8c5ab27.png	5643
PL-900-Microsoft-Power-Platform-Fundamentals	master	blob	Instructions/Labs/media/d94a58dbdd9440493fd10ff2f97479c0.png	39674
PL-900-Microsoft-Power-Platform-Fundamentals	master	blob	Instructions/Labs/media/d9e8903c79b01e85e32c6ef5279a2ad5.png	21397
PL-900-Microsoft-Power-Platform-Fundamentals	master	blob	Instructions/Labs/media/daa74d51e2ceada8e1e8b004cae9942a.png	34818
PL-900-Microsoft-Power-Platform-Fundamentals	master	blob	Instructions/Labs/media/data-agent.png	52501
PL-900-Microsoft-Power-Platform-Fundamentals	master	blob	Instructions/Labs/media/data-model.png	69334
PL-900-Microsoft-Power-Platform-Fundamentals	master	blob	Instructions/Labs/media/data-modelplan.png	66260
PL-900-Microsoft-Power-Platform-Fundamentals	master	blob	Instructions/Labs/media/describe-copilot.png	36998
PL-900-Microsoft-Power-Platform-Fundamentals	master	blob	Instructions/Labs/media/describe-with-copilot.png	33082
PL-900-Microsoft-Power-Platform-Fundamentals	master	blob	Instructions/Labs/media/describe-with-copilotplan.png	56838
PL-900-Microsoft-Power-Platform-Fundamentals	master	blob	Instructions/Labs/media/download-image.png	220530
PL-900-Microsoft-Power-Platform-Fundamentals	master	blob	Instructions/Labs/media/e0558370f12be606e988c4f8bafeeac1.png	25430
PL-900-Microsoft-Power-Platform-Fundamentals	master	blob	Instructions/Labs/media/e5b22c91a437e6918269d65e2616afc8.png	79083
PL-900-Microsoft-Power-Platform-Fundamentals	master	blob	Instructions/Labs/media/event-checkpoint.png	59439
PL-900-Microsoft-Power-Platform-Fundamentals	master	blob	Instructions/Labs/media/event-session-table.png	77994
PL-900-Microsoft-Power-Platform-Fundamentals	master	blob	Instructions/Labs/media/event-session.png	21205
PL-900-Microsoft-Power-Platform-Fundamentals	master	blob	Instructions/Labs/media/event-table.png	9686
PL-900-Microsoft-Power-Platform-Fundamentals	master	blob	Instructions/Labs/media/event-type-choices.png	15756
PL-900-Microsoft-Power-Platform-Fundamentals	master	blob	Instructions/Labs/media/event.png	19787
PL-900-Microsoft-Power-Platform-Fundamentals	master	blob	Instructions/Labs/media/f0f1484a4f3a679abc18cdb1cd5c04da.png	35648
PL-900-Microsoft-Power-Platform-Fundamentals	master	blob	Instructions/Labs/media/f43bbdbb9e05fe968b5f6cd301ad6b46.png	6783
PL-900-Microsoft-Power-Platform-Fundamentals	master	blob	Instructions/Labs/media/f4b38602700ac25a17d57fa6841c7169.png	28464
PL-900-Microsoft-Power-Platform-Fundamentals	master	blob	Instructions/Labs/media/f57b124b56812c270698aa72aecdcf68.png	15505
PL-900-Microsoft-Power-Platform-Fundamentals	master	blob	Instructions/Labs/media/f968526926661bfa401f10742e6f376f.png	17759
PL-900-Microsoft-Power-Platform-Fundamentals	master	blob	Instructions/Labs/media/ff039cad105533933959854cec4ec95e.png	88062
PL-900-Microsoft-Power-Platform-Fundamentals	master	blob	Instructions/Labs/media/finished-data-model.png	70145
PL-900-Microsoft-Power-Platform-Fundamentals	master	blob	Instructions/Labs/media/get-started.png	60033
PL-900-Microsoft-Power-Platform-Fundamentals	master	blob	Instructions/Labs/media/images.png	3937
PL-900-Microsoft-Power-Platform-Fundamentals	master	blob	Instructions/Labs/media/input-parameters.png	15114
PL-900-Microsoft-Power-Platform-Fundamentals	master	blob	Instructions/Labs/media/insert-container.png	27093
PL-900-Microsoft-Power-Platform-Fundamentals	master	blob	Instructions/Labs/media/items-formula.png	43992
PL-900-Microsoft-Power-Platform-Fundamentals	master	blob	Instructions/Labs/media/list-rows.png	28009
PL-900-Microsoft-Power-Platform-Fundamentals	master	blob	Instructions/Labs/media/new-event-session.png	37317
PL-900-Microsoft-Power-Platform-Fundamentals	master	blob	Instructions/Labs/media/new-event.png	30782
PL-900-Microsoft-Power-Platform-Fundamentals	master	blob	Instructions/Labs/media/new-publisher.png	43435
PL-900-Microsoft-Power-Platform-Fundamentals	master	blob	Instructions/Labs/media/new-session-registration.png	29267
PL-900-Microsoft-Power-Platform-Fundamentals	master	blob	Instructions/Labs/media/new-solution.png	11610
PL-900-Microsoft-Power-Platform-Fundamentals	master	blob	Instructions/Labs/media/onselect-formula.png	48472
PL-900-Microsoft-Power-Platform-Fundamentals	master	blob	Instructions/Labs/media/output-parameters.png	11375
PL-900-Microsoft-Power-Platform-Fundamentals	master	blob	Instructions/Labs/media/participant.png	21050
PL-900-Microsoft-Power-Platform-Fundamentals	master	blob	Instructions/Labs/media/plan-overview.png	155298
PL-900-Microsoft-Power-Platform-Fundamentals	master	blob	Instructions/Labs/media/power-automate-01.png	23055
PL-900-Microsoft-Power-Platform-Fundamentals	master	blob	Instructions/Labs/media/power-automate-02.png	15408
PL-900-Microsoft-Power-Platform-Fundamentals	master	blob	Instructions/Labs/media/power-automate-03a.png	19549
PL-900-Microsoft-Power-Platform-Fundamentals	master	blob	Instructions/Labs/media/power-automate-04a.png	21030
PL-900-Microsoft-Power-Platform-Fundamentals	master	blob	Instructions/Labs/media/power-automate-05.png	9760
PL-900-Microsoft-Power-Platform-Fundamentals	master	blob	Instructions/Labs/media/power-automate-06.png	23369
PL-900-Microsoft-Power-Platform-Fundamentals	master	blob	Instructions/Labs/media/power-automate-07.png	43723
PL-900-Microsoft-Power-Platform-Fundamentals	master	blob	Instructions/Labs/media/power-automate-08.png	25190
PL-900-Microsoft-Power-Platform-Fundamentals	master	blob	Instructions/Labs/media/power-automate-09.png	11004
PL-900-Microsoft-Power-Platform-Fundamentals	master	blob	Instructions/Labs/media/power-automate-10.png	20373
PL-900-Microsoft-Power-Platform-Fundamentals	master	blob	Instructions/Labs/media/power-automate-11.png	20972
PL-900-Microsoft-Power-Platform-Fundamentals	master	blob	Instructions/Labs/media/power-automate-12.png	17853
PL-900-Microsoft-Power-Platform-Fundamentals	master	blob	Instructions/Labs/media/powerfx-formula.png	39131
PL-900-Microsoft-Power-Platform-Fundamentals	master	blob	Instructions/Labs/media/remove-column.png	33344
PL-900-Microsoft-Power-Platform-Fundamentals	master	blob	Instructions/Labs/media/rollup-column.png	35963
PL-900-Microsoft-Power-Platform-Fundamentals	master	blob	Instructions/Labs/media/save-email.png	24193
PL-900-Microsoft-Power-Platform-Fundamentals	master	blob	Instructions/Labs/media/save-solution.png	14925
PL-900-Microsoft-Power-Platform-Fundamentals	master	blob	Instructions/Labs/media/search-icon-properties.png	6412
PL-900-Microsoft-Power-Platform-Fundamentals	master	blob	Instructions/Labs/media/searchinput-properties.png	6747
PL-900-Microsoft-Power-Platform-Fundamentals	master	blob	Instructions/Labs/media/select-dev-one-environment.png	20468
PL-900-Microsoft-Power-Platform-Fundamentals	master	blob	Instructions/Labs/media/select-table.png	17835
PL-900-Microsoft-Power-Platform-Fundamentals	master	blob	Instructions/Labs/media/session-registration-checkpoint.png	6827
PL-900-Microsoft-Power-Platform-Fundamentals	master	blob	Instructions/Labs/media/set-contact-type.png	12769
PL-900-Microsoft-Power-Platform-Fundamentals	master	blob	Instructions/Labs/media/site-details.png	74761
PL-900-Microsoft-Power-Platform-Fundamentals	master	blob	Instructions/Labs/media/solution-agent.png	86567
PL-900-Microsoft-Power-Platform-Fundamentals	master	blob	Instructions/Labs/media/solution-with-tables.png	34466
PL-900-Microsoft-Power-Platform-Fundamentals	master	blob	Instructions/Labs/media/speaker.png	20294
PL-900-Microsoft-Power-Platform-Fundamentals	master	blob	Instructions/Labs/media/suggested-flow.png	37472
PL-900-Microsoft-Power-Platform-Fundamentals	master	blob	Instructions/Labs/media/text-label-properties.png	8462
PL-900-Microsoft-Power-Platform-Fundamentals	master	blob	Instructions/Labs/media/time-off-request-table.png	9422
PL-900-Microsoft-Power-Platform-Fundamentals	master	blob	Instructions/Labs/media/total-registrations.png	16714
PL-900-Microsoft-Power-Platform-Fundamentals	master	blob	Instructions/Labs/media/tree-view.png	5653
PL-900-Microsoft-Power-Platform-Fundamentals	master	blob	Instructions/Labs/media/trigger-step.png	50609
PL-900-Microsoft-Power-Platform-Fundamentals	master	blob	Instructions/Labs/media/trigger.png	24770
PL-900-Microsoft-Power-Platform-Fundamentals	master	blob	Instructions/Labs/media/updated-event-form.png	26843
PL-900-Microsoft-Power-Platform-Fundamentals	master	blob	Instructions/Labs/media/updated-sitemap.png	51764
PL-900-Microsoft-Power-Platform-Fundamentals	master	blob	Instructions/Labs/media/welcome-screen.png	118498
PL-900-Microsoft-Power-Platform-Fundamentals	master	blob	LICENSE	1070
PL-900-Microsoft-Power-Platform-Fundamentals	master	blob	_build.yml	1258
PL-900-Microsoft-Power-Platform-Fundamentals	master	blob	_config.yml	394
PL-900-Microsoft-Power-Platform-Fundamentals	master	blob	index.md	505
PL-900-Microsoft-Power-Platform-Fundamentals	master	blob	readme.md	2866
portal	main	blob	.env.example	525
portal	main	tree	.github	
portal	main	tree	.github/workflows	
portal	main	blob	.github/workflows/checkout-endpoint-diagnostic.yml	2374
portal	main	blob	.github/workflows/ci.yml	1950
portal	main	blob	.github/workflows/deploy-azure-function.yml	9180
portal	main	blob	.github/workflows/deploy-portal-infrastructure.yml	1891
portal	main	blob	.github/workflows/pages.yml	2910
portal	main	blob	.github/workflows/quality-audit.yml	960
portal	main	blob	.gitignore	151
portal	main	tree	.well-known	
portal	main	blob	.well-known/microsoft-identity-association.json	112
portal	main	blob	CNAME	29
portal	main	blob	LICENSE	1075
portal	main	blob	NAVIGATION_STANDARD.md	1560
portal	main	blob	README.md	6614
portal	main	tree	academy-branding-workflow	
portal	main	blob	academy-branding-workflow/README.md	4687
portal	main	blob	academy-branding-workflow/brand-tokens.json	1196
portal	main	blob	academy-branding-workflow/component-patterns.md	5565
portal	main	tree	academy-branding-workflow/github-actions	
portal	main	blob	academy-branding-workflow/github-actions/brand-governance.yml	1080
portal	main	blob	academy-branding-workflow/implementation-workflow.md	3191
portal	main	blob	academy-branding-workflow/lovable-implementation-brief.md	3060
portal	main	blob	academy-branding-workflow/portal-theme-reference.css	4676
portal	main	tree	academy-branding-workflow/validation	
portal	main	blob	academy-branding-workflow/validation/check-branding.mjs	5244
portal	main	tree	api	
portal	main	blob	api/articulationCourse.ts	445
portal	main	blob	api/auth.ts	3317
portal	main	blob	api/checkoutService.ts	27429
portal	main	blob	api/config.ts	1290
portal	main	blob	api/courseContent.ts	7235
portal	main	blob	api/courseMiddleware.ts	2716
portal	main	blob	api/enrolmentFunctions.ts	4214
portal	main	blob	api/enrolmentService.ts	20772
portal	main	blob	api/fallbackData.ts	3224
portal	main	blob	api/functions.ts	12271
portal	main	blob	api/graph.ts	19963
portal	main	blob	api/http.ts	1637
portal	main	blob	api/paymentFunctions.ts	3596
portal	main	blob	api/payments.ts	38
portal	main	tree	assets	
portal	main	blob	assets/README.md	1683
portal	main	blob	assets/academy-navigation-loader.js	2199
portal	main	blob	assets/academy-navigation.config.json	2224
portal	main	blob	assets/verified-domains.json	1749
portal	main	tree	azure	
portal	main	blob	azure/README.md	4405
portal	main	blob	azure/portal-api-app-manifest.json	3982
portal	main	blob	azure/portal-entra-contract.json	1578
portal	main	blob	azure/portal-spa-app-manifest.json	1275
portal	main	tree	connections	
portal	main	tree	connections/assets	
portal	main	blob	connections/assets/app.js	15867
portal	main	blob	connections/assets/styles.css	16014
portal	main	blob	connections/index.html	21602
portal	main	tree	courses	
portal	main	tree	courses/exchange-online-bulk-mail-management	
portal	main	blob	courses/exchange-online-bulk-mail-management/index.html	4810
portal	main	tree	docs	
portal	main	blob	docs/AZURE_FUNCTION_SETUP.md	6642
portal	main	blob	docs/ENTRA_APPLICATION_SETUP.md	5452
portal	main	blob	docs/ENTRA_PORTAL_GROUP_MEMBERSHIP.md	2476
portal	main	blob	docs/course-enrolment-api.md	5442
portal	main	blob	docs/payment-gateway.md	6603
portal	main	blob	docs/subscriptions.md	3796
portal	main	blob	host.json	136
portal	main	blob	index.html	6731
portal	main	tree	infra	
portal	main	blob	infra/README.md	3105
portal	main	tree	infra/azure	
portal	main	blob	infra/azure/main.bicep	1796
portal	main	blob	infra/azure/portal-resources.bicep	3636
portal	main	tree	infra/entra	
portal	main	blob	infra/entra/bootstrap-portal-entra.ps1	7319
portal	main	blob	infra/main.bicep	2296
portal	main	blob	infra/main.parameters.example.json	620
portal	main	blob	infra/portal-api.bicep	4565
portal	main	blob	instructor-onboarding-job-portal.html	35608
portal	main	blob	lighthouserc.json	1013
portal	main	blob	local.settings.example.json	1463
portal	main	blob	local.settings.generated.json	587
portal	main	blob	local.settings.sample.json	739
portal	main	blob	microsoft-identity-association.json	111
portal	main	blob	ms-identity-javascript-react-spa-main.zip	596887
portal	main	tree	ms-identity-javascript-react-spa-main	
portal	main	tree	ms-identity-javascript-react-spa-main/.github	
portal	main	blob	ms-identity-javascript-react-spa-main/.github/CODE_OF_CONDUCT.md	444
portal	main	blob	ms-identity-javascript-react-spa-main/.github/ISSUE_TEMPLATE.md	907
portal	main	blob	ms-identity-javascript-react-spa-main/.github/PULL_REQUEST_TEMPLATE.md	936
portal	main	blob	ms-identity-javascript-react-spa-main/.gitignore	1610
portal	main	tree	ms-identity-javascript-react-spa-main/AppCreationScripts	
portal	main	blob	ms-identity-javascript-react-spa-main/AppCreationScripts/AppCreationScripts.md	3443
portal	main	blob	ms-identity-javascript-react-spa-main/AppCreationScripts/Cleanup.ps1	1709
portal	main	blob	ms-identity-javascript-react-spa-main/AppCreationScripts/Configure.ps1	4692
portal	main	blob	ms-identity-javascript-react-spa-main/AppCreationScripts/apps.json	1316
portal	main	blob	ms-identity-javascript-react-spa-main/AppCreationScripts/sample.json	1624
portal	main	blob	ms-identity-javascript-react-spa-main/CHANGELOG.md	205
portal	main	blob	ms-identity-javascript-react-spa-main/CONTRIBUTING.md	3941
portal	main	blob	ms-identity-javascript-react-spa-main/LICENSE.md	1140
portal	main	blob	ms-identity-javascript-react-spa-main/README.md	4872
portal	main	blob	ms-identity-javascript-react-spa-main/package-lock.json	792681
portal	main	blob	ms-identity-javascript-react-spa-main/package.json	1010
portal	main	tree	ms-identity-javascript-react-spa-main/public	
portal	main	blob	ms-identity-javascript-react-spa-main/public/favicon.svg	1513
portal	main	blob	ms-identity-javascript-react-spa-main/public/index.html	1800
portal	main	blob	ms-identity-javascript-react-spa-main/public/manifest.json	306
portal	main	blob	ms-identity-javascript-react-spa-main/public/robots.txt	67
portal	main	tree	ms-identity-javascript-react-spa-main/src	
portal	main	blob	ms-identity-javascript-react-spa-main/src/App.jsx	2099
portal	main	blob	ms-identity-javascript-react-spa-main/src/authConfig.js	2441
portal	main	tree	ms-identity-javascript-react-spa-main/src/components	
portal	main	blob	ms-identity-javascript-react-spa-main/src/components/PageLayout.jsx	1222
portal	main	blob	ms-identity-javascript-react-spa-main/src/components/ProfileData.jsx	515
portal	main	blob	ms-identity-javascript-react-spa-main/src/components/SignInButton.jsx	1127
portal	main	blob	ms-identity-javascript-react-spa-main/src/components/SignOutButton.jsx	1056
portal	main	blob	ms-identity-javascript-react-spa-main/src/graph.js	566
portal	main	blob	ms-identity-javascript-react-spa-main/src/index.js	996
portal	main	tree	ms-identity-javascript-react-spa-main/src/styles	
portal	main	blob	ms-identity-javascript-react-spa-main/src/styles/App.css	83
portal	main	blob	ms-identity-javascript-react-spa-main/src/styles/index.css	366
portal	main	blob	package-lock.json	84352
portal	main	blob	package.json	1536
portal	main	tree	public	
portal	main	tree	public/.well-known	
portal	main	blob	public/.well-known/microsoft-identity-association.json	112
portal	main	blob	public/CNAME	29
portal	main	tree	public/checkout	
portal	main	tree	public/checkout/cancel	
portal	main	blob	public/checkout/cancel/index.html	1640
portal	main	blob	public/checkout/checkout.css	5670
portal	main	blob	public/checkout/checkout.js	13464
portal	main	blob	public/checkout/course-context.css	830
portal	main	blob	public/checkout/enrolment.js	6018
portal	main	blob	public/checkout/index.html	5614
portal	main	tree	public/checkout/success	
portal	main	blob	public/checkout/success/index.html	1921
portal	main	blob	public/checkout/success/success.js	803
portal	main	blob	public/favicon.svg	380
portal	main	blob	public/logo.svg	491
portal	main	tree	public/privacystatement	
portal	main	blob	public/privacystatement/index.html	2097
portal	main	blob	public/privacystatement/index.html.bak-20260624-104721	1411
portal	main	tree	public/reports	
portal	main	blob	public/reports/index.html	2559
portal	main	blob	public/site.webmanifest	636
portal	main	tree	public/termsofservice	
portal	main	blob	public/termsofservice/index.html	2404
portal	main	blob	public/termsofservice/index.html.bak-20260624-104721	1612
portal	main	tree	register	
portal	main	tree	register/ai-enabled-marketing-operations	
portal	main	blob	register/ai-enabled-marketing-operations/index.html	751
portal	main	tree	register/ai-for-marketing-productivity	
portal	main	blob	register/ai-for-marketing-productivity/index.html	737
portal	main	tree	register/ai-tools	
portal	main	blob	register/ai-tools/index.html	606
portal	main	tree	register/campaign-planning-toolkit	
portal	main	blob	register/campaign-planning-toolkit/index.html	709
portal	main	tree	register/cloud	
portal	main	blob	register/cloud/index.html	607
portal	main	tree	register/content-marketing-editorial-planning	
portal	main	blob	register/content-marketing-editorial-planning/index.html	790
portal	main	tree	register/cybersecurity	
portal	main	blob	register/cybersecurity/index.html	647
portal	main	tree	register/digital-marketing-strategy	
portal	main	blob	register/digital-marketing-strategy/index.html	716
portal	main	tree	register/email-marketing-lifecycle-automation	
portal	main	blob	register/email-marketing-lifecycle-automation/index.html	790
portal	main	tree	register/exchange-online-bulk-mail-management	
portal	main	blob	register/exchange-online-bulk-mail-management/index.html	806
portal	main	blob	register/index.html	19591
portal	main	tree	register/landing-pages-conversion-optimisation	
portal	main	blob	register/landing-pages-conversion-optimisation/index.html	797
portal	main	tree	register/marketing-analytics-workbook	
portal	main	blob	register/marketing-analytics-workbook/index.html	730
portal	main	tree	register/marketing-campaign-practitioner	
portal	main	blob	register/marketing-campaign-practitioner/index.html	751
portal	main	tree	register/marketing-fundamentals	
portal	main	blob	register/marketing-fundamentals/index.html	688
portal	main	tree	register/seo-foundations	
portal	main	blob	register/seo-foundations/index.html	639
portal	main	tree	register/social-media-campaign-operations	
portal	main	blob	register/social-media-campaign-operations/index.html	758
portal	main	tree	scripts	
portal	main	blob	scripts/add-portal-group-member.ps1	7848
portal	main	blob	scripts/bootstrap-azure-oidc.ps1	7803
portal	main	blob	scripts/create-m365-role-groups.ps1	7906
portal	main	blob	scripts/generate-teams-icons.ts	4462
portal	main	blob	scripts/provision-payment-sharepoint.ts	4763
portal	main	blob	scripts/provision-paypal-subscriptions.ts	7582
portal	main	blob	scripts/provision-sharepoint.ts	8734
portal	main	blob	scripts/setup-entra-portal.ps1	23739
portal	main	blob	scripts/test-portal-api.ps1	8396
portal	main	blob	scripts/validate-global-navigation.mjs	4762
portal	main	blob	scripts/validate-global-navigation.ts	9624
portal	main	blob	scripts/validate-registration-pages.ts	2523
portal	main	blob	scripts/validate-teams-manifest.ts	3756
portal	main	blob	site.webmanifest	697
portal	main	tree	src	
portal	main	blob	src/App.tsx	34333
portal	main	blob	src/api.ts	6305
portal	main	tree	src/assets	
portal	main	blob	src/assets/logo.svg	491
portal	main	blob	src/authConfig.ts	7674
portal	main	tree	src/courses	
portal	main	tree	src/courses/exchange-online-bulk-mail-management	
portal	main	blob	src/courses/exchange-online-bulk-mail-management/CourseApp.tsx	11991
portal	main	blob	src/courses/exchange-online-bulk-mail-management/course.css	9011
portal	main	blob	src/courses/exchange-online-bulk-mail-management/courseData.ts	20155
portal	main	blob	src/courses/exchange-online-bulk-mail-management/main.tsx	355
portal	main	blob	src/form-field-metadata.ts	2338
portal	main	blob	src/global-nav-toggle.ts	3060
portal	main	blob	src/instructor-account-navigation.ts	14056
portal	main	blob	src/landing-page.css	9468
portal	main	blob	src/landing-page.tsx	4006
portal	main	blob	src/main.tsx	2034
portal	main	blob	src/mobile-optimisation.css	4326
portal	main	blob	src/roles.ts	6669
portal	main	blob	src/staff-account-navigation.ts	13810
portal	main	blob	src/student-account-navigation.ts	11422
portal	main	blob	src/student-experience.css	15975
portal	main	blob	src/student-experience.tsx	19223
portal	main	blob	src/styles.css	20168
portal	main	blob	src/types.ts	3176
portal	main	blob	src/vite-env.d.ts	38
portal	main	blob	src/workspace-card-navigation.ts	2310
portal	main	tree	teams	
portal	main	blob	teams/README.md	2674
portal	main	blob	teams/manifest.json	1789
portal	main	blob	teams/role-groups.md	4685
portal	main	tree	tests	
portal	main	blob	tests/academicFallback.test.ts	936
portal	main	blob	tests/apiAuthRoles.test.ts	1569
portal	main	blob	tests/authConfig.test.ts	813
portal	main	blob	tests/enrolmentService.test.ts	836
portal	main	blob	tests/entraContract.test.ts	3518
portal	main	blob	tests/paypalSubscriptions.test.ts	2162
portal	main	blob	tests/roles.test.ts	2222
portal	main	blob	tsconfig.api.json	329
portal	main	blob	tsconfig.json	577
portal	main	blob	tsconfig.node.json	233
portal	main	blob	vite.config.ts	2499
prod-101	main	tree	.github	
prod-101	main	blob	.github/CODEOWNERS	375
prod-101	main	tree	.github/ISSUE_TEMPLATE	
prod-101	main	blob	.github/ISSUE_TEMPLATE/blocker.yml	1519
prod-101	main	blob	.github/ISSUE_TEMPLATE/config.yml	244
prod-101	main	blob	.github/ISSUE_TEMPLATE/course-task.yml	2741
prod-101	main	blob	.github/ISSUE_TEMPLATE/meeting-minutes.yml	1603
prod-101	main	blob	.github/pull_request_template.md	1165
prod-101	main	tree	.github/workflows	
prod-101	main	blob	.github/workflows/deploy-pages.yml	680
prod-101	main	blob	.github/workflows/project-quality-audit.yml	8776
prod-101	main	blob	.github/workflows/sync-vetted-backlog.yml	10959
prod-101	main	blob	Course Blueprint - Tammy - 10072026.docx	28013
prod-101	main	blob	Course Outline - Mastering Productivity Hacks_Boost Your Efficiency and Achieve More in Less Time.docx	32309
prod-101	main	blob	Course_Pricing_Recommendations_15_July_2026.docx	24496
prod-101	main	blob	Detailed_Course_Materials_Checklist 2025-03-01 16_56_38.csv	774
prod-101	main	blob	Initial Action Plan (Udemy) - Isabel - 12072026.docx	7837
prod-101	main	blob	LICENSE	1075
prod-101	main	blob	Mastering Productivity Hacks .docx	87752
prod-101	main	blob	Mastering Productivity Hacks.pptx	12851756
prod-101	main	blob	Meeting  Personal Productivity, Time Management and Focus Mastery course.-20260709_170350-Meeting Recording.mp4	4963918
prod-101	main	blob	Meeting Agenda - Personal Productivity Course Kick-off - 06072026.docx	27824
prod-101	main	blob	Meeting_Agenda_Personal_Productivity_Course_15_July_2026.docx	24425
prod-101	main	blob	Meeting_Agenda_Personal_Productivity_Project_13_July_2026.docx	28647
prod-101	main	blob	Mentioned you in _Meeting Minutes Productivity Course Development.loop_meeting with Raydo - 15072026.eml	28200
prod-101	main	blob	Module Outline - Tammy - 10072026.docx	38234
prod-101	main	blob	PROJECT.md	6159
prod-101	main	blob	README.md	9620
prod-101	main	tree	course-development-aid	
prod-101	main	blob	course-development-aid/Course Development Comprehensive Guide.pdf	381243
prod-101	main	blob	course-development-aid/Productivity Course Development A Structured Approach to Building Effective Learning Programs.pptx	4610738
prod-101	main	blob	course-development-aid/Productivity Course Development.png	1304446
prod-101	main	blob	course-development-aid/READMD.md	1
prod-101	main	blob	course-development-aid/Skunkworks Growth System.png	1429044
prod-101	main	blob	course-development-aid/Study Guide Business Processes.pdf	4268916
prod-101	main	blob	course-development-aid/Study Guide Learning Experienc.pdf	4227006
prod-101	main	blob	course-development-aid/Study Guide Summary.pdf	4089992
prod-101	main	blob	course-development-aid/Study Guide Technology Integra.pdf	4153986
prod-101	main	blob	course_development_task_order - 0807206.pdf	49843
prod-101	main	tree	data	
prod-101	main	blob	data/content-inventory.csv	1875
prod-101	main	blob	data/roi-assumptions.csv	1024
prod-101	main	blob	data/time-log.csv	270
prod-101	main	blob	data/vetted-backlog.json	71387
prod-101	main	tree	docs	
prod-101	main	blob	docs/GOVERNANCE_AUDIT.md	8113
prod-101	main	blob	docs/MARKETING_AND_LIFECYCLE.md	3416
prod-101	main	blob	docs/PROJECT_VIEWS.md	4642
prod-101	main	blob	docs/QUALITY_GATES.md	3598
prod-101	main	blob	docs/ROADMAP.md	6584
prod-101	main	blob	docs/TIME_AND_ROI.md	5452
prod-101	main	blob	docs/UDEMY_RELEASE_CHECKLIST.md	2604
prod-101	main	tree	release1.0	
prod-101	main	blob	release1.0/Course Blueprint - Tammy - 10072026.docx	28013
prod-101	main	blob	release1.0/Course Outline - Mastering Productivity Hacks_Boost Your Efficiency and Achieve More in Less Time.docx	32309
prod-101	main	blob	release1.0/Course_Pricing_Recommendations_15_July_2026.docx	24496
prod-101	main	blob	release1.0/Detailed_Course_Materials_Checklist 2025-03-01 16_56_38.csv	774
prod-101	main	blob	release1.0/Initial Action Plan (Udemy) - Isabel - 12072026.docx	7837
prod-101	main	blob	release1.0/Mastering Productivity Hacks .docx	87752
prod-101	main	blob	release1.0/Mastering Productivity Hacks.pptx	12851756
prod-101	main	blob	release1.0/Meeting  Personal Productivity, Time Management and Focus Mastery course.-20260709_170350-Meeting Recording.mp4	4963918
prod-101	main	blob	release1.0/Meeting Agenda - Personal Productivity Course Kick-off - 06072026.docx	27824
prod-101	main	blob	release1.0/Meeting_Agenda_Personal_Productivity_Course_15_July_2026.docx	24425
prod-101	main	blob	release1.0/Meeting_Agenda_Personal_Productivity_Project_13_July_2026.docx	28647
prod-101	main	blob	release1.0/Mentioned you in _Meeting Minutes Productivity Course Development.loop_meeting with Raydo - 15072026.eml	28200
prod-101	main	blob	release1.0/Module Outline - Tammy - 10072026.docx	38234
prod-101	main	blob	release1.0/course_development_task_order - 0807206.pdf	49843
prod-101	main	blob	release1.0/text	5
prod-101	main	tree	scripts	
prod-101	main	blob	scripts/Create-CourseProject.ps1	4004
prod-101	main	blob	scripts/Set-CourseDevelopmentTeamAccess.ps1	3309
prod-101	main	tree	site	
prod-101	main	blob	site/index.html	5598
prompt	main	blob	LICENSE	1075
prompt	main	blob	NAVIGATION_STANDARD.md	147
prompt	main	blob	README.md	28
publish	main	tree	.github	
publish	main	tree	.github/workflows	
publish	main	blob	.github/workflows/pages.yml	1039
publish	main	blob	.nojekyll	0
publish	main	blob	404.html	459
publish	main	blob	CNAME	30
publish	main	blob	LICENSE	1075
publish	main	blob	README.md	17293
publish	main	blob	app.js	4718
publish	main	tree	docs	
publish	main	blob	docs/MVP-WIREFRAMES.md	2529
publish	main	blob	docs/implementation-roadmap.md	3634
publish	main	blob	index.html	32484
publish	main	blob	landing.html	1043
publish	main	tree	scripts	
publish	main	blob	scripts/validate_site.py	3420
publish	main	blob	styles.css	6482
python	main	tree	.github	
python	main	tree	.github/ISSUE_TEMPLATE	
python	main	blob	.github/ISSUE_TEMPLATE/config.yml	323
python	main	blob	.github/ISSUE_TEMPLATE/module-task.yml	2311
python	main	tree	.github/workflows	
python	main	blob	.github/workflows/project.yml	477
python	main	blob	LICENSE	1075
python	main	blob	README.md	2407
security	main	tree	.github	
security	main	tree	.github/workflows	
security	main	blob	.github/workflows/osint-course-ci.yml	1090
security	main	blob	CNAME	30
security	main	blob	LICENSE	1075
security	main	blob	README.md	288
security	main	tree	assets	
security	main	blob	assets/README.md	1685
security	main	blob	assets/academy-navigation-loader.js	2594
security	main	blob	assets/academy-navigation.config.json	3461
security	main	blob	assets/verified-domains.json	3061
security	main	tree	ibm	
security	main	blob	ibm/index.html	7017
security	main	blob	ibm/qradar.html	11498
security	main	blob	index.html	9609
security	main	tree	osint	
security	main	blob	osint/.env.example	234
security	main	blob	osint/.gitignore	130
security	main	blob	osint/DEPLOYMENT.md	2091
security	main	blob	osint/README.md	3180
security	main	tree	osint/api	
security	main	tree	osint/api/course-data	
security	main	blob	osint/api/course-data/osint-course.enc.json	315
security	main	blob	osint/api/course-data/osint-course.payload.01	18000
security	main	blob	osint/api/course-data/osint-course.payload.02	18000
security	main	blob	osint/api/course-data/osint-course.payload.03	18000
security	main	blob	osint/api/course-data/osint-course.payload.04	18000
security	main	blob	osint/api/course-data/osint-course.payload.05	14312
security	main	tree	osint/api/course	
security	main	blob	osint/api/course/function.json	274
security	main	blob	osint/api/course/index.js	4297
security	main	blob	osint/api/host.json	136
security	main	blob	osint/api/package.json	113
security	main	blob	osint/azure-static-web-apps-workflow.example.yml	728
security	main	blob	osint/docusaurus.config.js	3311
security	main	blob	osint/package.json	1127
security	main	tree	osint/scripts	
security	main	blob	osint/scripts/encrypt-course.mjs	2523
security	main	tree	osint/src	
security	main	tree	osint/src/components	
security	main	blob	osint/src/components/AuthStatus.jsx	2816
security	main	blob	osint/src/components/CourseReader.jsx	13382
security	main	tree	osint/src/css	
security	main	blob	osint/src/css/custom.css	10377
security	main	tree	osint/src/data	
security	main	blob	osint/src/data/courseManifest.js	6854
security	main	tree	osint/src/pages	
security	main	blob	osint/src/pages/enrol.jsx	2406
security	main	blob	osint/src/pages/index.jsx	4843
security	main	blob	osint/src/pages/learn.jsx	318
security	main	blob	osint/src/pages/login.jsx	902
security	main	blob	osint/src/pages/logout.jsx	794
security	main	blob	osint/src/pages/resources.jsx	1907
security	main	tree	osint/static	
security	main	tree	osint/static/downloads	
security	main	blob	osint/static/downloads/osint-finding-matrix.csv	116
security	main	blob	osint/static/downloads/osint-investigation-log.csv	248
security	main	blob	osint/static/downloads/osint-report-template.md	1430
security	main	blob	osint/static/downloads/osint-scope-authority-checklist.md	1098
security	main	blob	osint/static/staticwebapp.config.json	1393
security	main	blob	security-resources.html	7668
security	main	blob	security-resources.txt	5351
sso	main	blob	LICENSE	1075
sso	main	blob	README.md	5
TeamGuide	main	tree	.github	
TeamGuide	main	tree	.github/workflows	
TeamGuide	main	blob	.github/workflows/GitHub.code-workspace	50
TeamGuide	main	blob	.github/workflows/setup-teamguide.yml	5243
TeamGuide	main	blob	CONTRIBUTING.md	420
TeamGuide	main	blob	LICENSE	1075
TeamGuide	main	blob	README.md	1988
TeamGuide	main	tree	assets	
TeamGuide	main	tree	assets/graphics	
TeamGuide	main	blob	assets/graphics/placeholder.txt	57
TeamGuide	main	tree	assets/images	
TeamGuide	main	blob	assets/images/logo.png	214674
TeamGuide	main	blob	assets/images/placeholder.txt	57
TeamGuide	main	tree	docs	
TeamGuide	main	blob	docs/best-practices-online-teaching.md	36623
TeamGuide	main	blob	docs/course-layout.md	40928
TeamGuide	main	blob	docs/evaluation.md	25788
TeamGuide	main	blob	docs/frameworks.md	19623
TeamGuide	main	blob	docs/getting-started.md	4880
TeamGuide	main	blob	docs/introduction.md	4110
TeamGuide	main	blob	docs/multimedia.md	68
TeamGuide	main	blob	docs/organization.md	29911
TeamGuide	main	blob	test.txt	96
udemy	main	blob	.gitignore	2039
udemy	main	blob	LICENSE	1075
udemy	main	blob	README.md	53
udemy	main	tree	assets	
udemy	main	blob	assets/README.md	1682
udemy	main	blob	assets/academy-navigation-loader.js	2594
udemy	main	blob	assets/academy-navigation.config.json	3458
udemy	main	blob	assets/verified-domains.json	3061
watsonx-genai-lab	main	tree	.github	
watsonx-genai-lab	main	tree	.github/workflows	
watsonx-genai-lab	main	blob	.github/workflows/ci.yml	376
watsonx-genai-lab	main	blob	.gitignore	1629
watsonx-genai-lab	main	blob	.markdownlint.json	48
watsonx-genai-lab	main	blob	.travis.yml	218
watsonx-genai-lab	main	blob	LICENSE	11357
watsonx-genai-lab	main	blob	README.md	336
watsonx-genai-lab	main	tree	data	
watsonx-genai-lab	main	blob	data/.gitkeep	0
watsonx-genai-lab	main	tree	docs	
watsonx-genai-lab	main	blob	docs/README.md	2159
watsonx-genai-lab	main	tree	docs/files	
watsonx-genai-lab	main	blob	docs/files/watsonx-openapi.json	6742
watsonx-genai-lab	main	tree	docs/images	
watsonx-genai-lab	main	blob	docs/images/assist-step1.png	85387
watsonx-genai-lab	main	blob	docs/images/assist-step10.png	72600
watsonx-genai-lab	main	blob	docs/images/assist-step21.png	35480
watsonx-genai-lab	main	blob	docs/images/assist-step22.png	48495
watsonx-genai-lab	main	blob	docs/images/assist-step3.png	87986
watsonx-genai-lab	main	blob	docs/images/assist-step41.png	70460
watsonx-genai-lab	main	blob	docs/images/assist-step42.png	27378
watsonx-genai-lab	main	blob	docs/images/assist-step43.png	49773
watsonx-genai-lab	main	blob	docs/images/assist-step44.png	160308
watsonx-genai-lab	main	blob	docs/images/assist-step45.png	57340
watsonx-genai-lab	main	blob	docs/images/assist-step46.png	95649
watsonx-genai-lab	main	blob	docs/images/assist-step51.png	52624
watsonx-genai-lab	main	blob	docs/images/assist-step52.png	50684
watsonx-genai-lab	main	blob	docs/images/assist-step53.png	44714
watsonx-genai-lab	main	blob	docs/images/assist-step54.png	16163
watsonx-genai-lab	main	blob	docs/images/assist-step55.png	12995
watsonx-genai-lab	main	blob	docs/images/assist-step6.png	135895
watsonx-genai-lab	main	blob	docs/images/assist-step7.png	58253
watsonx-genai-lab	main	blob	docs/images/assist-step8.png	55707
watsonx-genai-lab	main	blob	docs/images/assist-step91.png	89410
watsonx-genai-lab	main	blob	docs/images/assist-step92.png	113846
watsonx-genai-lab	main	blob	docs/images/ibm-blue-background.png	28272
watsonx-genai-lab	main	blob	docs/images/ibm-cloud-sign-up.png	203481
watsonx-genai-lab	main	blob	docs/images/image-001.png	99609
watsonx-genai-lab	main	blob	docs/images/image-002.png	156771
watsonx-genai-lab	main	blob	docs/images/image-003.png	230319
watsonx-genai-lab	main	blob	docs/images/image-004.png	141497
watsonx-genai-lab	main	blob	docs/images/image-004b.png	159147
watsonx-genai-lab	main	blob	docs/images/image-008.png	180890
watsonx-genai-lab	main	blob	docs/images/llama-2-70b-chat.png	229591
watsonx-genai-lab	main	blob	docs/images/model-info.png	124567
watsonx-genai-lab	main	blob	docs/images/model1-prompt1.png	108218
watsonx-genai-lab	main	blob	docs/images/model1-prompt2.png	107868
watsonx-genai-lab	main	blob	docs/images/model1-prompt3.png	114714
watsonx-genai-lab	main	blob	docs/images/model1-prompt4.png	123912
watsonx-genai-lab	main	blob	docs/images/model1-prompt5.png	121893
watsonx-genai-lab	main	blob	docs/images/model2-prompt1.png	159178
watsonx-genai-lab	main	blob	docs/images/model2-prompt2.png	147703
watsonx-genai-lab	main	blob	docs/images/new-action.png	19403
watsonx-genai-lab	main	blob	docs/images/prompt-lab-code.png	186933
watsonx-genai-lab	main	blob	docs/images/prompt-lab-view-code.png	113537
watsonx-genai-lab	main	blob	docs/images/virt-assist-1.png	34933
watsonx-genai-lab	main	blob	docs/images/virt-assist-2.png	85142
watsonx-genai-lab	main	blob	docs/images/virt-assist-3.png	79953
watsonx-genai-lab	main	blob	docs/images/watsonx-assistant-creation.png	210891
watsonx-genai-lab	main	blob	docs/images/watsonx-assistant-launch.png	73161
watsonx-genai-lab	main	blob	docs/images/watsonx-foundation-models.png	129455
watsonx-genai-lab	main	blob	docs/images/watsonx-prompt-lab.png	119565
watsonx-genai-lab	main	blob	docs/images/watsonxai-create-project.png	319243
watsonx-genai-lab	main	blob	docs/images/watsonxai-start-prompt-lab.png	1188091
watsonx-genai-lab	main	tree	docs/lab-1	
watsonx-genai-lab	main	blob	docs/lab-1/README.md	9623
watsonx-genai-lab	main	tree	docs/lab-2	
watsonx-genai-lab	main	blob	docs/lab-2/README.md	16367
watsonx-genai-lab	main	tree	docs/pre-work	
watsonx-genai-lab	main	blob	docs/pre-work/README.md	2976
watsonx-genai-lab	main	blob	mkdocs.yml	2280
watsonx-genai-lab	main	tree	notebooks	
watsonx-genai-lab	main	blob	notebooks/.gitkeep	0
watsonx-genai-lab	main	tree	src	
watsonx-genai-lab	main	blob	src/.gitkeep	0
webspherelab	main	blob	.gitignore	116
webspherelab	main	blob	Containerfile	97808
webspherelab	main	blob	Details.md	8051
webspherelab	main	blob	LICENSE	11357
webspherelab	main	blob	Liberty_Perf_Lab.md	82205
webspherelab	main	blob	Liberty_Perf_Lab.pdf	6440799
webspherelab	main	blob	README.md	761
webspherelab	main	blob	WAS_Troubleshooting_Perf_Lab.md	162828
webspherelab	main	blob	WAS_Troubleshooting_Perf_Lab.pdf	9947861
webspherelab	main	tree	media	
webspherelab	main	blob	media/acmonitorsave.png	7960
webspherelab	main	blob	media/acserveredit.png	5417
webspherelab	main	blob	media/acservereditcheck.png	44130
webspherelab	main	blob	media/acservereditclose.png	42801
webspherelab	main	blob	media/image1.png	1643
webspherelab	main	blob	media/image10.png	53927
webspherelab	main	blob	media/image100.png	156804
webspherelab	main	blob	media/image101.png	159641
webspherelab	main	blob	media/image102.png	95955
webspherelab	main	blob	media/image103.png	120004
webspherelab	main	blob	media/image104.png	150374
webspherelab	main	blob	media/image105.png	155595
webspherelab	main	blob	media/image106.png	3641
webspherelab	main	blob	media/image107.png	157180
webspherelab	main	blob	media/image108.png	94660
webspherelab	main	blob	media/image109.png	21988
webspherelab	main	blob	media/image11.png	37540
webspherelab	main	blob	media/image110.png	126520
webspherelab	main	blob	media/image111.png	197659
webspherelab	main	blob	media/image112.png	123558
webspherelab	main	blob	media/image113.png	31578
webspherelab	main	blob	media/image114.png	58213
webspherelab	main	blob	media/image115.png	225278
webspherelab	main	blob	media/image116.png	112205
webspherelab	main	blob	media/image117.png	49059
webspherelab	main	blob	media/image118.png	171957
webspherelab	main	blob	media/image119.png	189719
webspherelab	main	blob	media/image12.png	9121
webspherelab	main	blob	media/image120.png	222634
webspherelab	main	blob	media/image121.png	51523
webspherelab	main	blob	media/image122.png	86463
webspherelab	main	blob	media/image123.png	185456
webspherelab	main	blob	media/image124.png	24903
webspherelab	main	blob	media/image125.png	28710
webspherelab	main	blob	media/image126.png	42298
webspherelab	main	blob	media/image127.png	91719
webspherelab	main	blob	media/image128.png	33747
webspherelab	main	blob	media/image129.png	100531
webspherelab	main	blob	media/image13.png	241473
webspherelab	main	blob	media/image130.png	97725
webspherelab	main	blob	media/image131.png	84661
webspherelab	main	blob	media/image132.png	13070
webspherelab	main	blob	media/image133.png	21002
webspherelab	main	blob	media/image134.png	39326
webspherelab	main	blob	media/image135.png	19596
webspherelab	main	blob	media/image136.png	59450
webspherelab	main	blob	media/image137.png	30520
webspherelab	main	blob	media/image138.png	322123
webspherelab	main	blob	media/image139.png	10545
webspherelab	main	blob	media/image14.png	116447
webspherelab	main	blob	media/image140.png	50424
webspherelab	main	blob	media/image141.png	35632
webspherelab	main	blob	media/image142.png	102087
webspherelab	main	blob	media/image143.png	15070
webspherelab	main	blob	media/image144.png	121898
webspherelab	main	blob	media/image145.png	34481
webspherelab	main	blob	media/image146.png	61100
webspherelab	main	blob	media/image147.png	5320
webspherelab	main	blob	media/image148.png	91201
webspherelab	main	blob	media/image149.png	58435
webspherelab	main	blob	media/image15.png	39072
webspherelab	main	blob	media/image150.png	37947
webspherelab	main	blob	media/image151.png	34842
webspherelab	main	blob	media/image152.png	34299
webspherelab	main	blob	media/image153.png	68844
webspherelab	main	blob	media/image154.png	10251
webspherelab	main	blob	media/image155.png	38358
webspherelab	main	blob	media/image156.png	24242
webspherelab	main	blob	media/image157.png	846259
webspherelab	main	blob	media/image158.png	32944
webspherelab	main	blob	media/image16.png	49113
webspherelab	main	blob	media/image17.png	86819
webspherelab	main	blob	media/image18.png	68959
webspherelab	main	blob	media/image19.png	117126
webspherelab	main	blob	media/image2.png	481749
webspherelab	main	blob	media/image20.png	16048
webspherelab	main	blob	media/image21.png	117991
webspherelab	main	blob	media/image22.png	72546
webspherelab	main	blob	media/image23.png	17645
webspherelab	main	blob	media/image24.png	112189
webspherelab	main	blob	media/image25.png	19054
webspherelab	main	blob	media/image26.png	126301
webspherelab	main	blob	media/image27.png	8176
webspherelab	main	blob	media/image28.png	36768
webspherelab	main	blob	media/image29.png	80024
webspherelab	main	blob	media/image3.png	179558
webspherelab	main	blob	media/image30.png	37477
webspherelab	main	blob	media/image31.png	23227
webspherelab	main	blob	media/image32.png	177694
webspherelab	main	blob	media/image33.png	190439
webspherelab	main	blob	media/image34.png	37103
webspherelab	main	blob	media/image35.png	47303
webspherelab	main	blob	media/image36.png	37843
webspherelab	main	blob	media/image37.png	162289
webspherelab	main	blob	media/image38.png	40765
webspherelab	main	blob	media/image39.png	23838
webspherelab	main	blob	media/image4.png	89411
webspherelab	main	blob	media/image40.png	27353
webspherelab	main	blob	media/image41.png	27926
webspherelab	main	blob	media/image42.png	44155
webspherelab	main	blob	media/image43.png	19747
webspherelab	main	blob	media/image44.png	30919
webspherelab	main	blob	media/image45.png	45019
webspherelab	main	blob	media/image46.png	71196
webspherelab	main	blob	media/image47.png	27896
webspherelab	main	blob	media/image48.png	35969
webspherelab	main	blob	media/image49.png	43353
webspherelab	main	blob	media/image5.png	231915
webspherelab	main	blob	media/image50.png	40140
webspherelab	main	blob	media/image51.png	56673
webspherelab	main	blob	media/image52.png	72268
webspherelab	main	blob	media/image53.png	6075
webspherelab	main	blob	media/image54.png	31617
webspherelab	main	blob	media/image55.png	4608
webspherelab	main	blob	media/image56.png	18429
webspherelab	main	blob	media/image57.png	5971
webspherelab	main	blob	media/image58.png	12574
webspherelab	main	blob	media/image59.png	70032
webspherelab	main	blob	media/image6.png	30003
webspherelab	main	blob	media/image60.png	92470
webspherelab	main	blob	media/image61.png	11867
webspherelab	main	blob	media/image62.png	58493
webspherelab	main	blob	media/image63.png	87837
webspherelab	main	blob	media/image64.png	32777
webspherelab	main	blob	media/image65.png	35765
webspherelab	main	blob	media/image66.png	1723
webspherelab	main	blob	media/image67.png	27883
webspherelab	main	blob	media/image68.png	72197
webspherelab	main	blob	media/image69.png	54418
webspherelab	main	blob	media/image7.png	61067
webspherelab	main	blob	media/image70.png	7719
webspherelab	main	blob	media/image71.png	44765
webspherelab	main	blob	media/image72.png	50028
webspherelab	main	blob	media/image73.png	50215
webspherelab	main	blob	media/image74.png	82421
webspherelab	main	blob	media/image75.png	2595
webspherelab	main	blob	media/image76.png	5020
webspherelab	main	blob	media/image77.png	6518
webspherelab	main	blob	media/image78.png	26614
webspherelab	main	blob	media/image79.png	68573
webspherelab	main	blob	media/image8.png	10159
webspherelab	main	blob	media/image80.png	39830
webspherelab	main	blob	media/image81.png	49117
webspherelab	main	blob	media/image82.png	43290
webspherelab	main	blob	media/image83.png	47022
webspherelab	main	blob	media/image84.png	35287
webspherelab	main	blob	media/image85.png	86991
webspherelab	main	blob	media/image86.png	90204
webspherelab	main	blob	media/image87.png	134679
webspherelab	main	blob	media/image88.png	178271
webspherelab	main	blob	media/image89.png	201000
webspherelab	main	blob	media/image9.png	61067
webspherelab	main	blob	media/image90.png	79573
webspherelab	main	blob	media/image91.png	87061
webspherelab	main	blob	media/image92.png	184201
webspherelab	main	blob	media/image93.png	77026
webspherelab	main	blob	media/image94.png	131070
webspherelab	main	blob	media/image95.png	138477
webspherelab	main	blob	media/image96.png	83601
webspherelab	main	blob	media/image97.png	87146
webspherelab	main	blob	media/image98.png	81217
webspherelab	main	blob	media/image99.png	166101
webspherelab	main	blob	media/monitor1.png	98698
webspherelab	main	blob	media/monitor2.png	24519
webspherelab	main	blob	media/monitor3.png	25018
webspherelab	main	blob	media/monitor4.png	21741
webspherelab	main	blob	media/monitor5.png	32854
webspherelab	main	blob	media/monitor6.png	22636
webspherelab	main	blob	media/monitor7.png	46360
webspherelab	main	blob	media/monitor8.png	41113
webspherelab	main	tree	supplemental	
webspherelab	main	blob	supplemental/WebSphere Troubleshooting and Performance Lab.pdf	942229
webspherelab	main	blob	supplemental/WebSphere Troubleshooting and Performance Lab.pptx	2399028
webspherelab	main	tree	supplemental/exampledata	
webspherelab	main	blob	supplemental/exampledata/.gitignore	623
webspherelab	main	tree	supplemental/exampledata/liberty	
webspherelab	main	tree	supplemental/exampledata/liberty/25006	
webspherelab	main	tree	supplemental/exampledata/liberty/25006/oome	
webspherelab	main	blob	supplemental/exampledata/liberty/25006/oome/.gitignore	86
webspherelab	main	blob	supplemental/exampledata/liberty/25006/oome/Snap.20250630.191716.5002.0007.trc	29000
webspherelab	main	blob	supplemental/exampledata/liberty/25006/oome/console.log	327975
webspherelab	main	blob	supplemental/exampledata/liberty/25006/oome/core.liberty25006.semeru21070.oome.dmp.7z.001	94371840
webspherelab	main	blob	supplemental/exampledata/liberty/25006/oome/core.liberty25006.semeru21070.oome.dmp.7z.002	16584744
webspherelab	main	blob	supplemental/exampledata/liberty/25006/oome/heapdump.20250630.191716.5002.0002.phd	16671263
webspherelab	main	blob	supplemental/exampledata/liberty/25006/oome/javacore.20250630.191726.5002.0004.txt	2795043
webspherelab	main	blob	supplemental/exampledata/liberty/25006/oome/messages.log	373047
webspherelab	main	tree	supplemental/exampledata/liberty/crash	
webspherelab	main	blob	supplemental/exampledata/liberty/crash/Snap.20191105.233438.149.0003.trc	388084
webspherelab	main	blob	supplemental/exampledata/liberty/crash/console.log	5214
webspherelab	main	blob	supplemental/exampledata/liberty/crash/core.20191105.233438.149.0001.dmp.zip	53294103
webspherelab	main	blob	supplemental/exampledata/liberty/crash/javacore.20191105.233438.149.0002.txt	1345238
webspherelab	main	blob	supplemental/exampledata/liberty/crash/jitdump.20191105.233438.149.0004.dmp	202
webspherelab	main	blob	supplemental/exampledata/liberty/crash/messages.log	9770
webspherelab	main	blob	supplemental/exampledata/liberty/crash/unpack.sh	105
webspherelab	main	tree	supplemental/exampledata/liberty/gcore	
webspherelab	main	blob	supplemental/exampledata/liberty/gcore/.gitignore	33
webspherelab	main	blob	supplemental/exampledata/liberty/gcore/coreduringgc.dmp.7z	73798383
webspherelab	main	tree	supplemental/exampledata/liberty/healthcenter	
webspherelab	main	blob	supplemental/exampledata/liberty/healthcenter/console.log	4597
webspherelab	main	blob	supplemental/exampledata/liberty/healthcenter/healthcenter051119_232412_9361_1.hcd	19087204
webspherelab	main	blob	supplemental/exampledata/liberty/healthcenter/messages.log	65612
webspherelab	main	tree	supplemental/exampledata/liberty/healthcenter/rollingfiles	
webspherelab	main	blob	supplemental/exampledata/liberty/healthcenter/rollingfiles/healthcenter280621_223441_1837_1.hcd	3680028
webspherelab	main	blob	supplemental/exampledata/liberty/healthcenter/rollingfiles/healthcenter280621_223441_1837_2.hcd	3482125
webspherelab	main	blob	supplemental/exampledata/liberty/healthcenter/rollingfiles/healthcenter280621_223441_1837_3.hcd	2643979
webspherelab	main	blob	supplemental/exampledata/liberty/healthcenter/rollingfiles/healthcenter280621_223441_1837_4.hcd	2131530
webspherelab	main	blob	supplemental/exampledata/liberty/healthcenter/rollingfiles/healthcenter280621_223441_1837_5.hcd	501050
webspherelab	main	tree	supplemental/exampledata/liberty/linperf	
webspherelab	main	blob	supplemental/exampledata/liberty/linperf/close.gif	628
webspherelab	main	blob	supplemental/exampledata/liberty/linperf/console.log	5905
webspherelab	main	blob	supplemental/exampledata/liberty/linperf/deadlock.gif	906
webspherelab	main	blob	supplemental/exampledata/liberty/linperf/javacore.20191105.224043.17.0001.txt	2984002
webspherelab	main	blob	supplemental/exampledata/liberty/linperf/javacore.20191105.224113.17.0002.txt	2928735
webspherelab	main	blob	supplemental/exampledata/liberty/linperf/javacore.20191105.224143.17.0003.txt	2916464
webspherelab	main	blob	supplemental/exampledata/liberty/linperf/javacore.20191105.224214.17.0004.txt	2940737
webspherelab	main	blob	supplemental/exampledata/liberty/linperf/javacore.20191105.224244.17.0005.txt	2924081
webspherelab	main	blob	supplemental/exampledata/liberty/linperf/javacore.20191105.224314.17.0006.txt	2978636
webspherelab	main	blob	supplemental/exampledata/liberty/linperf/javacore.20191105.224344.17.0007.txt	3015208
webspherelab	main	blob	supplemental/exampledata/liberty/linperf/javacore.20191105.224415.17.0008.txt	2981482
webspherelab	main	blob	supplemental/exampledata/liberty/linperf/javacore.20191105.224445.17.0009.txt	2967613
webspherelab	main	blob	supplemental/exampledata/liberty/linperf/jca.properties.xml	460
webspherelab	main	blob	supplemental/exampledata/liberty/linperf/jca.repository.xml	1158
webspherelab	main	blob	supplemental/exampledata/liberty/linperf/leaf.gif	448
webspherelab	main	blob	supplemental/exampledata/liberty/linperf/linperf_RESULTS.tar.gz	155565
webspherelab	main	tree	supplemental/exampledata/liberty/linperf/linperf_RESULTS	
webspherelab	main	blob	supplemental/exampledata/liberty/linperf/linperf_RESULTS/df-hk.out	1115
webspherelab	main	blob	supplemental/exampledata/liberty/linperf/linperf_RESULTS/dmesg.out	58
webspherelab	main	blob	supplemental/exampledata/liberty/linperf/linperf_RESULTS/netstat.out	354169
webspherelab	main	blob	supplemental/exampledata/liberty/linperf/linperf_RESULTS/ps.out	5665160
webspherelab	main	blob	supplemental/exampledata/liberty/linperf/linperf_RESULTS/screen.out	5377
webspherelab	main	blob	supplemental/exampledata/liberty/linperf/linperf_RESULTS/top.out	38666
webspherelab	main	blob	supplemental/exampledata/liberty/linperf/linperf_RESULTS/topdashH.17.out	445199
webspherelab	main	blob	supplemental/exampledata/liberty/linperf/linperf_RESULTS/vmstat.out	4677
webspherelab	main	blob	supplemental/exampledata/liberty/linperf/linperf_RESULTS/whoami.out	33
webspherelab	main	blob	supplemental/exampledata/liberty/linperf/messages.log	55945
webspherelab	main	blob	supplemental/exampledata/liberty/linperf/open.gif	581
webspherelab	main	blob	supplemental/exampledata/liberty/linperf/tmdareport.html	1058096
webspherelab	main	tree	supplemental/exampledata/liberty/nativememoryleak	
webspherelab	main	blob	supplemental/exampledata/liberty/nativememoryleak/Snap.20191106.200057.228.0005.trc	437236
webspherelab	main	blob	supplemental/exampledata/liberty/nativememoryleak/console.log	3872
webspherelab	main	blob	supplemental/exampledata/liberty/nativememoryleak/core.20191106.200057.228.0001.dmp.7z.001	103809024
webspherelab	main	blob	supplemental/exampledata/liberty/nativememoryleak/core.20191106.200057.228.0001.dmp.7z.002	103809024
webspherelab	main	blob	supplemental/exampledata/liberty/nativememoryleak/core.20191106.200057.228.0001.dmp.7z.003	38309251
webspherelab	main	blob	supplemental/exampledata/liberty/nativememoryleak/heapdump.20191106.200057.228.0002.phd.7z	76657204
webspherelab	main	blob	supplemental/exampledata/liberty/nativememoryleak/javacore.20191106.200057.228.0003.txt.zip	20216006
webspherelab	main	blob	supplemental/exampledata/liberty/nativememoryleak/messages.log	10192
webspherelab	main	blob	supplemental/exampledata/liberty/nativememoryleak/smaps_6f64358ffbcd_20191106_200226_303013774.txt	288223
webspherelab	main	blob	supplemental/exampledata/liberty/nativememoryleak/unpack.sh	295
webspherelab	main	tree	supplemental/exampledata/liberty/oom_wlp26.0.0.5_semeru21.0.11.0	
webspherelab	main	blob	supplemental/exampledata/liberty/oom_wlp26.0.0.5_semeru21.0.11.0/.gitignore	121
webspherelab	main	blob	supplemental/exampledata/liberty/oom_wlp26.0.0.5_semeru21.0.11.0/Snap.20260602.181459.4735.0005.trc	1208636
webspherelab	main	blob	supplemental/exampledata/liberty/oom_wlp26.0.0.5_semeru21.0.11.0/console.log	51563
webspherelab	main	blob	supplemental/exampledata/liberty/oom_wlp26.0.0.5_semeru21.0.11.0/core.20260602.181459.4735.0001.dmp.7z.001	103809024
webspherelab	main	blob	supplemental/exampledata/liberty/oom_wlp26.0.0.5_semeru21.0.11.0/core.20260602.181459.4735.0001.dmp.7z.002	10357894
webspherelab	main	blob	supplemental/exampledata/liberty/oom_wlp26.0.0.5_semeru21.0.11.0/heapdump.20260602.181459.4735.0002.phd	20578052
webspherelab	main	blob	supplemental/exampledata/liberty/oom_wlp26.0.0.5_semeru21.0.11.0/javacore.20260602.181459.4735.0003.txt	3593051
webspherelab	main	blob	supplemental/exampledata/liberty/oom_wlp26.0.0.5_semeru21.0.11.0/messages.log	56298
webspherelab	main	blob	supplemental/exampledata/liberty/oom_wlp26.0.0.5_semeru21.0.11.0/verbosegc.001.log	16478701
webspherelab	main	tree	supplemental/exampledata/liberty/oom_wlp26.0.0.5_semeru21.0.2.0	
webspherelab	main	blob	supplemental/exampledata/liberty/oom_wlp26.0.0.5_semeru21.0.2.0/.gitignore	44
webspherelab	main	blob	supplemental/exampledata/liberty/oom_wlp26.0.0.5_semeru21.0.2.0/Snap.20260603.163544.17487.0006.trc	1208636
webspherelab	main	blob	supplemental/exampledata/liberty/oom_wlp26.0.0.5_semeru21.0.2.0/console.log	15797
webspherelab	main	blob	supplemental/exampledata/liberty/oom_wlp26.0.0.5_semeru21.0.2.0/core.20260603.163544.17487.0001.dmp.7z.001	103809024
webspherelab	main	blob	supplemental/exampledata/liberty/oom_wlp26.0.0.5_semeru21.0.2.0/core.20260603.163544.17487.0001.dmp.7z.002	21749680
webspherelab	main	blob	supplemental/exampledata/liberty/oom_wlp26.0.0.5_semeru21.0.2.0/heapdump.20260603.163544.17487.0002.phd	19807589
webspherelab	main	blob	supplemental/exampledata/liberty/oom_wlp26.0.0.5_semeru21.0.2.0/javacore.20260603.163544.17487.0004.txt	3325220
webspherelab	main	blob	supplemental/exampledata/liberty/oom_wlp26.0.0.5_semeru21.0.2.0/messages.log	59352
webspherelab	main	blob	supplemental/exampledata/liberty/oom_wlp26.0.0.5_semeru21.0.2.0/verbosegc.001.log	2433915
webspherelab	main	tree	supplemental/exampledata/liberty/tcpdump	
webspherelab	main	blob	supplemental/exampledata/liberty/tcpdump/daytrader.pcapng.gz	93700843
webspherelab	main	blob	supplemental/exampledata/liberty/tcpdump/daytrader_jmeter.csv	14672023
webspherelab	main	tree	supplemental/exampledata/liberty/threaddump_deadlock	
webspherelab	main	blob	supplemental/exampledata/liberty/threaddump_deadlock/javacore.20191105.225018.17.0010.txt	2919022
webspherelab	main	tree	supplemental/exampledata/liberty/threaddump_infiniteloop	
webspherelab	main	blob	supplemental/exampledata/liberty/threaddump_infiniteloop/javacore.20191105.225218.17.0011.txt	2909018
webspherelab	main	blob	supplemental/exampledata/liberty/threaddump_infiniteloop/topdashH.out	378302
webspherelab	main	tree	supplemental/exampledata/liberty/trace	
webspherelab	main	blob	supplemental/exampledata/liberty/trace/trace.log	55945
webspherelab	main	tree	supplemental/exampledata/liberty/verbosegc_and_oom	
webspherelab	main	blob	supplemental/exampledata/liberty/verbosegc_and_oom/Snap.20200804.025944.3576.0006.trc	765012
webspherelab	main	blob	supplemental/exampledata/liberty/verbosegc_and_oom/console.log	8075
webspherelab	main	blob	supplemental/exampledata/liberty/verbosegc_and_oom/core.20200804.025942.3576.0001.dmp.7z	68846600
webspherelab	main	blob	supplemental/exampledata/liberty/verbosegc_and_oom/heapdump.20200804.025944.3576.0002.phd.7z	5035882
webspherelab	main	blob	supplemental/exampledata/liberty/verbosegc_and_oom/javacore.20200804.025944.3576.0004.txt	2677216
webspherelab	main	blob	supplemental/exampledata/liberty/verbosegc_and_oom/messages.log	50076
webspherelab	main	blob	supplemental/exampledata/liberty/verbosegc_and_oom/unpack.sh	181
webspherelab	main	blob	supplemental/exampledata/liberty/verbosegc_and_oom/verbosegc.001.log	19620610
webspherelab	main	tree	supplemental/exampledata/twas	
webspherelab	main	tree	supplemental/exampledata/twas/collector	
webspherelab	main	blob	supplemental/exampledata/twas/collector/f29061ea7da5-DefaultCell01-DefaultNode01-AppSrv01-WASenv.jar	4026669
webspherelab	main	tree	supplemental/exampledata/twas/collector/unpacked	
webspherelab	main	tree	supplemental/exampledata/twas/collector/unpacked/META-INF	
webspherelab	main	blob	supplemental/exampledata/twas/collector/unpacked/META-INF/MANIFEST.MF	81
webspherelab	main	tree	supplemental/exampledata/twas/collector/unpacked/autopdzip	
webspherelab	main	tree	supplemental/exampledata/twas/collector/unpacked/autopdzip/autopd	
webspherelab	main	blob	supplemental/exampledata/twas/collector/unpacked/autopdzip/autopd/autopd-collection-environment-v2.xml	377
webspherelab	main	tree	supplemental/exampledata/twas/collector/unpacked/f29061ea7da5	
webspherelab	main	tree	supplemental/exampledata/twas/collector/unpacked/f29061ea7da5/Java	
webspherelab	main	blob	supplemental/exampledata/twas/collector/unpacked/f29061ea7da5/Java/Properties	9112
webspherelab	main	tree	supplemental/exampledata/twas/collector/unpacked/f29061ea7da5/MQ	
webspherelab	main	blob	supplemental/exampledata/twas/collector/unpacked/f29061ea7da5/MQ/DspMq	73
webspherelab	main	blob	supplemental/exampledata/twas/collector/unpacked/f29061ea7da5/MQ/PubSub	22
webspherelab	main	blob	supplemental/exampledata/twas/collector/unpacked/f29061ea7da5/MQ/Ver	75
webspherelab	main	tree	supplemental/exampledata/twas/collector/unpacked/f29061ea7da5/OS	
webspherelab	main	blob	supplemental/exampledata/twas/collector/unpacked/f29061ea7da5/OS/commands	3155
webspherelab	main	blob	supplemental/exampledata/twas/collector/unpacked/f29061ea7da5/OS/dmesg	235
webspherelab	main	blob	supplemental/exampledata/twas/collector/unpacked/f29061ea7da5/OS/getconf	13565
webspherelab	main	blob	supplemental/exampledata/twas/collector/unpacked/f29061ea7da5/OS/installed	6301
webspherelab	main	blob	supplemental/exampledata/twas/collector/unpacked/f29061ea7da5/OS/network	28781
webspherelab	main	blob	supplemental/exampledata/twas/collector/unpacked/f29061ea7da5/OS/patches	7278871
webspherelab	main	blob	supplemental/exampledata/twas/collector/unpacked/f29061ea7da5/OS/processes	1169
webspherelab	main	blob	supplemental/exampledata/twas/collector/unpacked/f29061ea7da5/OS/software	183344
webspherelab	main	blob	supplemental/exampledata/twas/collector/unpacked/f29061ea7da5/OS/system	14358
webspherelab	main	blob	supplemental/exampledata/twas/collector/unpacked/f29061ea7da5/OS/user	6657
webspherelab	main	tree	supplemental/exampledata/twas/collector/unpacked/f29061ea7da5/WAS	
webspherelab	main	blob	supplemental/exampledata/twas/collector/unpacked/f29061ea7da5/WAS/filedir	1992657
webspherelab	main	blob	supplemental/exampledata/twas/collector/unpacked/f29061ea7da5/WAS/filefull	2430919
webspherelab	main	blob	supplemental/exampledata/twas/collector/unpacked/f29061ea7da5/WAS/fileperm	2460614
webspherelab	main	tree	supplemental/exampledata/twas/collector/unpacked/f29061ea7da5/debug	
webspherelab	main	blob	supplemental/exampledata/twas/collector/unpacked/f29061ea7da5/debug/commands	31196
webspherelab	main	blob	supplemental/exampledata/twas/collector/unpacked/f29061ea7da5/debug/dmesg	966
webspherelab	main	blob	supplemental/exampledata/twas/collector/unpacked/f29061ea7da5/debug/files	211596
webspherelab	main	blob	supplemental/exampledata/twas/collector/unpacked/f29061ea7da5/debug/getconf	21136
webspherelab	main	blob	supplemental/exampledata/twas/collector/unpacked/f29061ea7da5/debug/network	4183
webspherelab	main	blob	supplemental/exampledata/twas/collector/unpacked/f29061ea7da5/debug/system	3104
webspherelab	main	tree	supplemental/exampledata/twas/collector/unpacked/f29061ea7da5/root	
webspherelab	main	tree	supplemental/exampledata/twas/collector/unpacked/f29061ea7da5/root/etc	
webspherelab	main	blob	supplemental/exampledata/twas/collector/unpacked/f29061ea7da5/root/etc/hosts	253
webspherelab	main	blob	supplemental/exampledata/twas/collector/unpacked/f29061ea7da5/root/etc/nsswitch.conf	2215
webspherelab	main	tree	supplemental/exampledata/twas/collector/unpacked/f29061ea7da5/root/opt	
webspherelab	main	tree	supplemental/exampledata/twas/collector/unpacked/f29061ea7da5/root/opt/IBM	
webspherelab	main	tree	supplemental/exampledata/twas/collector/unpacked/f29061ea7da5/root/opt/IBM/WebSphere	
webspherelab	main	tree	supplemental/exampledata/twas/collector/unpacked/f29061ea7da5/root/opt/IBM/WebSphere/AppServer	
webspherelab	main	tree	supplemental/exampledata/twas/collector/unpacked/f29061ea7da5/root/opt/IBM/WebSphere/AppServer/bin	
webspherelab	main	blob	supplemental/exampledata/twas/collector/unpacked/f29061ea7da5/root/opt/IBM/WebSphere/AppServer/bin/setupCmdLine.sh	5972
webspherelab	main	blob	supplemental/exampledata/twas/collector/unpacked/f29061ea7da5/root/opt/IBM/WebSphere/AppServer/bin/startNode.sh	5409
webspherelab	main	blob	supplemental/exampledata/twas/collector/unpacked/f29061ea7da5/root/opt/IBM/WebSphere/AppServer/bin/startServer.sh	5359
webspherelab	main	blob	supplemental/exampledata/twas/collector/unpacked/f29061ea7da5/root/opt/IBM/WebSphere/AppServer/bin/stopNode.sh	4422
webspherelab	main	blob	supplemental/exampledata/twas/collector/unpacked/f29061ea7da5/root/opt/IBM/WebSphere/AppServer/bin/stopServer.sh	4519
webspherelab	main	tree	supplemental/exampledata/twas/collector/unpacked/f29061ea7da5/root/opt/IBM/WebSphere/AppServer/configuration	
webspherelab	main	blob	supplemental/exampledata/twas/collector/unpacked/f29061ea7da5/root/opt/IBM/WebSphere/AppServer/configuration/.configAreaProperties	103
webspherelab	main	blob	supplemental/exampledata/twas/collector/unpacked/f29061ea7da5/root/opt/IBM/WebSphere/AppServer/configuration/.lastTouched	0
webspherelab	main	blob	supplemental/exampledata/twas/collector/unpacked/f29061ea7da5/root/opt/IBM/WebSphere/AppServer/configuration/config.ini	45752
webspherelab	main	tree	supplemental/exampledata/twas/collector/unpacked/f29061ea7da5/root/opt/IBM/WebSphere/AppServer/java	
webspherelab	main	tree	supplemental/exampledata/twas/collector/unpacked/f29061ea7da5/root/opt/IBM/WebSphere/AppServer/java/8.0	
webspherelab	main	tree	supplemental/exampledata/twas/collector/unpacked/f29061ea7da5/root/opt/IBM/WebSphere/AppServer/java/8.0/jre	
webspherelab	main	tree	supplemental/exampledata/twas/collector/unpacked/f29061ea7da5/root/opt/IBM/WebSphere/AppServer/java/8.0/jre/lib	
webspherelab	main	tree	supplemental/exampledata/twas/collector/unpacked/f29061ea7da5/root/opt/IBM/WebSphere/AppServer/java/8.0/jre/lib/security	
webspherelab	main	blob	supplemental/exampledata/twas/collector/unpacked/f29061ea7da5/root/opt/IBM/WebSphere/AppServer/java/8.0/jre/lib/security/java.security	69149
webspherelab	main	tree	supplemental/exampledata/twas/collector/unpacked/f29061ea7da5/root/opt/IBM/WebSphere/AppServer/logs	
webspherelab	main	tree	supplemental/exampledata/twas/collector/unpacked/f29061ea7da5/root/opt/IBM/WebSphere/AppServer/logs/clearClassCache	
webspherelab	main	blob	supplemental/exampledata/twas/collector/unpacked/f29061ea7da5/root/opt/IBM/WebSphere/AppServer/logs/clearClassCache/20260107064331.log	254
webspherelab	main	blob	supplemental/exampledata/twas/collector/unpacked/f29061ea7da5/root/opt/IBM/WebSphere/AppServer/logs/clearClassCache/20260107154750.log	45
webspherelab	main	tree	supplemental/exampledata/twas/collector/unpacked/f29061ea7da5/root/opt/IBM/WebSphere/AppServer/logs/manageprofiles	
webspherelab	main	tree	supplemental/exampledata/twas/collector/unpacked/f29061ea7da5/root/opt/IBM/WebSphere/AppServer/logs/manageprofiles/AppSrv01	
webspherelab	main	blob	supplemental/exampledata/twas/collector/unpacked/f29061ea7da5/root/opt/IBM/WebSphere/AppServer/logs/manageprofiles/AppSrv01/SIBDefineChains.log	1291
webspherelab	main	blob	supplemental/exampledata/twas/collector/unpacked/f29061ea7da5/root/opt/IBM/WebSphere/AppServer/logs/manageprofiles/AppSrv01/SIBGenericDeployRAs.log	11209
webspherelab	main	blob	supplemental/exampledata/twas/collector/unpacked/f29061ea7da5/root/opt/IBM/WebSphere/AppServer/logs/manageprofiles/AppSrv01/SetSecurity.log	173
webspherelab	main	blob	supplemental/exampledata/twas/collector/unpacked/f29061ea7da5/root/opt/IBM/WebSphere/AppServer/logs/manageprofiles/AppSrv01/amjrte_config.log	174
webspherelab	main	blob	supplemental/exampledata/twas/collector/unpacked/f29061ea7da5/root/opt/IBM/WebSphere/AppServer/logs/manageprofiles/AppSrv01/collect_metadata.log	1601
webspherelab	main	blob	supplemental/exampledata/twas/collector/unpacked/f29061ea7da5/root/opt/IBM/WebSphere/AppServer/logs/manageprofiles/AppSrv01/copyFiles.log	0
webspherelab	main	blob	supplemental/exampledata/twas/collector/unpacked/f29061ea7da5/root/opt/IBM/WebSphere/AppServer/logs/manageprofiles/AppSrv01/createShortcutForProfile.log	457
webspherelab	main	blob	supplemental/exampledata/twas/collector/unpacked/f29061ea7da5/root/opt/IBM/WebSphere/AppServer/logs/manageprofiles/AppSrv01/generateProfileKey.log	218
webspherelab	main	blob	supplemental/exampledata/twas/collector/unpacked/f29061ea7da5/root/opt/IBM/WebSphere/AppServer/logs/manageprofiles/AppSrv01/hamanager_config.log	167
webspherelab	main	blob	supplemental/exampledata/twas/collector/unpacked/f29061ea7da5/root/opt/IBM/WebSphere/AppServer/logs/manageprofiles/AppSrv01/importConfigArchive.log	168
webspherelab	main	blob	supplemental/exampledata/twas/collector/unpacked/f29061ea7da5/root/opt/IBM/WebSphere/AppServer/logs/manageprofiles/AppSrv01/keyGeneration.log	242
webspherelab	main	blob	supplemental/exampledata/twas/collector/unpacked/f29061ea7da5/root/opt/IBM/WebSphere/AppServer/logs/manageprofiles/AppSrv01/uninstallDefaultApplication.log	613
webspherelab	main	blob	supplemental/exampledata/twas/collector/unpacked/f29061ea7da5/root/opt/IBM/WebSphere/AppServer/logs/manageprofiles/AppSrv01/uninstallIVTApp.log	565
webspherelab	main	blob	supplemental/exampledata/twas/collector/unpacked/f29061ea7da5/root/opt/IBM/WebSphere/AppServer/logs/manageprofiles/AppSrv01/wsadminListener.log	31117
webspherelab	main	blob	supplemental/exampledata/twas/collector/unpacked/f29061ea7da5/root/opt/IBM/WebSphere/AppServer/logs/manageprofiles/AppSrv01_create.log	2229270
webspherelab	main	tree	supplemental/exampledata/twas/collector/unpacked/f29061ea7da5/root/opt/IBM/WebSphere/AppServer/logs/postinstall	
webspherelab	main	tree	supplemental/exampledata/twas/collector/unpacked/f29061ea7da5/root/opt/IBM/WebSphere/AppServer/logs/postinstall/fixpack	
webspherelab	main	blob	supplemental/exampledata/twas/collector/unpacked/f29061ea7da5/root/opt/IBM/WebSphere/AppServer/logs/postinstall/fixpack/postinstall.log	2852
webspherelab	main	blob	supplemental/exampledata/twas/collector/unpacked/f29061ea7da5/root/opt/IBM/WebSphere/AppServer/logs/postinstall/fixpack/postinstallerConfigActions1767768068103.log	205258
webspherelab	main	blob	supplemental/exampledata/twas/collector/unpacked/f29061ea7da5/root/opt/IBM/WebSphere/AppServer/logs/postinstall/postinstall.log	2779
webspherelab	main	blob	supplemental/exampledata/twas/collector/unpacked/f29061ea7da5/root/opt/IBM/WebSphere/AppServer/logs/postinstall/postinstallerConfigActions1767768066379.log	19993
webspherelab	main	tree	supplemental/exampledata/twas/collector/unpacked/f29061ea7da5/root/opt/IBM/WebSphere/AppServer/profiles	
webspherelab	main	tree	supplemental/exampledata/twas/collector/unpacked/f29061ea7da5/root/opt/IBM/WebSphere/AppServer/profiles/AppSrv01	
webspherelab	main	tree	supplemental/exampledata/twas/collector/unpacked/f29061ea7da5/root/opt/IBM/WebSphere/AppServer/profiles/AppSrv01/bin	
webspherelab	main	blob	supplemental/exampledata/twas/collector/unpacked/f29061ea7da5/root/opt/IBM/WebSphere/AppServer/profiles/AppSrv01/bin/setupCmdLine.sh	3744
webspherelab	main	blob	supplemental/exampledata/twas/collector/unpacked/f29061ea7da5/root/opt/IBM/WebSphere/AppServer/profiles/AppSrv01/bin/startNode.sh	94
webspherelab	main	blob	supplemental/exampledata/twas/collector/unpacked/f29061ea7da5/root/opt/IBM/WebSphere/AppServer/profiles/AppSrv01/bin/startServer.sh	96
webspherelab	main	blob	supplemental/exampledata/twas/collector/unpacked/f29061ea7da5/root/opt/IBM/WebSphere/AppServer/profiles/AppSrv01/bin/stopNode.sh	93
webspherelab	main	blob	supplemental/exampledata/twas/collector/unpacked/f29061ea7da5/root/opt/IBM/WebSphere/AppServer/profiles/AppSrv01/bin/stopServer.sh	95
webspherelab	main	tree	supplemental/exampledata/twas/collector/unpacked/f29061ea7da5/root/opt/IBM/WebSphere/AppServer/profiles/AppSrv01/config	
webspherelab	main	tree	supplemental/exampledata/twas/collector/unpacked/f29061ea7da5/root/opt/IBM/WebSphere/AppServer/profiles/AppSrv01/config/cells	
webspherelab	main	tree	supplemental/exampledata/twas/collector/unpacked/f29061ea7da5/root/opt/IBM/WebSphere/AppServer/profiles/AppSrv01/config/cells/DefaultCell01	
webspherelab	main	tree	supplemental/exampledata/twas/collector/unpacked/f29061ea7da5/root/opt/IBM/WebSphere/AppServer/profiles/AppSrv01/config/cells/DefaultCell01/PolicySets	
webspherelab	main	tree	supplemental/exampledata/twas/collector/unpacked/f29061ea7da5/root/opt/IBM/WebSphere/AppServer/profiles/AppSrv01/config/cells/DefaultCell01/PolicySets/Kerberos V5 HTTPS default	
webspherelab	main	tree	supplemental/exampledata/twas/collector/unpacked/f29061ea7da5/root/opt/IBM/WebSphere/AppServer/profiles/AppSrv01/config/cells/DefaultCell01/PolicySets/Kerberos V5 HTTPS default/PolicyTypes	
webspherelab	main	tree	supplemental/exampledata/twas/collector/unpacked/f29061ea7da5/root/opt/IBM/WebSphere/AppServer/profiles/AppSrv01/config/cells/DefaultCell01/PolicySets/Kerberos V5 HTTPS default/PolicyTypes/SSLTransport	
webspherelab	main	blob	supplemental/exampledata/twas/collector/unpacked/f29061ea7da5/root/opt/IBM/WebSphere/AppServer/profiles/AppSrv01/config/cells/DefaultCell01/PolicySets/Kerberos V5 HTTPS default/PolicyTypes/SSLTransport/policy.xml	712
webspherelab	main	tree	supplemental/exampledata/twas/collector/unpacked/f29061ea7da5/root/opt/IBM/WebSphere/AppServer/profiles/AppSrv01/config/cells/DefaultCell01/PolicySets/Kerberos V5 HTTPS default/PolicyTypes/WSAddressing	
webspherelab	main	blob	supplemental/exampledata/twas/collector/unpacked/f29061ea7da5/root/opt/IBM/WebSphere/AppServer/profiles/AppSrv01/config/cells/DefaultCell01/PolicySets/Kerberos V5 HTTPS default/PolicyTypes/WSAddressing/policy.xml	511
webspherelab	main	tree	supplemental/exampledata/twas/collector/unpacked/f29061ea7da5/root/opt/IBM/WebSphere/AppServer/profiles/AppSrv01/config/cells/DefaultCell01/PolicySets/Kerberos V5 HTTPS default/PolicyTypes/WSSecurity	
webspherelab	main	blob	supplemental/exampledata/twas/collector/unpacked/f29061ea7da5/root/opt/IBM/WebSphere/AppServer/profiles/AppSrv01/config/cells/DefaultCell01/PolicySets/Kerberos V5 HTTPS default/PolicyTypes/WSSecurity/policy.xml	939
webspherelab	main	blob	supplemental/exampledata/twas/collector/unpacked/f29061ea7da5/root/opt/IBM/WebSphere/AppServer/profiles/AppSrv01/config/cells/DefaultCell01/PolicySets/Kerberos V5 HTTPS default/policySet.xml	609
webspherelab	main	tree	supplemental/exampledata/twas/collector/unpacked/f29061ea7da5/root/opt/IBM/WebSphere/AppServer/profiles/AppSrv01/config/cells/DefaultCell01/PolicySets/LTPA WSSecurity default	
webspherelab	main	tree	supplemental/exampledata/twas/collector/unpacked/f29061ea7da5/root/opt/IBM/WebSphere/AppServer/profiles/AppSrv01/config/cells/DefaultCell01/PolicySets/LTPA WSSecurity default/PolicyTypes	
webspherelab	main	tree	supplemental/exampledata/twas/collector/unpacked/f29061ea7da5/root/opt/IBM/WebSphere/AppServer/profiles/AppSrv01/config/cells/DefaultCell01/PolicySets/LTPA WSSecurity default/PolicyTypes/WSAddressing	
webspherelab	main	blob	supplemental/exampledata/twas/collector/unpacked/f29061ea7da5/root/opt/IBM/WebSphere/AppServer/profiles/AppSrv01/config/cells/DefaultCell01/PolicySets/LTPA WSSecurity default/PolicyTypes/WSAddressing/policy.xml	511
webspherelab	main	tree	supplemental/exampledata/twas/collector/unpacked/f29061ea7da5/root/opt/IBM/WebSphere/AppServer/profiles/AppSrv01/config/cells/DefaultCell01/PolicySets/LTPA WSSecurity default/PolicyTypes/WSSecurity	
webspherelab	main	blob	supplemental/exampledata/twas/collector/unpacked/f29061ea7da5/root/opt/IBM/WebSphere/AppServer/profiles/AppSrv01/config/cells/DefaultCell01/PolicySets/LTPA WSSecurity default/PolicyTypes/WSSecurity/policy.xml	12819
webspherelab	main	blob	supplemental/exampledata/twas/collector/unpacked/f29061ea7da5/root/opt/IBM/WebSphere/AppServer/profiles/AppSrv01/config/cells/DefaultCell01/PolicySets/LTPA WSSecurity default/policySet.xml	552
webspherelab	main	tree	supplemental/exampledata/twas/collector/unpacked/f29061ea7da5/root/opt/IBM/WebSphere/AppServer/profiles/AppSrv01/config/cells/DefaultCell01/PolicySets/SSL WSTransaction	
webspherelab	main	tree	supplemental/exampledata/twas/collector/unpacked/f29061ea7da5/root/opt/IBM/WebSphere/AppServer/profiles/AppSrv01/config/cells/DefaultCell01/PolicySets/SSL WSTransaction/PolicyTypes	
webspherelab	main	tree	supplemental/exampledata/twas/collector/unpacked/f29061ea7da5/root/opt/IBM/WebSphere/AppServer/profiles/AppSrv01/config/cells/DefaultCell01/PolicySets/SSL WSTransaction/PolicyTypes/SSLTransport	
webspherelab	main	blob	supplemental/exampledata/twas/collector/unpacked/f29061ea7da5/root/opt/IBM/WebSphere/AppServer/profiles/AppSrv01/config/cells/DefaultCell01/PolicySets/SSL WSTransaction/PolicyTypes/SSLTransport/policy.xml	711
webspherelab	main	tree	supplemental/exampledata/twas/collector/unpacked/f29061ea7da5/root/opt/IBM/WebSphere/AppServer/profiles/AppSrv01/config/cells/DefaultCell01/PolicySets/SSL WSTransaction/PolicyTypes/WSTransaction	
webspherelab	main	blob	supplemental/exampledata/twas/collector/unpacked/f29061ea7da5/root/opt/IBM/WebSphere/AppServer/profiles/AppSrv01/config/cells/DefaultCell01/PolicySets/SSL WSTransaction/PolicyTypes/WSTransaction/policy.xml	1116
webspherelab	main	blob	supplemental/exampledata/twas/collector/unpacked/f29061ea7da5/root/opt/IBM/WebSphere/AppServer/profiles/AppSrv01/config/cells/DefaultCell01/PolicySets/SSL WSTransaction/policySet.xml	547
webspherelab	main	tree	supplemental/exampledata/twas/collector/unpacked/f29061ea7da5/root/opt/IBM/WebSphere/AppServer/profiles/AppSrv01/config/cells/DefaultCell01/PolicySets/SystemWSSecurityDefault	
webspherelab	main	tree	supplemental/exampledata/twas/collector/unpacked/f29061ea7da5/root/opt/IBM/WebSphere/AppServer/profiles/AppSrv01/config/cells/DefaultCell01/PolicySets/SystemWSSecurityDefault/PolicyTypes	
webspherelab	main	tree	supplemental/exampledata/twas/collector/unpacked/f29061ea7da5/root/opt/IBM/WebSphere/AppServer/profiles/AppSrv01/config/cells/DefaultCell01/PolicySets/SystemWSSecurityDefault/PolicyTypes/WSAddressing	
webspherelab	main	blob	supplemental/exampledata/twas/collector/unpacked/f29061ea7da5/root/opt/IBM/WebSphere/AppServer/profiles/AppSrv01/config/cells/DefaultCell01/PolicySets/SystemWSSecurityDefault/PolicyTypes/WSAddressing/policy.xml	511
webspherelab	main	tree	supplemental/exampledata/twas/collector/unpacked/f29061ea7da5/root/opt/IBM/WebSphere/AppServer/profiles/AppSrv01/config/cells/DefaultCell01/PolicySets/SystemWSSecurityDefault/PolicyTypes/WSSecurity	
webspherelab	main	blob	supplemental/exampledata/twas/collector/unpacked/f29061ea7da5/root/opt/IBM/WebSphere/AppServer/profiles/AppSrv01/config/cells/DefaultCell01/PolicySets/SystemWSSecurityDefault/PolicyTypes/WSSecurity/policy.xml	7096
webspherelab	main	blob	supplemental/exampledata/twas/collector/unpacked/f29061ea7da5/root/opt/IBM/WebSphere/AppServer/profiles/AppSrv01/config/cells/DefaultCell01/PolicySets/SystemWSSecurityDefault/policySet.xml	545
webspherelab	main	tree	supplemental/exampledata/twas/collector/unpacked/f29061ea7da5/root/opt/IBM/WebSphere/AppServer/profiles/AppSrv01/config/cells/DefaultCell01/PolicySets/TrustServiceSecurityDefault	
webspherelab	main	tree	supplemental/exampledata/twas/collector/unpacked/f29061ea7da5/root/opt/IBM/WebSphere/AppServer/profiles/AppSrv01/config/cells/DefaultCell01/PolicySets/TrustServiceSecurityDefault/PolicyTypes	
webspherelab	main	tree	supplemental/exampledata/twas/collector/unpacked/f29061ea7da5/root/opt/IBM/WebSphere/AppServer/profiles/AppSrv01/config/cells/DefaultCell01/PolicySets/TrustServiceSecurityDefault/PolicyTypes/WSAddressing	
webspherelab	main	blob	supplemental/exampledata/twas/collector/unpacked/f29061ea7da5/root/opt/IBM/WebSphere/AppServer/profiles/AppSrv01/config/cells/DefaultCell01/PolicySets/TrustServiceSecurityDefault/PolicyTypes/WSAddressing/policy.xml	511
webspherelab	main	tree	supplemental/exampledata/twas/collector/unpacked/f29061ea7da5/root/opt/IBM/WebSphere/AppServer/profiles/AppSrv01/config/cells/DefaultCell01/PolicySets/TrustServiceSecurityDefault/PolicyTypes/WSSecurity	
webspherelab	main	blob	supplemental/exampledata/twas/collector/unpacked/f29061ea7da5/root/opt/IBM/WebSphere/AppServer/profiles/AppSrv01/config/cells/DefaultCell01/PolicySets/TrustServiceSecurityDefault/PolicyTypes/WSSecurity/policy.xml	7096
webspherelab	main	blob	supplemental/exampledata/twas/collector/unpacked/f29061ea7da5/root/opt/IBM/WebSphere/AppServer/profiles/AppSrv01/config/cells/DefaultCell01/PolicySets/TrustServiceSecurityDefault/policySet.xml	555
webspherelab	main	tree	supplemental/exampledata/twas/collector/unpacked/f29061ea7da5/root/opt/IBM/WebSphere/AppServer/profiles/AppSrv01/config/cells/DefaultCell01/PolicySets/TrustServiceSymmetricDefault	
webspherelab	main	tree	supplemental/exampledata/twas/collector/unpacked/f29061ea7da5/root/opt/IBM/WebSphere/AppServer/profiles/AppSrv01/config/cells/DefaultCell01/PolicySets/TrustServiceSymmetricDefault/PolicyTypes	
webspherelab	main	tree	supplemental/exampledata/twas/collector/unpacked/f29061ea7da5/root/opt/IBM/WebSphere/AppServer/profiles/AppSrv01/config/cells/DefaultCell01/PolicySets/TrustServiceSymmetricDefault/PolicyTypes/WSAddressing	
webspherelab	main	blob	supplemental/exampledata/twas/collector/unpacked/f29061ea7da5/root/opt/IBM/WebSphere/AppServer/profiles/AppSrv01/config/cells/DefaultCell01/PolicySets/TrustServiceSymmetricDefault/PolicyTypes/WSAddressing/policy.xml	511
webspherelab	main	tree	supplemental/exampledata/twas/collector/unpacked/f29061ea7da5/root/opt/IBM/WebSphere/AppServer/profiles/AppSrv01/config/cells/DefaultCell01/PolicySets/TrustServiceSymmetricDefault/PolicyTypes/WSSecurity	
webspherelab	main	blob	supplemental/exampledata/twas/collector/unpacked/f29061ea7da5/root/opt/IBM/WebSphere/AppServer/profiles/AppSrv01/config/cells/DefaultCell01/PolicySets/TrustServiceSymmetricDefault/PolicyTypes/WSSecurity/policy.xml	5845
webspherelab	main	blob	supplemental/exampledata/twas/collector/unpacked/f29061ea7da5/root/opt/IBM/WebSphere/AppServer/profiles/AppSrv01/config/cells/DefaultCell01/PolicySets/TrustServiceSymmetricDefault/policySet.xml	556
webspherelab	main	tree	supplemental/exampledata/twas/collector/unpacked/f29061ea7da5/root/opt/IBM/WebSphere/AppServer/profiles/AppSrv01/config/cells/DefaultCell01/PolicySets/Username SecureConversation	
webspherelab	main	tree	supplemental/exampledata/twas/collector/unpacked/f29061ea7da5/root/opt/IBM/WebSphere/AppServer/profiles/AppSrv01/config/cells/DefaultCell01/PolicySets/Username SecureConversation/PolicyTypes	
webspherelab	main	tree	supplemental/exampledata/twas/collector/unpacked/f29061ea7da5/root/opt/IBM/WebSphere/AppServer/profiles/AppSrv01/config/cells/DefaultCell01/PolicySets/Username SecureConversation/PolicyTypes/WSAddressing	
webspherelab	main	blob	supplemental/exampledata/twas/collector/unpacked/f29061ea7da5/root/opt/IBM/WebSphere/AppServer/profiles/AppSrv01/config/cells/DefaultCell01/PolicySets/Username SecureConversation/PolicyTypes/WSAddressing/policy.xml	511
webspherelab	main	tree	supplemental/exampledata/twas/collector/unpacked/f29061ea7da5/root/opt/IBM/WebSphere/AppServer/profiles/AppSrv01/config/cells/DefaultCell01/PolicySets/Username SecureConversation/PolicyTypes/WSSecurity	
webspherelab	main	blob	supplemental/exampledata/twas/collector/unpacked/f29061ea7da5/root/opt/IBM/WebSphere/AppServer/profiles/AppSrv01/config/cells/DefaultCell01/PolicySets/Username SecureConversation/PolicyTypes/WSSecurity/policy.xml	17184
webspherelab	main	blob	supplemental/exampledata/twas/collector/unpacked/f29061ea7da5/root/opt/IBM/WebSphere/AppServer/profiles/AppSrv01/config/cells/DefaultCell01/PolicySets/Username SecureConversation/policySet.xml	555
webspherelab	main	tree	supplemental/exampledata/twas/collector/unpacked/f29061ea7da5/root/opt/IBM/WebSphere/AppServer/profiles/AppSrv01/config/cells/DefaultCell01/PolicySets/Username WSSecurity default	
webspherelab	main	tree	supplemental/exampledata/twas/collector/unpacked/f29061ea7da5/root/opt/IBM/WebSphere/AppServer/profiles/AppSrv01/config/cells/DefaultCell01/PolicySets/Username WSSecurity default/PolicyTypes	
webspherelab	main	tree	supplemental/exampledata/twas/collector/unpacked/f29061ea7da5/root/opt/IBM/WebSphere/AppServer/profiles/AppSrv01/config/cells/DefaultCell01/PolicySets/Username WSSecurity default/PolicyTypes/WSAddressing	
webspherelab	main	blob	supplemental/exampledata/twas/collector/unpacked/f29061ea7da5/root/opt/IBM/WebSphere/AppServer/profiles/AppSrv01/config/cells/DefaultCell01/PolicySets/Username WSSecurity default/PolicyTypes/WSAddressing/policy.xml	511
webspherelab	main	tree	supplemental/exampledata/twas/collector/unpacked/f29061ea7da5/root/opt/IBM/WebSphere/AppServer/profiles/AppSrv01/config/cells/DefaultCell01/PolicySets/Username WSSecurity default/PolicyTypes/WSSecurity	
webspherelab	main	blob	supplemental/exampledata/twas/collector/unpacked/f29061ea7da5/root/opt/IBM/WebSphere/AppServer/profiles/AppSrv01/config/cells/DefaultCell01/PolicySets/Username WSSecurity default/PolicyTypes/WSSecurity/policy.xml	8291
webspherelab	main	blob	supplemental/exampledata/twas/collector/unpacked/f29061ea7da5/root/opt/IBM/WebSphere/AppServer/profiles/AppSrv01/config/cells/DefaultCell01/PolicySets/Username WSSecurity default/policySet.xml	556
webspherelab	main	tree	supplemental/exampledata/twas/collector/unpacked/f29061ea7da5/root/opt/IBM/WebSphere/AppServer/profiles/AppSrv01/config/cells/DefaultCell01/PolicySets/WS-I RSP	
webspherelab	main	tree	supplemental/exampledata/twas/collector/unpacked/f29061ea7da5/root/opt/IBM/WebSphere/AppServer/profiles/AppSrv01/config/cells/DefaultCell01/PolicySets/WS-I RSP/PolicyTypes	
webspherelab	main	tree	supplemental/exampledata/twas/collector/unpacked/f29061ea7da5/root/opt/IBM/WebSphere/AppServer/profiles/AppSrv01/config/cells/DefaultCell01/PolicySets/WS-I RSP/PolicyTypes/WSAddressing	
webspherelab	main	blob	supplemental/exampledata/twas/collector/unpacked/f29061ea7da5/root/opt/IBM/WebSphere/AppServer/profiles/AppSrv01/config/cells/DefaultCell01/PolicySets/WS-I RSP/PolicyTypes/WSAddressing/policy.xml	491
webspherelab	main	tree	supplemental/exampledata/twas/collector/unpacked/f29061ea7da5/root/opt/IBM/WebSphere/AppServer/profiles/AppSrv01/config/cells/DefaultCell01/PolicySets/WS-I RSP/PolicyTypes/WSReliableMessaging	
webspherelab	main	blob	supplemental/exampledata/twas/collector/unpacked/f29061ea7da5/root/opt/IBM/WebSphere/AppServer/profiles/AppSrv01/config/cells/DefaultCell01/PolicySets/WS-I RSP/PolicyTypes/WSReliableMessaging/policy.xml	819
webspherelab	main	tree	supplemental/exampledata/twas/collector/unpacked/f29061ea7da5/root/opt/IBM/WebSphere/AppServer/profiles/AppSrv01/config/cells/DefaultCell01/PolicySets/WS-I RSP/PolicyTypes/WSSecurity	
webspherelab	main	blob	supplemental/exampledata/twas/collector/unpacked/f29061ea7da5/root/opt/IBM/WebSphere/AppServer/profiles/AppSrv01/config/cells/DefaultCell01/PolicySets/WS-I RSP/PolicyTypes/WSSecurity/policy.xml	14298
webspherelab	main	blob	supplemental/exampledata/twas/collector/unpacked/f29061ea7da5/root/opt/IBM/WebSphere/AppServer/profiles/AppSrv01/config/cells/DefaultCell01/PolicySets/WS-I RSP/policySet.xml	638
webspherelab	main	tree	supplemental/exampledata/twas/collector/unpacked/f29061ea7da5/root/opt/IBM/WebSphere/AppServer/profiles/AppSrv01/config/cells/DefaultCell01/PolicySets/WSAddressing default	
webspherelab	main	tree	supplemental/exampledata/twas/collector/unpacked/f29061ea7da5/root/opt/IBM/WebSphere/AppServer/profiles/AppSrv01/config/cells/DefaultCell01/PolicySets/WSAddressing default/PolicyTypes	
webspherelab	main	tree	supplemental/exampledata/twas/collector/unpacked/f29061ea7da5/root/opt/IBM/WebSphere/AppServer/profiles/AppSrv01/config/cells/DefaultCell01/PolicySets/WSAddressing default/PolicyTypes/WSAddressing	
webspherelab	main	blob	supplemental/exampledata/twas/collector/unpacked/f29061ea7da5/root/opt/IBM/WebSphere/AppServer/profiles/AppSrv01/config/cells/DefaultCell01/PolicySets/WSAddressing default/PolicyTypes/WSAddressing/policy.xml	511
webspherelab	main	blob	supplemental/exampledata/twas/collector/unpacked/f29061ea7da5/root/opt/IBM/WebSphere/AppServer/profiles/AppSrv01/config/cells/DefaultCell01/PolicySets/WSAddressing default/policySet.xml	445
webspherelab	main	tree	supplemental/exampledata/twas/collector/unpacked/f29061ea7da5/root/opt/IBM/WebSphere/AppServer/profiles/AppSrv01/config/cells/DefaultCell01/PolicySets/WSHTTPS default	
webspherelab	main	tree	supplemental/exampledata/twas/collector/unpacked/f29061ea7da5/root/opt/IBM/WebSphere/AppServer/profiles/AppSrv01/config/cells/DefaultCell01/PolicySets/WSHTTPS default/PolicyTypes	
webspherelab	main	tree	supplemental/exampledata/twas/collector/unpacked/f29061ea7da5/root/opt/IBM/WebSphere/AppServer/profiles/AppSrv01/config/cells/DefaultCell01/PolicySets/WSHTTPS default/PolicyTypes/HTTPTransport	
webspherelab	main	blob	supplemental/exampledata/twas/collector/unpacked/f29061ea7da5/root/opt/IBM/WebSphere/AppServer/profiles/AppSrv01/config/cells/DefaultCell01/PolicySets/WSHTTPS default/PolicyTypes/HTTPTransport/policy.xml	1589
webspherelab	main	tree	supplemental/exampledata/twas/collector/unpacked/f29061ea7da5/root/opt/IBM/WebSphere/AppServer/profiles/AppSrv01/config/cells/DefaultCell01/PolicySets/WSHTTPS default/PolicyTypes/SSLTransport	
webspherelab	main	blob	supplemental/exampledata/twas/collector/unpacked/f29061ea7da5/root/opt/IBM/WebSphere/AppServer/profiles/AppSrv01/config/cells/DefaultCell01/PolicySets/WSHTTPS default/PolicyTypes/SSLTransport/policy.xml	712
webspherelab	main	tree	supplemental/exampledata/twas/collector/unpacked/f29061ea7da5/root/opt/IBM/WebSphere/AppServer/profiles/AppSrv01/config/cells/DefaultCell01/PolicySets/WSHTTPS default/PolicyTypes/WSAddressing	
webspherelab	main	blob	supplemental/exampledata/twas/collector/unpacked/f29061ea7da5/root/opt/IBM/WebSphere/AppServer/profiles/AppSrv01/config/cells/DefaultCell01/PolicySets/WSHTTPS default/PolicyTypes/WSAddressing/policy.xml	511
webspherelab	main	blob	supplemental/exampledata/twas/collector/unpacked/f29061ea7da5/root/opt/IBM/WebSphere/AppServer/profiles/AppSrv01/config/cells/DefaultCell01/PolicySets/WSHTTPS default/policySet.xml	623
webspherelab	main	tree	supplemental/exampledata/twas/collector/unpacked/f29061ea7da5/root/opt/IBM/WebSphere/AppServer/profiles/AppSrv01/config/cells/DefaultCell01/PolicySets/WSReliableMessaging persistent	
webspherelab	main	tree	supplemental/exampledata/twas/collector/unpacked/f29061ea7da5/root/opt/IBM/WebSphere/AppServer/profiles/AppSrv01/config/cells/DefaultCell01/PolicySets/WSReliableMessaging persistent/PolicyTypes	
webspherelab	main	tree	supplemental/exampledata/twas/collector/unpacked/f29061ea7da5/root/opt/IBM/WebSphere/AppServer/profiles/AppSrv01/config/cells/DefaultCell01/PolicySets/WSReliableMessaging persistent/PolicyTypes/WSAddressing	
webspherelab	main	blob	supplemental/exampledata/twas/collector/unpacked/f29061ea7da5/root/opt/IBM/WebSphere/AppServer/profiles/AppSrv01/config/cells/DefaultCell01/PolicySets/WSReliableMessaging persistent/PolicyTypes/WSAddressing/policy.xml	491
webspherelab	main	tree	supplemental/exampledata/twas/collector/unpacked/f29061ea7da5/root/opt/IBM/WebSphere/AppServer/profiles/AppSrv01/config/cells/DefaultCell01/PolicySets/WSReliableMessaging persistent/PolicyTypes/WSReliableMessaging	
webspherelab	main	blob	supplemental/exampledata/twas/collector/unpacked/f29061ea7da5/root/opt/IBM/WebSphere/AppServer/profiles/AppSrv01/config/cells/DefaultCell01/PolicySets/WSReliableMessaging persistent/PolicyTypes/WSReliableMessaging/policy.xml	814
webspherelab	main	blob	supplemental/exampledata/twas/collector/unpacked/f29061ea7da5/root/opt/IBM/WebSphere/AppServer/profiles/AppSrv01/config/cells/DefaultCell01/PolicySets/WSReliableMessaging persistent/policySet.xml	584
webspherelab	main	tree	supplemental/exampledata/twas/collector/unpacked/f29061ea7da5/root/opt/IBM/WebSphere/AppServer/profiles/AppSrv01/config/cells/DefaultCell01/PolicyTypes	
webspherelab	main	tree	supplemental/exampledata/twas/collector/unpacked/f29061ea7da5/root/opt/IBM/WebSphere/AppServer/profiles/AppSrv01/config/cells/DefaultCell01/PolicyTypes/CustomProperties	
webspherelab	main	blob	supplemental/exampledata/twas/collector/unpacked/f29061ea7da5/root/opt/IBM/WebSphere/AppServer/profiles/AppSrv01/config/cells/DefaultCell01/PolicyTypes/CustomProperties/policy.xml	185
webspherelab	main	tree	supplemental/exampledata/twas/collector/unpacked/f29061ea7da5/root/opt/IBM/WebSphere/AppServer/profiles/AppSrv01/config/cells/DefaultCell01/PolicyTypes/HTTPTransport	
webspherelab	main	blob	supplemental/exampledata/twas/collector/unpacked/f29061ea7da5/root/opt/IBM/WebSphere/AppServer/profiles/AppSrv01/config/cells/DefaultCell01/PolicyTypes/HTTPTransport/bindings.xml	1120
webspherelab	main	blob	supplemental/exampledata/twas/collector/unpacked/f29061ea7da5/root/opt/IBM/WebSphere/AppServer/profiles/AppSrv01/config/cells/DefaultCell01/PolicyTypes/HTTPTransport/policy.xml	1589
webspherelab	main	tree	supplemental/exampledata/twas/collector/unpacked/f29061ea7da5/root/opt/IBM/WebSphere/AppServer/profiles/AppSrv01/config/cells/DefaultCell01/PolicyTypes/JMSTransport	
webspherelab	main	blob	supplemental/exampledata/twas/collector/unpacked/f29061ea7da5/root/opt/IBM/WebSphere/AppServer/profiles/AppSrv01/config/cells/DefaultCell01/PolicyTypes/JMSTransport/policy.xml	592
webspherelab	main	tree	supplemental/exampledata/twas/collector/unpacked/f29061ea7da5/root/opt/IBM/WebSphere/AppServer/profiles/AppSrv01/config/cells/DefaultCell01/PolicyTypes/SSLTransport	
webspherelab	main	blob	supplemental/exampledata/twas/collector/unpacked/f29061ea7da5/root/opt/IBM/WebSphere/AppServer/profiles/AppSrv01/config/cells/DefaultCell01/PolicyTypes/SSLTransport/bindings.xml	1035
webspherelab	main	blob	supplemental/exampledata/twas/collector/unpacked/f29061ea7da5/root/opt/IBM/WebSphere/AppServer/profiles/AppSrv01/config/cells/DefaultCell01/PolicyTypes/SSLTransport/policy.xml	712
webspherelab	main	tree	supplemental/exampledata/twas/collector/unpacked/f29061ea7da5/root/opt/IBM/WebSphere/AppServer/profiles/AppSrv01/config/cells/DefaultCell01/PolicyTypes/WSAddressing	
webspherelab	main	blob	supplemental/exampledata/twas/collector/unpacked/f29061ea7da5/root/opt/IBM/WebSphere/AppServer/profiles/AppSrv01/config/cells/DefaultCell01/PolicyTypes/WSAddressing/bindings.xml	294
webspherelab	main	blob	supplemental/exampledata/twas/collector/unpacked/f29061ea7da5/root/opt/IBM/WebSphere/AppServer/profiles/AppSrv01/config/cells/DefaultCell01/PolicyTypes/WSAddressing/policy.xml	511
webspherelab	main	tree	supplemental/exampledata/twas/collector/unpacked/f29061ea7da5/root/opt/IBM/WebSphere/AppServer/profiles/AppSrv01/config/cells/DefaultCell01/PolicyTypes/WSReliableMessaging	
webspherelab	main	blob	supplemental/exampledata/twas/collector/unpacked/f29061ea7da5/root/opt/IBM/WebSphere/AppServer/profiles/AppSrv01/config/cells/DefaultCell01/PolicyTypes/WSReliableMessaging/bindings.xml	376
webspherelab	main	blob	supplemental/exampledata/twas/collector/unpacked/f29061ea7da5/root/opt/IBM/WebSphere/AppServer/profiles/AppSrv01/config/cells/DefaultCell01/PolicyTypes/WSReliableMessaging/policy.xml	818
webspherelab	main	tree	supplemental/exampledata/twas/collector/unpacked/f29061ea7da5/root/opt/IBM/WebSphere/AppServer/profiles/AppSrv01/config/cells/DefaultCell01/PolicyTypes/WSSecurity	
webspherelab	main	blob	supplemental/exampledata/twas/collector/unpacked/f29061ea7da5/root/opt/IBM/WebSphere/AppServer/profiles/AppSrv01/config/cells/DefaultCell01/PolicyTypes/WSSecurity/bindings.xml	12540
webspherelab	main	blob	supplemental/exampledata/twas/collector/unpacked/f29061ea7da5/root/opt/IBM/WebSphere/AppServer/profiles/AppSrv01/config/cells/DefaultCell01/PolicyTypes/WSSecurity/policy.xml	6060
webspherelab	main	tree	supplemental/exampledata/twas/collector/unpacked/f29061ea7da5/root/opt/IBM/WebSphere/AppServer/profiles/AppSrv01/config/cells/DefaultCell01/PolicyTypes/WSTransaction	
webspherelab	main	blob	supplemental/exampledata/twas/collector/unpacked/f29061ea7da5/root/opt/IBM/WebSphere/AppServer/profiles/AppSrv01/config/cells/DefaultCell01/PolicyTypes/WSTransaction/policy.xml	1116
webspherelab	main	blob	supplemental/exampledata/twas/collector/unpacked/f29061ea7da5/root/opt/IBM/WebSphere/AppServer/profiles/AppSrv01/config/cells/DefaultCell01/WSSCCache.xml	428
webspherelab	main	blob	supplemental/exampledata/twas/collector/unpacked/f29061ea7da5/root/opt/IBM/WebSphere/AppServer/profiles/AppSrv01/config/cells/DefaultCell01/WSSDistributedCache.xml	599
webspherelab	main	blob	supplemental/exampledata/twas/collector/unpacked/f29061ea7da5/root/opt/IBM/WebSphere/AppServer/profiles/AppSrv01/config/cells/DefaultCell01/admin-authz.xml	1928
webspherelab	main	blob	supplemental/exampledata/twas/collector/unpacked/f29061ea7da5/root/opt/IBM/WebSphere/AppServer/profiles/AppSrv01/config/cells/DefaultCell01/amwas.amjacc.template.properties	2163
webspherelab	main	blob	supplemental/exampledata/twas/collector/unpacked/f29061ea7da5/root/opt/IBM/WebSphere/AppServer/profiles/AppSrv01/config/cells/DefaultCell01/amwas.pdjlog.template.properties	10352
webspherelab	main	tree	supplemental/exampledata/twas/collector/unpacked/f29061ea7da5/root/opt/IBM/WebSphere/AppServer/profiles/AppSrv01/config/cells/DefaultCell01/applications	
webspherelab	main	tree	supplemental/exampledata/twas/collector/unpacked/f29061ea7da5/root/opt/IBM/WebSphere/AppServer/profiles/AppSrv01/config/cells/DefaultCell01/applications/RESTAPIDocs.ear	
webspherelab	main	tree	supplemental/exampledata/twas/collector/unpacked/f29061ea7da5/root/opt/IBM/WebSphere/AppServer/profiles/AppSrv01/config/cells/DefaultCell01/applications/RESTAPIDocs.ear/deltas	
webspherelab	main	tree	supplemental/exampledata/twas/collector/unpacked/f29061ea7da5/root/opt/IBM/WebSphere/AppServer/profiles/AppSrv01/config/cells/DefaultCell01/applications/RESTAPIDocs.ear/deltas/RESTAPIDocs	
webspherelab	main	blob	supplemental/exampledata/twas/collector/unpacked/f29061ea7da5/root/opt/IBM/WebSphere/AppServer/profiles/AppSrv01/config/cells/DefaultCell01/applications/RESTAPIDocs.ear/deltas/RESTAPIDocs/delta-1463000981162	146
webspherelab	main	blob	supplemental/exampledata/twas/collector/unpacked/f29061ea7da5/root/opt/IBM/WebSphere/AppServer/profiles/AppSrv01/config/cells/DefaultCell01/applications/RESTAPIDocs.ear/deltas/RESTAPIDocs/delta-1463001077668	173
webspherelab	main	tree	supplemental/exampledata/twas/collector/unpacked/f29061ea7da5/root/opt/IBM/WebSphere/AppServer/profiles/AppSrv01/config/cells/DefaultCell01/applications/RESTAPIDocs.ear/deployments	
webspherelab	main	tree	supplemental/exampledata/twas/collector/unpacked/f29061ea7da5/root/opt/IBM/WebSphere/AppServer/profiles/AppSrv01/config/cells/DefaultCell01/applications/RESTAPIDocs.ear/deployments/RESTAPIDocs	
webspherelab	main	tree	supplemental/exampledata/twas/collector/unpacked/f29061ea7da5/root/opt/IBM/WebSphere/AppServer/profiles/AppSrv01/config/cells/DefaultCell01/applications/RESTAPIDocs.ear/deployments/RESTAPIDocs/META-INF	
webspherelab	main	blob	supplemental/exampledata/twas/collector/unpacked/f29061ea7da5/root/opt/IBM/WebSphere/AppServer/profiles/AppSrv01/config/cells/DefaultCell01/applications/RESTAPIDocs.ear/deployments/RESTAPIDocs/META-INF/MANIFEST.MF	153
webspherelab	main	blob	supplemental/exampledata/twas/collector/unpacked/f29061ea7da5/root/opt/IBM/WebSphere/AppServer/profiles/AppSrv01/config/cells/DefaultCell01/applications/RESTAPIDocs.ear/deployments/RESTAPIDocs/META-INF/application.xml	623
webspherelab	main	blob	supplemental/exampledata/twas/collector/unpacked/f29061ea7da5/root/opt/IBM/WebSphere/AppServer/profiles/AppSrv01/config/cells/DefaultCell01/applications/RESTAPIDocs.ear/deployments/RESTAPIDocs/META-INF/ibm-application-bnd.xml	445
webspherelab	main	blob	supplemental/exampledata/twas/collector/unpacked/f29061ea7da5/root/opt/IBM/WebSphere/AppServer/profiles/AppSrv01/config/cells/DefaultCell01/applications/RESTAPIDocs.ear/deployments/RESTAPIDocs/META-INF/ibm-application-ha.props	10
webspherelab	main	blob	supplemental/exampledata/twas/collector/unpacked/f29061ea7da5/root/opt/IBM/WebSphere/AppServer/profiles/AppSrv01/config/cells/DefaultCell01/applications/RESTAPIDocs.ear/deployments/RESTAPIDocs/META-INF/ibm-application-runtime.props	152
webspherelab	main	tree	supplemental/exampledata/twas/collector/unpacked/f29061ea7da5/root/opt/IBM/WebSphere/AppServer/profiles/AppSrv01/config/cells/DefaultCell01/applications/RESTAPIDocs.ear/deployments/RESTAPIDocs/RESTAPIDocs.war	
webspherelab	main	tree	supplemental/exampledata/twas/collector/unpacked/f29061ea7da5/root/opt/IBM/WebSphere/AppServer/profiles/AppSrv01/config/cells/DefaultCell01/applications/RESTAPIDocs.ear/deployments/RESTAPIDocs/RESTAPIDocs.war/META-INF	
webspherelab	main	blob	supplemental/exampledata/twas/collector/unpacked/f29061ea7da5/root/opt/IBM/WebSphere/AppServer/profiles/AppSrv01/config/cells/DefaultCell01/applications/RESTAPIDocs.ear/deployments/RESTAPIDocs/RESTAPIDocs.war/META-INF/MANIFEST.MF	153
webspherelab	main	blob	supplemental/exampledata/twas/collector/unpacked/f29061ea7da5/root/opt/IBM/WebSphere/AppServer/profiles/AppSrv01/config/cells/DefaultCell01/applications/RESTAPIDocs.ear/deployments/RESTAPIDocs/RESTAPIDocs.war/META-INF/swagger.json	3040
webspherelab	main	tree	supplemental/exampledata/twas/collector/unpacked/f29061ea7da5/root/opt/IBM/WebSphere/AppServer/profiles/AppSrv01/config/cells/DefaultCell01/applications/RESTAPIDocs.ear/deployments/RESTAPIDocs/RESTAPIDocs.war/WEB-INF	
webspherelab	main	blob	supplemental/exampledata/twas/collector/unpacked/f29061ea7da5/root/opt/IBM/WebSphere/AppServer/profiles/AppSrv01/config/cells/DefaultCell01/applications/RESTAPIDocs.ear/deployments/RESTAPIDocs/RESTAPIDocs.war/WEB-INF/ibm-web-bnd.xmi	391
webspherelab	main	blob	supplemental/exampledata/twas/collector/unpacked/f29061ea7da5/root/opt/IBM/WebSphere/AppServer/profiles/AppSrv01/config/cells/DefaultCell01/applications/RESTAPIDocs.ear/deployments/RESTAPIDocs/RESTAPIDocs.war/WEB-INF/ibm-web-ext.xmi	713
webspherelab	main	blob	supplemental/exampledata/twas/collector/unpacked/f29061ea7da5/root/opt/IBM/WebSphere/AppServer/profiles/AppSrv01/config/cells/DefaultCell01/applications/RESTAPIDocs.ear/deployments/RESTAPIDocs/RESTAPIDocs.war/WEB-INF/web.xml	1582
webspherelab	main	blob	supplemental/exampledata/twas/collector/unpacked/f29061ea7da5/root/opt/IBM/WebSphere/AppServer/profiles/AppSrv01/config/cells/DefaultCell01/applications/RESTAPIDocs.ear/deployments/RESTAPIDocs/deployment.xml	1672
webspherelab	main	tree	supplemental/exampledata/twas/collector/unpacked/f29061ea7da5/root/opt/IBM/WebSphere/AppServer/profiles/AppSrv01/config/cells/DefaultCell01/applications/SwaggerUI.ear	
webspherelab	main	tree	supplemental/exampledata/twas/collector/unpacked/f29061ea7da5/root/opt/IBM/WebSphere/AppServer/profiles/AppSrv01/config/cells/DefaultCell01/applications/SwaggerUI.ear/deltas	
webspherelab	main	tree	supplemental/exampledata/twas/collector/unpacked/f29061ea7da5/root/opt/IBM/WebSphere/AppServer/profiles/AppSrv01/config/cells/DefaultCell01/applications/SwaggerUI.ear/deltas/SwaggerUI	
webspherelab	main	blob	supplemental/exampledata/twas/collector/unpacked/f29061ea7da5/root/opt/IBM/WebSphere/AppServer/profiles/AppSrv01/config/cells/DefaultCell01/applications/SwaggerUI.ear/deltas/SwaggerUI/delta-1767800858734	144
webspherelab	main	tree	supplemental/exampledata/twas/collector/unpacked/f29061ea7da5/root/opt/IBM/WebSphere/AppServer/profiles/AppSrv01/config/cells/DefaultCell01/applications/SwaggerUI.ear/deployments	
webspherelab	main	tree	supplemental/exampledata/twas/collector/unpacked/f29061ea7da5/root/opt/IBM/WebSphere/AppServer/profiles/AppSrv01/config/cells/DefaultCell01/applications/SwaggerUI.ear/deployments/SwaggerUI	
webspherelab	main	tree	supplemental/exampledata/twas/collector/unpacked/f29061ea7da5/root/opt/IBM/WebSphere/AppServer/profiles/AppSrv01/config/cells/DefaultCell01/applications/SwaggerUI.ear/deployments/SwaggerUI/META-INF	
webspherelab	main	blob	supplemental/exampledata/twas/collector/unpacked/f29061ea7da5/root/opt/IBM/WebSphere/AppServer/profiles/AppSrv01/config/cells/DefaultCell01/applications/SwaggerUI.ear/deployments/SwaggerUI/META-INF/MANIFEST.MF	25
webspherelab	main	blob	supplemental/exampledata/twas/collector/unpacked/f29061ea7da5/root/opt/IBM/WebSphere/AppServer/profiles/AppSrv01/config/cells/DefaultCell01/applications/SwaggerUI.ear/deployments/SwaggerUI/META-INF/application_merged.xml	650
webspherelab	main	blob	supplemental/exampledata/twas/collector/unpacked/f29061ea7da5/root/opt/IBM/WebSphere/AppServer/profiles/AppSrv01/config/cells/DefaultCell01/applications/SwaggerUI.ear/deployments/SwaggerUI/META-INF/ibm-application-bnd.xml	445
webspherelab	main	blob	supplemental/exampledata/twas/collector/unpacked/f29061ea7da5/root/opt/IBM/WebSphere/AppServer/profiles/AppSrv01/config/cells/DefaultCell01/applications/SwaggerUI.ear/deployments/SwaggerUI/META-INF/ibm-application-ha.props	10
webspherelab	main	blob	supplemental/exampledata/twas/collector/unpacked/f29061ea7da5/root/opt/IBM/WebSphere/AppServer/profiles/AppSrv01/config/cells/DefaultCell01/applications/SwaggerUI.ear/deployments/SwaggerUI/META-INF/ibm-application-runtime.props	150
webspherelab	main	tree	supplemental/exampledata/twas/collector/unpacked/f29061ea7da5/root/opt/IBM/WebSphere/AppServer/profiles/AppSrv01/config/cells/DefaultCell01/applications/SwaggerUI.ear/deployments/SwaggerUI/SwaggerUI.war	
webspherelab	main	tree	supplemental/exampledata/twas/collector/unpacked/f29061ea7da5/root/opt/IBM/WebSphere/AppServer/profiles/AppSrv01/config/cells/DefaultCell01/applications/SwaggerUI.ear/deployments/SwaggerUI/SwaggerUI.war/META-INF	
webspherelab	main	blob	supplemental/exampledata/twas/collector/unpacked/f29061ea7da5/root/opt/IBM/WebSphere/AppServer/profiles/AppSrv01/config/cells/DefaultCell01/applications/SwaggerUI.ear/deployments/SwaggerUI/SwaggerUI.war/META-INF/MANIFEST.MF	22
webspherelab	main	tree	supplemental/exampledata/twas/collector/unpacked/f29061ea7da5/root/opt/IBM/WebSphere/AppServer/profiles/AppSrv01/config/cells/DefaultCell01/applications/SwaggerUI.ear/deployments/SwaggerUI/SwaggerUI.war/WEB-INF	
webspherelab	main	blob	supplemental/exampledata/twas/collector/unpacked/f29061ea7da5/root/opt/IBM/WebSphere/AppServer/profiles/AppSrv01/config/cells/DefaultCell01/applications/SwaggerUI.ear/deployments/SwaggerUI/SwaggerUI.war/WEB-INF/ibm-web-bnd.xmi	389
webspherelab	main	blob	supplemental/exampledata/twas/collector/unpacked/f29061ea7da5/root/opt/IBM/WebSphere/AppServer/profiles/AppSrv01/config/cells/DefaultCell01/applications/SwaggerUI.ear/deployments/SwaggerUI/SwaggerUI.war/WEB-INF/ibm-web-ext.xmi	743
webspherelab	main	blob	supplemental/exampledata/twas/collector/unpacked/f29061ea7da5/root/opt/IBM/WebSphere/AppServer/profiles/AppSrv01/config/cells/DefaultCell01/applications/SwaggerUI.ear/deployments/SwaggerUI/SwaggerUI.war/WEB-INF/web.xml	1514
webspherelab	main	blob	supplemental/exampledata/twas/collector/unpacked/f29061ea7da5/root/opt/IBM/WebSphere/AppServer/profiles/AppSrv01/config/cells/DefaultCell01/applications/SwaggerUI.ear/deployments/SwaggerUI/deployment.xml	1695
webspherelab	main	tree	supplemental/exampledata/twas/collector/unpacked/f29061ea7da5/root/opt/IBM/WebSphere/AppServer/profiles/AppSrv01/config/cells/DefaultCell01/applications/WebSphereWSDM.ear	
webspherelab	main	tree	supplemental/exampledata/twas/collector/unpacked/f29061ea7da5/root/opt/IBM/WebSphere/AppServer/profiles/AppSrv01/config/cells/DefaultCell01/applications/WebSphereWSDM.ear/deltas	
webspherelab	main	tree	supplemental/exampledata/twas/collector/unpacked/f29061ea7da5/root/opt/IBM/WebSphere/AppServer/profiles/AppSrv01/config/cells/DefaultCell01/applications/WebSphereWSDM.ear/deltas/WebSphereWSDM	
webspherelab	main	blob	supplemental/exampledata/twas/collector/unpacked/f29061ea7da5/root/opt/IBM/WebSphere/AppServer/profiles/AppSrv01/config/cells/DefaultCell01/applications/WebSphereWSDM.ear/deltas/WebSphereWSDM/delta-1213634127390	148
webspherelab	main	tree	supplemental/exampledata/twas/collector/unpacked/f29061ea7da5/root/opt/IBM/WebSphere/AppServer/profiles/AppSrv01/config/cells/DefaultCell01/applications/WebSphereWSDM.ear/deployments	
webspherelab	main	tree	supplemental/exampledata/twas/collector/unpacked/f29061ea7da5/root/opt/IBM/WebSphere/AppServer/profiles/AppSrv01/config/cells/DefaultCell01/applications/WebSphereWSDM.ear/deployments/WebSphereWSDM	
webspherelab	main	tree	supplemental/exampledata/twas/collector/unpacked/f29061ea7da5/root/opt/IBM/WebSphere/AppServer/profiles/AppSrv01/config/cells/DefaultCell01/applications/WebSphereWSDM.ear/deployments/WebSphereWSDM/META-INF	
webspherelab	main	blob	supplemental/exampledata/twas/collector/unpacked/f29061ea7da5/root/opt/IBM/WebSphere/AppServer/profiles/AppSrv01/config/cells/DefaultCell01/applications/WebSphereWSDM.ear/deployments/WebSphereWSDM/META-INF/MANIFEST.MF	291
webspherelab	main	blob	supplemental/exampledata/twas/collector/unpacked/f29061ea7da5/root/opt/IBM/WebSphere/AppServer/profiles/AppSrv01/config/cells/DefaultCell01/applications/WebSphereWSDM.ear/deployments/WebSphereWSDM/META-INF/application.xml	426
webspherelab	main	blob	supplemental/exampledata/twas/collector/unpacked/f29061ea7da5/root/opt/IBM/WebSphere/AppServer/profiles/AppSrv01/config/cells/DefaultCell01/applications/WebSphereWSDM.ear/deployments/WebSphereWSDM/META-INF/ibm-application-ha.props	75
webspherelab	main	blob	supplemental/exampledata/twas/collector/unpacked/f29061ea7da5/root/opt/IBM/WebSphere/AppServer/profiles/AppSrv01/config/cells/DefaultCell01/applications/WebSphereWSDM.ear/deployments/WebSphereWSDM/META-INF/ibm-application-runtime.props	233
webspherelab	main	blob	supplemental/exampledata/twas/collector/unpacked/f29061ea7da5/root/opt/IBM/WebSphere/AppServer/profiles/AppSrv01/config/cells/DefaultCell01/applications/WebSphereWSDM.ear/deployments/WebSphereWSDM/META-INF/ibm-application-sa2.props	98
webspherelab	main	blob	supplemental/exampledata/twas/collector/unpacked/f29061ea7da5/root/opt/IBM/WebSphere/AppServer/profiles/AppSrv01/config/cells/DefaultCell01/applications/WebSphereWSDM.ear/deployments/WebSphereWSDM/META-INF/was.policy	83
webspherelab	main	tree	supplemental/exampledata/twas/collector/unpacked/f29061ea7da5/root/opt/IBM/WebSphere/AppServer/profiles/AppSrv01/config/cells/DefaultCell01/applications/WebSphereWSDM.ear/deployments/WebSphereWSDM/WebSphereWSDM.war	
webspherelab	main	tree	supplemental/exampledata/twas/collector/unpacked/f29061ea7da5/root/opt/IBM/WebSphere/AppServer/profiles/AppSrv01/config/cells/DefaultCell01/applications/WebSphereWSDM.ear/deployments/WebSphereWSDM/WebSphereWSDM.war/META-INF	
webspherelab	main	blob	supplemental/exampledata/twas/collector/unpacked/f29061ea7da5/root/opt/IBM/WebSphere/AppServer/profiles/AppSrv01/config/cells/DefaultCell01/applications/WebSphereWSDM.ear/deployments/WebSphereWSDM/WebSphereWSDM.war/META-INF/MANIFEST.MF	424
webspherelab	main	tree	supplemental/exampledata/twas/collector/unpacked/f29061ea7da5/root/opt/IBM/WebSphere/AppServer/profiles/AppSrv01/config/cells/DefaultCell01/applications/WebSphereWSDM.ear/deployments/WebSphereWSDM/WebSphereWSDM.war/WEB-INF	
webspherelab	main	tree	supplemental/exampledata/twas/collector/unpacked/f29061ea7da5/root/opt/IBM/WebSphere/AppServer/profiles/AppSrv01/config/cells/DefaultCell01/applications/WebSphereWSDM.ear/deployments/WebSphereWSDM/WebSphereWSDM.war/WEB-INF/classes	
webspherelab	main	tree	supplemental/exampledata/twas/collector/unpacked/f29061ea7da5/root/opt/IBM/WebSphere/AppServer/profiles/AppSrv01/config/cells/DefaultCell01/applications/WebSphereWSDM.ear/deployments/WebSphereWSDM/WebSphereWSDM.war/WEB-INF/classes/wsdl	
webspherelab	main	blob	supplemental/exampledata/twas/collector/unpacked/f29061ea7da5/root/opt/IBM/WebSphere/AppServer/profiles/AppSrv01/config/cells/DefaultCell01/applications/WebSphereWSDM.ear/deployments/WebSphereWSDM/WebSphereWSDM.war/WEB-INF/classes/wsdl/AppServiceGroup.wsdl	9659
webspherelab	main	blob	supplemental/exampledata/twas/collector/unpacked/f29061ea7da5/root/opt/IBM/WebSphere/AppServer/profiles/AppSrv01/config/cells/DefaultCell01/applications/WebSphereWSDM.ear/deployments/WebSphereWSDM/WebSphereWSDM.war/WEB-INF/classes/wsdl/Application.wsdl	31397
webspherelab	main	blob	supplemental/exampledata/twas/collector/unpacked/f29061ea7da5/root/opt/IBM/WebSphere/AppServer/profiles/AppSrv01/config/cells/DefaultCell01/applications/WebSphereWSDM.ear/deployments/WebSphereWSDM/WebSphereWSDM.war/WEB-INF/classes/wsdl/ApplicationServer.wsdl	34927
webspherelab	main	blob	supplemental/exampledata/twas/collector/unpacked/f29061ea7da5/root/opt/IBM/WebSphere/AppServer/profiles/AppSrv01/config/cells/DefaultCell01/applications/WebSphereWSDM.ear/deployments/WebSphereWSDM/WebSphereWSDM.war/WEB-INF/classes/wsdl/DataSource.wsdl	30525
webspherelab	main	blob	supplemental/exampledata/twas/collector/unpacked/f29061ea7da5/root/opt/IBM/WebSphere/AppServer/profiles/AppSrv01/config/cells/DefaultCell01/applications/WebSphereWSDM.ear/deployments/WebSphereWSDM/WebSphereWSDM.war/WEB-INF/classes/wsdl/DomainResourcesServiceGroup.wsdl	9700
webspherelab	main	blob	supplemental/exampledata/twas/collector/unpacked/f29061ea7da5/root/opt/IBM/WebSphere/AppServer/profiles/AppSrv01/config/cells/DefaultCell01/applications/WebSphereWSDM.ear/deployments/WebSphereWSDM/WebSphereWSDM.war/WEB-INF/classes/wsdl/EJB.wsdl	17242
webspherelab	main	blob	supplemental/exampledata/twas/collector/unpacked/f29061ea7da5/root/opt/IBM/WebSphere/AppServer/profiles/AppSrv01/config/cells/DefaultCell01/applications/WebSphereWSDM.ear/deployments/WebSphereWSDM/WebSphereWSDM.war/WEB-INF/classes/wsdl/J2EEFactory.wsdl	10559
webspherelab	main	blob	supplemental/exampledata/twas/collector/unpacked/f29061ea7da5/root/opt/IBM/WebSphere/AppServer/profiles/AppSrv01/config/cells/DefaultCell01/applications/WebSphereWSDM.ear/deployments/WebSphereWSDM/WebSphereWSDM.war/WEB-INF/classes/wsdl/JVM.wsdl	17666
webspherelab	main	blob	supplemental/exampledata/twas/collector/unpacked/f29061ea7da5/root/opt/IBM/WebSphere/AppServer/profiles/AppSrv01/config/cells/DefaultCell01/applications/WebSphereWSDM.ear/deployments/WebSphereWSDM/WebSphereWSDM.war/WEB-INF/classes/wsdl/JaxrpcWebService.wsdl	44886
webspherelab	main	blob	supplemental/exampledata/twas/collector/unpacked/f29061ea7da5/root/opt/IBM/WebSphere/AppServer/profiles/AppSrv01/config/cells/DefaultCell01/applications/WebSphereWSDM.ear/deployments/WebSphereWSDM/WebSphereWSDM.war/WEB-INF/classes/wsdl/JaxwsWebService.wsdl	44873
webspherelab	main	blob	supplemental/exampledata/twas/collector/unpacked/f29061ea7da5/root/opt/IBM/WebSphere/AppServer/profiles/AppSrv01/config/cells/DefaultCell01/applications/WebSphereWSDM.ear/deployments/WebSphereWSDM/WebSphereWSDM.war/WEB-INF/classes/wsdl/Servlet.wsdl	17186
webspherelab	main	blob	supplemental/exampledata/twas/collector/unpacked/f29061ea7da5/root/opt/IBM/WebSphere/AppServer/profiles/AppSrv01/config/cells/DefaultCell01/applications/WebSphereWSDM.ear/deployments/WebSphereWSDM/WebSphereWSDM.war/WEB-INF/classes/wsdl/VMServiceGroup.wsdl	9647
webspherelab	main	blob	supplemental/exampledata/twas/collector/unpacked/f29061ea7da5/root/opt/IBM/WebSphere/AppServer/profiles/AppSrv01/config/cells/DefaultCell01/applications/WebSphereWSDM.ear/deployments/WebSphereWSDM/WebSphereWSDM.war/WEB-INF/classes/wsdl/WS-BaseNotification-1_3.wsdl	21627
webspherelab	main	blob	supplemental/exampledata/twas/collector/unpacked/f29061ea7da5/root/opt/IBM/WebSphere/AppServer/profiles/AppSrv01/config/cells/DefaultCell01/applications/WebSphereWSDM.ear/deployments/WebSphereWSDM/WebSphereWSDM.war/WEB-INF/classes/wsdl/WS-Resource-1_2.wsdl	3683
webspherelab	main	blob	supplemental/exampledata/twas/collector/unpacked/f29061ea7da5/root/opt/IBM/WebSphere/AppServer/profiles/AppSrv01/config/cells/DefaultCell01/applications/WebSphereWSDM.ear/deployments/WebSphereWSDM/WebSphereWSDM.war/WEB-INF/classes/wsdl/WS-ResourceLifetime-1_2.wsdl	5861
webspherelab	main	blob	supplemental/exampledata/twas/collector/unpacked/f29061ea7da5/root/opt/IBM/WebSphere/AppServer/profiles/AppSrv01/config/cells/DefaultCell01/applications/WebSphereWSDM.ear/deployments/WebSphereWSDM/WebSphereWSDM.war/WEB-INF/classes/wsdl/WS-ResourceMetadataDescriptor-CD-01.wsdl	8460
webspherelab	main	blob	supplemental/exampledata/twas/collector/unpacked/f29061ea7da5/root/opt/IBM/WebSphere/AppServer/profiles/AppSrv01/config/cells/DefaultCell01/applications/WebSphereWSDM.ear/deployments/WebSphereWSDM/WebSphereWSDM.war/WEB-INF/classes/wsdl/WS-ResourceProperties-1_2.wsdl	19383
webspherelab	main	blob	supplemental/exampledata/twas/collector/unpacked/f29061ea7da5/root/opt/IBM/WebSphere/AppServer/profiles/AppSrv01/config/cells/DefaultCell01/applications/WebSphereWSDM.ear/deployments/WebSphereWSDM/WebSphereWSDM.war/WEB-INF/classes/wsdl/WS-ServiceGroup-1_2.wsdl	16133
webspherelab	main	blob	supplemental/exampledata/twas/collector/unpacked/f29061ea7da5/root/opt/IBM/WebSphere/AppServer/profiles/AppSrv01/config/cells/DefaultCell01/applications/WebSphereWSDM.ear/deployments/WebSphereWSDM/WebSphereWSDM.war/WEB-INF/classes/wsdl/WS-ServiceGroupEntry-1_2.wsdl	9656
webspherelab	main	blob	supplemental/exampledata/twas/collector/unpacked/f29061ea7da5/root/opt/IBM/WebSphere/AppServer/profiles/AppSrv01/config/cells/DefaultCell01/applications/WebSphereWSDM.ear/deployments/WebSphereWSDM/WebSphereWSDM.war/WEB-INF/classes/wsdl/WSDM-MUWS-Part2-1_1.wsdl	7365
webspherelab	main	blob	supplemental/exampledata/twas/collector/unpacked/f29061ea7da5/root/opt/IBM/WebSphere/AppServer/profiles/AppSrv01/config/cells/DefaultCell01/applications/WebSphereWSDM.ear/deployments/WebSphereWSDM/WebSphereWSDM.war/WEB-INF/classes/wsdl/WebService.wsdl	24861
webspherelab	main	blob	supplemental/exampledata/twas/collector/unpacked/f29061ea7da5/root/opt/IBM/WebSphere/AppServer/profiles/AppSrv01/config/cells/DefaultCell01/applications/WebSphereWSDM.ear/deployments/WebSphereWSDM/WebSphereWSDM.war/WEB-INF/classes/wsdl/WebSphereCluster.wsdl	35705
webspherelab	main	blob	supplemental/exampledata/twas/collector/unpacked/f29061ea7da5/root/opt/IBM/WebSphere/AppServer/profiles/AppSrv01/config/cells/DefaultCell01/applications/WebSphereWSDM.ear/deployments/WebSphereWSDM/WebSphereWSDM.war/WEB-INF/classes/wsdl/WebSphereDomain.wsdl	43615
webspherelab	main	blob	supplemental/exampledata/twas/collector/unpacked/f29061ea7da5/root/opt/IBM/WebSphere/AppServer/profiles/AppSrv01/config/cells/DefaultCell01/applications/WebSphereWSDM.ear/deployments/WebSphereWSDM/WebSphereWSDM.war/WEB-INF/ibm-web-bnd.xmi	398
webspherelab	main	blob	supplemental/exampledata/twas/collector/unpacked/f29061ea7da5/root/opt/IBM/WebSphere/AppServer/profiles/AppSrv01/config/cells/DefaultCell01/applications/WebSphereWSDM.ear/deployments/WebSphereWSDM/WebSphereWSDM.war/WEB-INF/ibm-web-ext.xmi	558
webspherelab	main	blob	supplemental/exampledata/twas/collector/unpacked/f29061ea7da5/root/opt/IBM/WebSphere/AppServer/profiles/AppSrv01/config/cells/DefaultCell01/applications/WebSphereWSDM.ear/deployments/WebSphereWSDM/WebSphereWSDM.war/WEB-INF/servicesIndex.xml	10129
webspherelab	main	blob	supplemental/exampledata/twas/collector/unpacked/f29061ea7da5/root/opt/IBM/WebSphere/AppServer/profiles/AppSrv01/config/cells/DefaultCell01/applications/WebSphereWSDM.ear/deployments/WebSphereWSDM/WebSphereWSDM.war/WEB-INF/web.xml	7320
webspherelab	main	blob	supplemental/exampledata/twas/collector/unpacked/f29061ea7da5/root/opt/IBM/WebSphere/AppServer/profiles/AppSrv01/config/cells/DefaultCell01/applications/WebSphereWSDM.ear/deployments/WebSphereWSDM/deployment.xml	1566
webspherelab	main	tree	supplemental/exampledata/twas/collector/unpacked/f29061ea7da5/root/opt/IBM/WebSphere/AppServer/profiles/AppSrv01/config/cells/DefaultCell01/applications/ibmasyncrsp.ear	
webspherelab	main	tree	supplemental/exampledata/twas/collector/unpacked/f29061ea7da5/root/opt/IBM/WebSphere/AppServer/profiles/AppSrv01/config/cells/DefaultCell01/applications/ibmasyncrsp.ear/deltas	
webspherelab	main	tree	supplemental/exampledata/twas/collector/unpacked/f29061ea7da5/root/opt/IBM/WebSphere/AppServer/profiles/AppSrv01/config/cells/DefaultCell01/applications/ibmasyncrsp.ear/deltas/ibmasyncrsp	
webspherelab	main	blob	supplemental/exampledata/twas/collector/unpacked/f29061ea7da5/root/opt/IBM/WebSphere/AppServer/profiles/AppSrv01/config/cells/DefaultCell01/applications/ibmasyncrsp.ear/deltas/ibmasyncrsp/delta-1213634145093	146
webspherelab	main	tree	supplemental/exampledata/twas/collector/unpacked/f29061ea7da5/root/opt/IBM/WebSphere/AppServer/profiles/AppSrv01/config/cells/DefaultCell01/applications/ibmasyncrsp.ear/deployments	
webspherelab	main	tree	supplemental/exampledata/twas/collector/unpacked/f29061ea7da5/root/opt/IBM/WebSphere/AppServer/profiles/AppSrv01/config/cells/DefaultCell01/applications/ibmasyncrsp.ear/deployments/ibmasyncrsp	
webspherelab	main	tree	supplemental/exampledata/twas/collector/unpacked/f29061ea7da5/root/opt/IBM/WebSphere/AppServer/profiles/AppSrv01/config/cells/DefaultCell01/applications/ibmasyncrsp.ear/deployments/ibmasyncrsp/META-INF	
webspherelab	main	blob	supplemental/exampledata/twas/collector/unpacked/f29061ea7da5/root/opt/IBM/WebSphere/AppServer/profiles/AppSrv01/config/cells/DefaultCell01/applications/ibmasyncrsp.ear/deployments/ibmasyncrsp/META-INF/MANIFEST.MF	299
webspherelab	main	blob	supplemental/exampledata/twas/collector/unpacked/f29061ea7da5/root/opt/IBM/WebSphere/AppServer/profiles/AppSrv01/config/cells/DefaultCell01/applications/ibmasyncrsp.ear/deployments/ibmasyncrsp/META-INF/application.xml	737
webspherelab	main	blob	supplemental/exampledata/twas/collector/unpacked/f29061ea7da5/root/opt/IBM/WebSphere/AppServer/profiles/AppSrv01/config/cells/DefaultCell01/applications/ibmasyncrsp.ear/deployments/ibmasyncrsp/META-INF/ibm-application-bnd.xmi	837
webspherelab	main	blob	supplemental/exampledata/twas/collector/unpacked/f29061ea7da5/root/opt/IBM/WebSphere/AppServer/profiles/AppSrv01/config/cells/DefaultCell01/applications/ibmasyncrsp.ear/deployments/ibmasyncrsp/META-INF/ibm-application-ha.props	72
webspherelab	main	blob	supplemental/exampledata/twas/collector/unpacked/f29061ea7da5/root/opt/IBM/WebSphere/AppServer/profiles/AppSrv01/config/cells/DefaultCell01/applications/ibmasyncrsp.ear/deployments/ibmasyncrsp/META-INF/ibm-application-runtime.props	231
webspherelab	main	blob	supplemental/exampledata/twas/collector/unpacked/f29061ea7da5/root/opt/IBM/WebSphere/AppServer/profiles/AppSrv01/config/cells/DefaultCell01/applications/ibmasyncrsp.ear/deployments/ibmasyncrsp/META-INF/was.policy	84
webspherelab	main	blob	supplemental/exampledata/twas/collector/unpacked/f29061ea7da5/root/opt/IBM/WebSphere/AppServer/profiles/AppSrv01/config/cells/DefaultCell01/applications/ibmasyncrsp.ear/deployments/ibmasyncrsp/deployment.xml	1610
webspherelab	main	tree	supplemental/exampledata/twas/collector/unpacked/f29061ea7da5/root/opt/IBM/WebSphere/AppServer/profiles/AppSrv01/config/cells/DefaultCell01/applications/ibmasyncrsp.ear/deployments/ibmasyncrsp/ibmasyncrsp.war	
webspherelab	main	tree	supplemental/exampledata/twas/collector/unpacked/f29061ea7da5/root/opt/IBM/WebSphere/AppServer/profiles/AppSrv01/config/cells/DefaultCell01/applications/ibmasyncrsp.ear/deployments/ibmasyncrsp/ibmasyncrsp.war/META-INF	
webspherelab	main	blob	supplemental/exampledata/twas/collector/unpacked/f29061ea7da5/root/opt/IBM/WebSphere/AppServer/profiles/AppSrv01/config/cells/DefaultCell01/applications/ibmasyncrsp.ear/deployments/ibmasyncrsp/ibmasyncrsp.war/META-INF/MANIFEST.MF	304
webspherelab	main	tree	supplemental/exampledata/twas/collector/unpacked/f29061ea7da5/root/opt/IBM/WebSphere/AppServer/profiles/AppSrv01/config/cells/DefaultCell01/applications/ibmasyncrsp.ear/deployments/ibmasyncrsp/ibmasyncrsp.war/WEB-INF	
webspherelab	main	blob	supplemental/exampledata/twas/collector/unpacked/f29061ea7da5/root/opt/IBM/WebSphere/AppServer/profiles/AppSrv01/config/cells/DefaultCell01/applications/ibmasyncrsp.ear/deployments/ibmasyncrsp/ibmasyncrsp.war/WEB-INF/ibm-web-bnd.xmi	389
webspherelab	main	blob	supplemental/exampledata/twas/collector/unpacked/f29061ea7da5/root/opt/IBM/WebSphere/AppServer/profiles/AppSrv01/config/cells/DefaultCell01/applications/ibmasyncrsp.ear/deployments/ibmasyncrsp/ibmasyncrsp.war/WEB-INF/ibm-web-ext.xmi	454
webspherelab	main	blob	supplemental/exampledata/twas/collector/unpacked/f29061ea7da5/root/opt/IBM/WebSphere/AppServer/profiles/AppSrv01/config/cells/DefaultCell01/applications/ibmasyncrsp.ear/deployments/ibmasyncrsp/ibmasyncrsp.war/WEB-INF/web.xml	1472
webspherelab	main	tree	supplemental/exampledata/twas/collector/unpacked/f29061ea7da5/root/opt/IBM/WebSphere/AppServer/profiles/AppSrv01/config/cells/DefaultCell01/applications/isclite.ear	
webspherelab	main	tree	supplemental/exampledata/twas/collector/unpacked/f29061ea7da5/root/opt/IBM/WebSphere/AppServer/profiles/AppSrv01/config/cells/DefaultCell01/applications/isclite.ear/deltas	
webspherelab	main	tree	supplemental/exampledata/twas/collector/unpacked/f29061ea7da5/root/opt/IBM/WebSphere/AppServer/profiles/AppSrv01/config/cells/DefaultCell01/applications/isclite.ear/deltas/isclite	
webspherelab	main	blob	supplemental/exampledata/twas/collector/unpacked/f29061ea7da5/root/opt/IBM/WebSphere/AppServer/profiles/AppSrv01/config/cells/DefaultCell01/applications/isclite.ear/deltas/isclite/delta-1213634142640	142
webspherelab	main	tree	supplemental/exampledata/twas/collector/unpacked/f29061ea7da5/root/opt/IBM/WebSphere/AppServer/profiles/AppSrv01/config/cells/DefaultCell01/applications/isclite.ear/deployments	
webspherelab	main	tree	supplemental/exampledata/twas/collector/unpacked/f29061ea7da5/root/opt/IBM/WebSphere/AppServer/profiles/AppSrv01/config/cells/DefaultCell01/applications/isclite.ear/deployments/isclite	
webspherelab	main	tree	supplemental/exampledata/twas/collector/unpacked/f29061ea7da5/root/opt/IBM/WebSphere/AppServer/profiles/AppSrv01/config/cells/DefaultCell01/applications/isclite.ear/deployments/isclite/ISCAdminPortlet.war	
webspherelab	main	tree	supplemental/exampledata/twas/collector/unpacked/f29061ea7da5/root/opt/IBM/WebSphere/AppServer/profiles/AppSrv01/config/cells/DefaultCell01/applications/isclite.ear/deployments/isclite/ISCAdminPortlet.war/META-INF	
webspherelab	main	blob	supplemental/exampledata/twas/collector/unpacked/f29061ea7da5/root/opt/IBM/WebSphere/AppServer/profiles/AppSrv01/config/cells/DefaultCell01/applications/isclite.ear/deployments/isclite/ISCAdminPortlet.war/META-INF/MANIFEST.MF	87
webspherelab	main	tree	supplemental/exampledata/twas/collector/unpacked/f29061ea7da5/root/opt/IBM/WebSphere/AppServer/profiles/AppSrv01/config/cells/DefaultCell01/applications/isclite.ear/deployments/isclite/ISCAdminPortlet.war/WEB-INF	
webspherelab	main	blob	supplemental/exampledata/twas/collector/unpacked/f29061ea7da5/root/opt/IBM/WebSphere/AppServer/profiles/AppSrv01/config/cells/DefaultCell01/applications/isclite.ear/deployments/isclite/ISCAdminPortlet.war/WEB-INF/generated_web.xml	1160
webspherelab	main	blob	supplemental/exampledata/twas/collector/unpacked/f29061ea7da5/root/opt/IBM/WebSphere/AppServer/profiles/AppSrv01/config/cells/DefaultCell01/applications/isclite.ear/deployments/isclite/ISCAdminPortlet.war/WEB-INF/ibm-portal-security.xml	2003
webspherelab	main	blob	supplemental/exampledata/twas/collector/unpacked/f29061ea7da5/root/opt/IBM/WebSphere/AppServer/profiles/AppSrv01/config/cells/DefaultCell01/applications/isclite.ear/deployments/isclite/ISCAdminPortlet.war/WEB-INF/ibm-portal-topology.xml	6839
webspherelab	main	blob	supplemental/exampledata/twas/collector/unpacked/f29061ea7da5/root/opt/IBM/WebSphere/AppServer/profiles/AppSrv01/config/cells/DefaultCell01/applications/isclite.ear/deployments/isclite/ISCAdminPortlet.war/WEB-INF/ibm-portlet-ext.xmi	495
webspherelab	main	blob	supplemental/exampledata/twas/collector/unpacked/f29061ea7da5/root/opt/IBM/WebSphere/AppServer/profiles/AppSrv01/config/cells/DefaultCell01/applications/isclite.ear/deployments/isclite/ISCAdminPortlet.war/WEB-INF/ibm-web-bnd.xmi	321
webspherelab	main	blob	supplemental/exampledata/twas/collector/unpacked/f29061ea7da5/root/opt/IBM/WebSphere/AppServer/profiles/AppSrv01/config/cells/DefaultCell01/applications/isclite.ear/deployments/isclite/ISCAdminPortlet.war/WEB-INF/ibm-web-ext.xmi	885
webspherelab	main	blob	supplemental/exampledata/twas/collector/unpacked/f29061ea7da5/root/opt/IBM/WebSphere/AppServer/profiles/AppSrv01/config/cells/DefaultCell01/applications/isclite.ear/deployments/isclite/ISCAdminPortlet.war/WEB-INF/portlet.xml	3050
webspherelab	main	blob	supplemental/exampledata/twas/collector/unpacked/f29061ea7da5/root/opt/IBM/WebSphere/AppServer/profiles/AppSrv01/config/cells/DefaultCell01/applications/isclite.ear/deployments/isclite/ISCAdminPortlet.war/WEB-INF/web.xml	263
webspherelab	main	tree	supplemental/exampledata/twas/collector/unpacked/f29061ea7da5/root/opt/IBM/WebSphere/AppServer/profiles/AppSrv01/config/cells/DefaultCell01/applications/isclite.ear/deployments/isclite/META-INF	
webspherelab	main	blob	supplemental/exampledata/twas/collector/unpacked/f29061ea7da5/root/opt/IBM/WebSphere/AppServer/profiles/AppSrv01/config/cells/DefaultCell01/applications/isclite.ear/deployments/isclite/META-INF/MANIFEST.MF	281
webspherelab	main	blob	supplemental/exampledata/twas/collector/unpacked/f29061ea7da5/root/opt/IBM/WebSphere/AppServer/profiles/AppSrv01/config/cells/DefaultCell01/applications/isclite.ear/deployments/isclite/META-INF/application.xml	1781
webspherelab	main	blob	supplemental/exampledata/twas/collector/unpacked/f29061ea7da5/root/opt/IBM/WebSphere/AppServer/profiles/AppSrv01/config/cells/DefaultCell01/applications/isclite.ear/deployments/isclite/META-INF/ibm-application-bnd.xmi	1393
webspherelab	main	blob	supplemental/exampledata/twas/collector/unpacked/f29061ea7da5/root/opt/IBM/WebSphere/AppServer/profiles/AppSrv01/config/cells/DefaultCell01/applications/isclite.ear/deployments/isclite/META-INF/ibm-application-ext.xmi	875
webspherelab	main	blob	supplemental/exampledata/twas/collector/unpacked/f29061ea7da5/root/opt/IBM/WebSphere/AppServer/profiles/AppSrv01/config/cells/DefaultCell01/applications/isclite.ear/deployments/isclite/META-INF/ibm-application-ha.props	68
webspherelab	main	blob	supplemental/exampledata/twas/collector/unpacked/f29061ea7da5/root/opt/IBM/WebSphere/AppServer/profiles/AppSrv01/config/cells/DefaultCell01/applications/isclite.ear/deployments/isclite/META-INF/ibm-application-runtime.props	685
webspherelab	main	blob	supplemental/exampledata/twas/collector/unpacked/f29061ea7da5/root/opt/IBM/WebSphere/AppServer/profiles/AppSrv01/config/cells/DefaultCell01/applications/isclite.ear/deployments/isclite/META-INF/ibm-application-sa2.props	91
webspherelab	main	blob	supplemental/exampledata/twas/collector/unpacked/f29061ea7da5/root/opt/IBM/WebSphere/AppServer/profiles/AppSrv01/config/cells/DefaultCell01/applications/isclite.ear/deployments/isclite/META-INF/was.policy	83
webspherelab	main	tree	supplemental/exampledata/twas/collector/unpacked/f29061ea7da5/root/opt/IBM/WebSphere/AppServer/profiles/AppSrv01/config/cells/DefaultCell01/applications/isclite.ear/deployments/isclite/WIMPortlet.war	
webspherelab	main	tree	supplemental/exampledata/twas/collector/unpacked/f29061ea7da5/root/opt/IBM/WebSphere/AppServer/profiles/AppSrv01/config/cells/DefaultCell01/applications/isclite.ear/deployments/isclite/WIMPortlet.war/META-INF	
webspherelab	main	blob	supplemental/exampledata/twas/collector/unpacked/f29061ea7da5/root/opt/IBM/WebSphere/AppServer/profiles/AppSrv01/config/cells/DefaultCell01/applications/isclite.ear/deployments/isclite/WIMPortlet.war/META-INF/MANIFEST.MF	23
webspherelab	main	tree	supplemental/exampledata/twas/collector/unpacked/f29061ea7da5/root/opt/IBM/WebSphere/AppServer/profiles/AppSrv01/config/cells/DefaultCell01/applications/isclite.ear/deployments/isclite/WIMPortlet.war/WEB-INF	
webspherelab	main	blob	supplemental/exampledata/twas/collector/unpacked/f29061ea7da5/root/opt/IBM/WebSphere/AppServer/profiles/AppSrv01/config/cells/DefaultCell01/applications/isclite.ear/deployments/isclite/WIMPortlet.war/WEB-INF/ibm-portal-security.xml	1622
webspherelab	main	blob	supplemental/exampledata/twas/collector/unpacked/f29061ea7da5/root/opt/IBM/WebSphere/AppServer/profiles/AppSrv01/config/cells/DefaultCell01/applications/isclite.ear/deployments/isclite/WIMPortlet.war/WEB-INF/ibm-portal-topology.xml	8942
webspherelab	main	blob	supplemental/exampledata/twas/collector/unpacked/f29061ea7da5/root/opt/IBM/WebSphere/AppServer/profiles/AppSrv01/config/cells/DefaultCell01/applications/isclite.ear/deployments/isclite/WIMPortlet.war/WEB-INF/ibm-portlet-ext.xmi	495
webspherelab	main	blob	supplemental/exampledata/twas/collector/unpacked/f29061ea7da5/root/opt/IBM/WebSphere/AppServer/profiles/AppSrv01/config/cells/DefaultCell01/applications/isclite.ear/deployments/isclite/WIMPortlet.war/WEB-INF/ibm-web-bnd.xmi	275
webspherelab	main	blob	supplemental/exampledata/twas/collector/unpacked/f29061ea7da5/root/opt/IBM/WebSphere/AppServer/profiles/AppSrv01/config/cells/DefaultCell01/applications/isclite.ear/deployments/isclite/WIMPortlet.war/WEB-INF/ibm-web-ext.xmi	484
webspherelab	main	blob	supplemental/exampledata/twas/collector/unpacked/f29061ea7da5/root/opt/IBM/WebSphere/AppServer/profiles/AppSrv01/config/cells/DefaultCell01/applications/isclite.ear/deployments/isclite/WIMPortlet.war/WEB-INF/portlet.xml	1922
webspherelab	main	blob	supplemental/exampledata/twas/collector/unpacked/f29061ea7da5/root/opt/IBM/WebSphere/AppServer/profiles/AppSrv01/config/cells/DefaultCell01/applications/isclite.ear/deployments/isclite/WIMPortlet.war/WEB-INF/web.xml	1150
webspherelab	main	tree	supplemental/exampledata/twas/collector/unpacked/f29061ea7da5/root/opt/IBM/WebSphere/AppServer/profiles/AppSrv01/config/cells/DefaultCell01/applications/isclite.ear/deployments/isclite/adminredirector.war	
webspherelab	main	tree	supplemental/exampledata/twas/collector/unpacked/f29061ea7da5/root/opt/IBM/WebSphere/AppServer/profiles/AppSrv01/config/cells/DefaultCell01/applications/isclite.ear/deployments/isclite/adminredirector.war/META-INF	
webspherelab	main	blob	supplemental/exampledata/twas/collector/unpacked/f29061ea7da5/root/opt/IBM/WebSphere/AppServer/profiles/AppSrv01/config/cells/DefaultCell01/applications/isclite.ear/deployments/isclite/adminredirector.war/META-INF/MANIFEST.MF	87
webspherelab	main	tree	supplemental/exampledata/twas/collector/unpacked/f29061ea7da5/root/opt/IBM/WebSphere/AppServer/profiles/AppSrv01/config/cells/DefaultCell01/applications/isclite.ear/deployments/isclite/adminredirector.war/WEB-INF	
webspherelab	main	blob	supplemental/exampledata/twas/collector/unpacked/f29061ea7da5/root/opt/IBM/WebSphere/AppServer/profiles/AppSrv01/config/cells/DefaultCell01/applications/isclite.ear/deployments/isclite/adminredirector.war/WEB-INF/ibm-web-bnd.xmi	317
webspherelab	main	blob	supplemental/exampledata/twas/collector/unpacked/f29061ea7da5/root/opt/IBM/WebSphere/AppServer/profiles/AppSrv01/config/cells/DefaultCell01/applications/isclite.ear/deployments/isclite/adminredirector.war/WEB-INF/ibm-web-ext.xmi	770
webspherelab	main	blob	supplemental/exampledata/twas/collector/unpacked/f29061ea7da5/root/opt/IBM/WebSphere/AppServer/profiles/AppSrv01/config/cells/DefaultCell01/applications/isclite.ear/deployments/isclite/adminredirector.war/WEB-INF/web.xml	1024
webspherelab	main	blob	supplemental/exampledata/twas/collector/unpacked/f29061ea7da5/root/opt/IBM/WebSphere/AppServer/profiles/AppSrv01/config/cells/DefaultCell01/applications/isclite.ear/deployments/isclite/deployment.xml	4153
webspherelab	main	tree	supplemental/exampledata/twas/collector/unpacked/f29061ea7da5/root/opt/IBM/WebSphere/AppServer/profiles/AppSrv01/config/cells/DefaultCell01/applications/isclite.ear/deployments/isclite/isclite.war	
webspherelab	main	tree	supplemental/exampledata/twas/collector/unpacked/f29061ea7da5/root/opt/IBM/WebSphere/AppServer/profiles/AppSrv01/config/cells/DefaultCell01/applications/isclite.ear/deployments/isclite/isclite.war/META-INF	
webspherelab	main	blob	supplemental/exampledata/twas/collector/unpacked/f29061ea7da5/root/opt/IBM/WebSphere/AppServer/profiles/AppSrv01/config/cells/DefaultCell01/applications/isclite.ear/deployments/isclite/isclite.war/META-INF/MANIFEST.MF	439
webspherelab	main	tree	supplemental/exampledata/twas/collector/unpacked/f29061ea7da5/root/opt/IBM/WebSphere/AppServer/profiles/AppSrv01/config/cells/DefaultCell01/applications/isclite.ear/deployments/isclite/isclite.war/WEB-INF	
webspherelab	main	blob	supplemental/exampledata/twas/collector/unpacked/f29061ea7da5/root/opt/IBM/WebSphere/AppServer/profiles/AppSrv01/config/cells/DefaultCell01/applications/isclite.ear/deployments/isclite/isclite.war/WEB-INF/components.xml	1864
webspherelab	main	blob	supplemental/exampledata/twas/collector/unpacked/f29061ea7da5/root/opt/IBM/WebSphere/AppServer/profiles/AppSrv01/config/cells/DefaultCell01/applications/isclite.ear/deployments/isclite/isclite.war/WEB-INF/console-defs.idx	435645
webspherelab	main	blob	supplemental/exampledata/twas/collector/unpacked/f29061ea7da5/root/opt/IBM/WebSphere/AppServer/profiles/AppSrv01/config/cells/DefaultCell01/applications/isclite.ear/deployments/isclite/isclite.war/WEB-INF/consoleProperties.xml	687
webspherelab	main	blob	supplemental/exampledata/twas/collector/unpacked/f29061ea7da5/root/opt/IBM/WebSphere/AppServer/profiles/AppSrv01/config/cells/DefaultCell01/applications/isclite.ear/deployments/isclite/isclite.war/WEB-INF/ibm-portlet-ext.xmi.template	478
webspherelab	main	blob	supplemental/exampledata/twas/collector/unpacked/f29061ea7da5/root/opt/IBM/WebSphere/AppServer/profiles/AppSrv01/config/cells/DefaultCell01/applications/isclite.ear/deployments/isclite/isclite.war/WEB-INF/ibm-web-bnd.xmi	317
webspherelab	main	blob	supplemental/exampledata/twas/collector/unpacked/f29061ea7da5/root/opt/IBM/WebSphere/AppServer/profiles/AppSrv01/config/cells/DefaultCell01/applications/isclite.ear/deployments/isclite/isclite.war/WEB-INF/ibm-web-ext.xmi	799
webspherelab	main	blob	supplemental/exampledata/twas/collector/unpacked/f29061ea7da5/root/opt/IBM/WebSphere/AppServer/profiles/AppSrv01/config/cells/DefaultCell01/applications/isclite.ear/deployments/isclite/isclite.war/WEB-INF/idmap.xml	143
webspherelab	main	blob	supplemental/exampledata/twas/collector/unpacked/f29061ea7da5/root/opt/IBM/WebSphere/AppServer/profiles/AppSrv01/config/cells/DefaultCell01/applications/isclite.ear/deployments/isclite/isclite.war/WEB-INF/navigation.xml	2532
webspherelab	main	blob	supplemental/exampledata/twas/collector/unpacked/f29061ea7da5/root/opt/IBM/WebSphere/AppServer/profiles/AppSrv01/config/cells/DefaultCell01/applications/isclite.ear/deployments/isclite/isclite.war/WEB-INF/plugin.xml	318
webspherelab	main	blob	supplemental/exampledata/twas/collector/unpacked/f29061ea7da5/root/opt/IBM/WebSphere/AppServer/profiles/AppSrv01/config/cells/DefaultCell01/applications/isclite.ear/deployments/isclite/isclite.war/WEB-INF/portletEntities.xml	7071
webspherelab	main	blob	supplemental/exampledata/twas/collector/unpacked/f29061ea7da5/root/opt/IBM/WebSphere/AppServer/profiles/AppSrv01/config/cells/DefaultCell01/applications/isclite.ear/deployments/isclite/isclite.war/WEB-INF/web.xml	67826
webspherelab	main	tree	supplemental/exampledata/twas/collector/unpacked/f29061ea7da5/root/opt/IBM/WebSphere/AppServer/profiles/AppSrv01/config/cells/DefaultCell01/applications/isclite.ear/deployments/isclite/wasportlet.war	
webspherelab	main	tree	supplemental/exampledata/twas/collector/unpacked/f29061ea7da5/root/opt/IBM/WebSphere/AppServer/profiles/AppSrv01/config/cells/DefaultCell01/applications/isclite.ear/deployments/isclite/wasportlet.war/META-INF	
webspherelab	main	blob	supplemental/exampledata/twas/collector/unpacked/f29061ea7da5/root/opt/IBM/WebSphere/AppServer/profiles/AppSrv01/config/cells/DefaultCell01/applications/isclite.ear/deployments/isclite/wasportlet.war/META-INF/MANIFEST.MF	87
webspherelab	main	tree	supplemental/exampledata/twas/collector/unpacked/f29061ea7da5/root/opt/IBM/WebSphere/AppServer/profiles/AppSrv01/config/cells/DefaultCell01/applications/isclite.ear/deployments/isclite/wasportlet.war/WEB-INF	
webspherelab	main	blob	supplemental/exampledata/twas/collector/unpacked/f29061ea7da5/root/opt/IBM/WebSphere/AppServer/profiles/AppSrv01/config/cells/DefaultCell01/applications/isclite.ear/deployments/isclite/wasportlet.war/WEB-INF/generated_web.xml	462
webspherelab	main	blob	supplemental/exampledata/twas/collector/unpacked/f29061ea7da5/root/opt/IBM/WebSphere/AppServer/profiles/AppSrv01/config/cells/DefaultCell01/applications/isclite.ear/deployments/isclite/wasportlet.war/WEB-INF/ibm-portal-security.xml	608
webspherelab	main	blob	supplemental/exampledata/twas/collector/unpacked/f29061ea7da5/root/opt/IBM/WebSphere/AppServer/profiles/AppSrv01/config/cells/DefaultCell01/applications/isclite.ear/deployments/isclite/wasportlet.war/WEB-INF/ibm-portal-topology.xml	2730
webspherelab	main	blob	supplemental/exampledata/twas/collector/unpacked/f29061ea7da5/root/opt/IBM/WebSphere/AppServer/profiles/AppSrv01/config/cells/DefaultCell01/applications/isclite.ear/deployments/isclite/wasportlet.war/WEB-INF/ibm-portlet-ext.xmi	495
webspherelab	main	blob	supplemental/exampledata/twas/collector/unpacked/f29061ea7da5/root/opt/IBM/WebSphere/AppServer/profiles/AppSrv01/config/cells/DefaultCell01/applications/isclite.ear/deployments/isclite/wasportlet.war/WEB-INF/ibm-web-bnd.xmi	317
webspherelab	main	blob	supplemental/exampledata/twas/collector/unpacked/f29061ea7da5/root/opt/IBM/WebSphere/AppServer/profiles/AppSrv01/config/cells/DefaultCell01/applications/isclite.ear/deployments/isclite/wasportlet.war/WEB-INF/ibm-web-ext.xmi	771
webspherelab	main	blob	supplemental/exampledata/twas/collector/unpacked/f29061ea7da5/root/opt/IBM/WebSphere/AppServer/profiles/AppSrv01/config/cells/DefaultCell01/applications/isclite.ear/deployments/isclite/wasportlet.war/WEB-INF/portlet.xml	977
webspherelab	main	blob	supplemental/exampledata/twas/collector/unpacked/f29061ea7da5/root/opt/IBM/WebSphere/AppServer/profiles/AppSrv01/config/cells/DefaultCell01/applications/isclite.ear/deployments/isclite/wasportlet.war/WEB-INF/web.xml	262
webspherelab	main	tree	supplemental/exampledata/twas/collector/unpacked/f29061ea7da5/root/opt/IBM/WebSphere/AppServer/profiles/AppSrv01/config/cells/DefaultCell01/applications/query.ear	
webspherelab	main	tree	supplemental/exampledata/twas/collector/unpacked/f29061ea7da5/root/opt/IBM/WebSphere/AppServer/profiles/AppSrv01/config/cells/DefaultCell01/applications/query.ear/deltas	
webspherelab	main	tree	supplemental/exampledata/twas/collector/unpacked/f29061ea7da5/root/opt/IBM/WebSphere/AppServer/profiles/AppSrv01/config/cells/DefaultCell01/applications/query.ear/deltas/query	
webspherelab	main	blob	supplemental/exampledata/twas/collector/unpacked/f29061ea7da5/root/opt/IBM/WebSphere/AppServer/profiles/AppSrv01/config/cells/DefaultCell01/applications/query.ear/deltas/query/delta-1213634096796	140
webspherelab	main	tree	supplemental/exampledata/twas/collector/unpacked/f29061ea7da5/root/opt/IBM/WebSphere/AppServer/profiles/AppSrv01/config/cells/DefaultCell01/applications/query.ear/deployments	
webspherelab	main	tree	supplemental/exampledata/twas/collector/unpacked/f29061ea7da5/root/opt/IBM/WebSphere/AppServer/profiles/AppSrv01/config/cells/DefaultCell01/applications/query.ear/deployments/query	
webspherelab	main	tree	supplemental/exampledata/twas/collector/unpacked/f29061ea7da5/root/opt/IBM/WebSphere/AppServer/profiles/AppSrv01/config/cells/DefaultCell01/applications/query.ear/deployments/query/META-INF	
webspherelab	main	blob	supplemental/exampledata/twas/collector/unpacked/f29061ea7da5/root/opt/IBM/WebSphere/AppServer/profiles/AppSrv01/config/cells/DefaultCell01/applications/query.ear/deployments/query/META-INF/MANIFEST.MF	87
webspherelab	main	blob	supplemental/exampledata/twas/collector/unpacked/f29061ea7da5/root/opt/IBM/WebSphere/AppServer/profiles/AppSrv01/config/cells/DefaultCell01/applications/query.ear/deployments/query/META-INF/application.xml	352
webspherelab	main	blob	supplemental/exampledata/twas/collector/unpacked/f29061ea7da5/root/opt/IBM/WebSphere/AppServer/profiles/AppSrv01/config/cells/DefaultCell01/applications/query.ear/deployments/query/META-INF/ibm-application-bnd.xmi	505
webspherelab	main	blob	supplemental/exampledata/twas/collector/unpacked/f29061ea7da5/root/opt/IBM/WebSphere/AppServer/profiles/AppSrv01/config/cells/DefaultCell01/applications/query.ear/deployments/query/META-INF/ibm-application-ext.xmi	428
webspherelab	main	blob	supplemental/exampledata/twas/collector/unpacked/f29061ea7da5/root/opt/IBM/WebSphere/AppServer/profiles/AppSrv01/config/cells/DefaultCell01/applications/query.ear/deployments/query/META-INF/ibm-application-runtime.props	150
webspherelab	main	blob	supplemental/exampledata/twas/collector/unpacked/f29061ea7da5/root/opt/IBM/WebSphere/AppServer/profiles/AppSrv01/config/cells/DefaultCell01/applications/query.ear/deployments/query/deployment.xml	1522
webspherelab	main	tree	supplemental/exampledata/twas/collector/unpacked/f29061ea7da5/root/opt/IBM/WebSphere/AppServer/profiles/AppSrv01/config/cells/DefaultCell01/applications/query.ear/deployments/query/querybean.jar	
webspherelab	main	tree	supplemental/exampledata/twas/collector/unpacked/f29061ea7da5/root/opt/IBM/WebSphere/AppServer/profiles/AppSrv01/config/cells/DefaultCell01/applications/query.ear/deployments/query/querybean.jar/META-INF	
webspherelab	main	blob	supplemental/exampledata/twas/collector/unpacked/f29061ea7da5/root/opt/IBM/WebSphere/AppServer/profiles/AppSrv01/config/cells/DefaultCell01/applications/query.ear/deployments/query/querybean.jar/META-INF/MANIFEST.MF	87
webspherelab	main	blob	supplemental/exampledata/twas/collector/unpacked/f29061ea7da5/root/opt/IBM/WebSphere/AppServer/profiles/AppSrv01/config/cells/DefaultCell01/applications/query.ear/deployments/query/querybean.jar/META-INF/application.xml	352
webspherelab	main	blob	supplemental/exampledata/twas/collector/unpacked/f29061ea7da5/root/opt/IBM/WebSphere/AppServer/profiles/AppSrv01/config/cells/DefaultCell01/applications/query.ear/deployments/query/querybean.jar/META-INF/ejb-jar.xml	7481
webspherelab	main	blob	supplemental/exampledata/twas/collector/unpacked/f29061ea7da5/root/opt/IBM/WebSphere/AppServer/profiles/AppSrv01/config/cells/DefaultCell01/applications/query.ear/deployments/query/querybean.jar/META-INF/ibm-application-bnd.xmi	505
webspherelab	main	blob	supplemental/exampledata/twas/collector/unpacked/f29061ea7da5/root/opt/IBM/WebSphere/AppServer/profiles/AppSrv01/config/cells/DefaultCell01/applications/query.ear/deployments/query/querybean.jar/META-INF/ibm-application-ext.xmi	428
webspherelab	main	blob	supplemental/exampledata/twas/collector/unpacked/f29061ea7da5/root/opt/IBM/WebSphere/AppServer/profiles/AppSrv01/config/cells/DefaultCell01/applications/query.ear/deployments/query/querybean.jar/META-INF/ibm-ejb-jar-bnd.xmi	1035
webspherelab	main	blob	supplemental/exampledata/twas/collector/unpacked/f29061ea7da5/root/opt/IBM/WebSphere/AppServer/profiles/AppSrv01/config/cells/DefaultCell01/applications/query.ear/deployments/query/querybean.jar/META-INF/ibm-ejb-jar-ext.xmi	672
webspherelab	main	blob	supplemental/exampledata/twas/collector/unpacked/f29061ea7da5/root/opt/IBM/WebSphere/AppServer/profiles/AppSrv01/config/cells/DefaultCell01/applications/query.ear/deployments/query/querybean.jar/META-INF/ibm_ejbext.properties	56
webspherelab	main	blob	supplemental/exampledata/twas/collector/unpacked/f29061ea7da5/root/opt/IBM/WebSphere/AppServer/profiles/AppSrv01/config/cells/DefaultCell01/audit-authz.xml	765
webspherelab	main	blob	supplemental/exampledata/twas/collector/unpacked/f29061ea7da5/root/opt/IBM/WebSphere/AppServer/profiles/AppSrv01/config/cells/DefaultCell01/audit.xml	2039
webspherelab	main	tree	supplemental/exampledata/twas/collector/unpacked/f29061ea7da5/root/opt/IBM/WebSphere/AppServer/profiles/AppSrv01/config/cells/DefaultCell01/bindings	
webspherelab	main	tree	supplemental/exampledata/twas/collector/unpacked/f29061ea7da5/root/opt/IBM/WebSphere/AppServer/profiles/AppSrv01/config/cells/DefaultCell01/bindings/Client sample SHA256	
webspherelab	main	tree	supplemental/exampledata/twas/collector/unpacked/f29061ea7da5/root/opt/IBM/WebSphere/AppServer/profiles/AppSrv01/config/cells/DefaultCell01/bindings/Client sample SHA256/PolicyTypes	
webspherelab	main	tree	supplemental/exampledata/twas/collector/unpacked/f29061ea7da5/root/opt/IBM/WebSphere/AppServer/profiles/AppSrv01/config/cells/DefaultCell01/bindings/Client sample SHA256/PolicyTypes/CustomProperties	
webspherelab	main	blob	supplemental/exampledata/twas/collector/unpacked/f29061ea7da5/root/opt/IBM/WebSphere/AppServer/profiles/AppSrv01/config/cells/DefaultCell01/bindings/Client sample SHA256/PolicyTypes/CustomProperties/bindings.xml	188
webspherelab	main	tree	supplemental/exampledata/twas/collector/unpacked/f29061ea7da5/root/opt/IBM/WebSphere/AppServer/profiles/AppSrv01/config/cells/DefaultCell01/bindings/Client sample SHA256/PolicyTypes/HTTPTransport	
webspherelab	main	blob	supplemental/exampledata/twas/collector/unpacked/f29061ea7da5/root/opt/IBM/WebSphere/AppServer/profiles/AppSrv01/config/cells/DefaultCell01/bindings/Client sample SHA256/PolicyTypes/HTTPTransport/bindings.xml	1120
webspherelab	main	tree	supplemental/exampledata/twas/collector/unpacked/f29061ea7da5/root/opt/IBM/WebSphere/AppServer/profiles/AppSrv01/config/cells/DefaultCell01/bindings/Client sample SHA256/PolicyTypes/JMSTransport	
webspherelab	main	blob	supplemental/exampledata/twas/collector/unpacked/f29061ea7da5/root/opt/IBM/WebSphere/AppServer/profiles/AppSrv01/config/cells/DefaultCell01/bindings/Client sample SHA256/PolicyTypes/JMSTransport/bindings.xml	666
webspherelab	main	tree	supplemental/exampledata/twas/collector/unpacked/f29061ea7da5/root/opt/IBM/WebSphere/AppServer/profiles/AppSrv01/config/cells/DefaultCell01/bindings/Client sample SHA256/PolicyTypes/SSLTransport	
webspherelab	main	blob	supplemental/exampledata/twas/collector/unpacked/f29061ea7da5/root/opt/IBM/WebSphere/AppServer/profiles/AppSrv01/config/cells/DefaultCell01/bindings/Client sample SHA256/PolicyTypes/SSLTransport/bindings.xml	1035
webspherelab	main	tree	supplemental/exampledata/twas/collector/unpacked/f29061ea7da5/root/opt/IBM/WebSphere/AppServer/profiles/AppSrv01/config/cells/DefaultCell01/bindings/Client sample SHA256/PolicyTypes/WSReliableMessaging	
webspherelab	main	blob	supplemental/exampledata/twas/collector/unpacked/f29061ea7da5/root/opt/IBM/WebSphere/AppServer/profiles/AppSrv01/config/cells/DefaultCell01/bindings/Client sample SHA256/PolicyTypes/WSReliableMessaging/bindings.xml	376
webspherelab	main	tree	supplemental/exampledata/twas/collector/unpacked/f29061ea7da5/root/opt/IBM/WebSphere/AppServer/profiles/AppSrv01/config/cells/DefaultCell01/bindings/Client sample SHA256/PolicyTypes/WSSecurity	
webspherelab	main	blob	supplemental/exampledata/twas/collector/unpacked/f29061ea7da5/root/opt/IBM/WebSphere/AppServer/profiles/AppSrv01/config/cells/DefaultCell01/bindings/Client sample SHA256/PolicyTypes/WSSecurity/bindings.xml	12837
webspherelab	main	blob	supplemental/exampledata/twas/collector/unpacked/f29061ea7da5/root/opt/IBM/WebSphere/AppServer/profiles/AppSrv01/config/cells/DefaultCell01/bindings/Client sample SHA256/bindingDefinition.xml	281
webspherelab	main	tree	supplemental/exampledata/twas/collector/unpacked/f29061ea7da5/root/opt/IBM/WebSphere/AppServer/profiles/AppSrv01/config/cells/DefaultCell01/bindings/Client sample V2	
webspherelab	main	tree	supplemental/exampledata/twas/collector/unpacked/f29061ea7da5/root/opt/IBM/WebSphere/AppServer/profiles/AppSrv01/config/cells/DefaultCell01/bindings/Client sample V2/PolicyTypes	
webspherelab	main	tree	supplemental/exampledata/twas/collector/unpacked/f29061ea7da5/root/opt/IBM/WebSphere/AppServer/profiles/AppSrv01/config/cells/DefaultCell01/bindings/Client sample V2/PolicyTypes/CustomProperties	
webspherelab	main	blob	supplemental/exampledata/twas/collector/unpacked/f29061ea7da5/root/opt/IBM/WebSphere/AppServer/profiles/AppSrv01/config/cells/DefaultCell01/bindings/Client sample V2/PolicyTypes/CustomProperties/bindings.xml	188
webspherelab	main	tree	supplemental/exampledata/twas/collector/unpacked/f29061ea7da5/root/opt/IBM/WebSphere/AppServer/profiles/AppSrv01/config/cells/DefaultCell01/bindings/Client sample V2/PolicyTypes/HTTPTransport	
webspherelab	main	blob	supplemental/exampledata/twas/collector/unpacked/f29061ea7da5/root/opt/IBM/WebSphere/AppServer/profiles/AppSrv01/config/cells/DefaultCell01/bindings/Client sample V2/PolicyTypes/HTTPTransport/bindings.xml	1120
webspherelab	main	tree	supplemental/exampledata/twas/collector/unpacked/f29061ea7da5/root/opt/IBM/WebSphere/AppServer/profiles/AppSrv01/config/cells/DefaultCell01/bindings/Client sample V2/PolicyTypes/JMSTransport	
webspherelab	main	blob	supplemental/exampledata/twas/collector/unpacked/f29061ea7da5/root/opt/IBM/WebSphere/AppServer/profiles/AppSrv01/config/cells/DefaultCell01/bindings/Client sample V2/PolicyTypes/JMSTransport/bindings.xml	666
webspherelab	main	tree	supplemental/exampledata/twas/collector/unpacked/f29061ea7da5/root/opt/IBM/WebSphere/AppServer/profiles/AppSrv01/config/cells/DefaultCell01/bindings/Client sample V2/PolicyTypes/SSLTransport	
webspherelab	main	blob	supplemental/exampledata/twas/collector/unpacked/f29061ea7da5/root/opt/IBM/WebSphere/AppServer/profiles/AppSrv01/config/cells/DefaultCell01/bindings/Client sample V2/PolicyTypes/SSLTransport/bindings.xml	1035
webspherelab	main	tree	supplemental/exampledata/twas/collector/unpacked/f29061ea7da5/root/opt/IBM/WebSphere/AppServer/profiles/AppSrv01/config/cells/DefaultCell01/bindings/Client sample V2/PolicyTypes/WSReliableMessaging	
webspherelab	main	blob	supplemental/exampledata/twas/collector/unpacked/f29061ea7da5/root/opt/IBM/WebSphere/AppServer/profiles/AppSrv01/config/cells/DefaultCell01/bindings/Client sample V2/PolicyTypes/WSReliableMessaging/bindings.xml	376
webspherelab	main	tree	supplemental/exampledata/twas/collector/unpacked/f29061ea7da5/root/opt/IBM/WebSphere/AppServer/profiles/AppSrv01/config/cells/DefaultCell01/bindings/Client sample V2/PolicyTypes/WSSecurity	
webspherelab	main	blob	supplemental/exampledata/twas/collector/unpacked/f29061ea7da5/root/opt/IBM/WebSphere/AppServer/profiles/AppSrv01/config/cells/DefaultCell01/bindings/Client sample V2/PolicyTypes/WSSecurity/bindings.xml	13766
webspherelab	main	blob	supplemental/exampledata/twas/collector/unpacked/f29061ea7da5/root/opt/IBM/WebSphere/AppServer/profiles/AppSrv01/config/cells/DefaultCell01/bindings/Client sample V2/bindingDefinition.xml	276
webspherelab	main	tree	supplemental/exampledata/twas/collector/unpacked/f29061ea7da5/root/opt/IBM/WebSphere/AppServer/profiles/AppSrv01/config/cells/DefaultCell01/bindings/Client sample	
webspherelab	main	tree	supplemental/exampledata/twas/collector/unpacked/f29061ea7da5/root/opt/IBM/WebSphere/AppServer/profiles/AppSrv01/config/cells/DefaultCell01/bindings/Client sample/PolicyTypes	
webspherelab	main	tree	supplemental/exampledata/twas/collector/unpacked/f29061ea7da5/root/opt/IBM/WebSphere/AppServer/profiles/AppSrv01/config/cells/DefaultCell01/bindings/Client sample/PolicyTypes/CustomProperties	
webspherelab	main	blob	supplemental/exampledata/twas/collector/unpacked/f29061ea7da5/root/opt/IBM/WebSphere/AppServer/profiles/AppSrv01/config/cells/DefaultCell01/bindings/Client sample/PolicyTypes/CustomProperties/bindings.xml	188
webspherelab	main	tree	supplemental/exampledata/twas/collector/unpacked/f29061ea7da5/root/opt/IBM/WebSphere/AppServer/profiles/AppSrv01/config/cells/DefaultCell01/bindings/Client sample/PolicyTypes/HTTPTransport	
webspherelab	main	blob	supplemental/exampledata/twas/collector/unpacked/f29061ea7da5/root/opt/IBM/WebSphere/AppServer/profiles/AppSrv01/config/cells/DefaultCell01/bindings/Client sample/PolicyTypes/HTTPTransport/bindings.xml	1120
webspherelab	main	tree	supplemental/exampledata/twas/collector/unpacked/f29061ea7da5/root/opt/IBM/WebSphere/AppServer/profiles/AppSrv01/config/cells/DefaultCell01/bindings/Client sample/PolicyTypes/JMSTransport	
webspherelab	main	blob	supplemental/exampledata/twas/collector/unpacked/f29061ea7da5/root/opt/IBM/WebSphere/AppServer/profiles/AppSrv01/config/cells/DefaultCell01/bindings/Client sample/PolicyTypes/JMSTransport/bindings.xml	666
webspherelab	main	tree	supplemental/exampledata/twas/collector/unpacked/f29061ea7da5/root/opt/IBM/WebSphere/AppServer/profiles/AppSrv01/config/cells/DefaultCell01/bindings/Client sample/PolicyTypes/SSLTransport	
webspherelab	main	blob	supplemental/exampledata/twas/collector/unpacked/f29061ea7da5/root/opt/IBM/WebSphere/AppServer/profiles/AppSrv01/config/cells/DefaultCell01/bindings/Client sample/PolicyTypes/SSLTransport/bindings.xml	1035
webspherelab	main	tree	supplemental/exampledata/twas/collector/unpacked/f29061ea7da5/root/opt/IBM/WebSphere/AppServer/profiles/AppSrv01/config/cells/DefaultCell01/bindings/Client sample/PolicyTypes/WSReliableMessaging	
webspherelab	main	blob	supplemental/exampledata/twas/collector/unpacked/f29061ea7da5/root/opt/IBM/WebSphere/AppServer/profiles/AppSrv01/config/cells/DefaultCell01/bindings/Client sample/PolicyTypes/WSReliableMessaging/bindings.xml	376
webspherelab	main	tree	supplemental/exampledata/twas/collector/unpacked/f29061ea7da5/root/opt/IBM/WebSphere/AppServer/profiles/AppSrv01/config/cells/DefaultCell01/bindings/Client sample/PolicyTypes/WSSecurity	
webspherelab	main	blob	supplemental/exampledata/twas/collector/unpacked/f29061ea7da5/root/opt/IBM/WebSphere/AppServer/profiles/AppSrv01/config/cells/DefaultCell01/bindings/Client sample/PolicyTypes/WSSecurity/bindings.xml	10623
webspherelab	main	blob	supplemental/exampledata/twas/collector/unpacked/f29061ea7da5/root/opt/IBM/WebSphere/AppServer/profiles/AppSrv01/config/cells/DefaultCell01/bindings/Client sample/bindingDefinition.xml	274
webspherelab	main	tree	supplemental/exampledata/twas/collector/unpacked/f29061ea7da5/root/opt/IBM/WebSphere/AppServer/profiles/AppSrv01/config/cells/DefaultCell01/bindings/Provider sample SHA256	
webspherelab	main	tree	supplemental/exampledata/twas/collector/unpacked/f29061ea7da5/root/opt/IBM/WebSphere/AppServer/profiles/AppSrv01/config/cells/DefaultCell01/bindings/Provider sample SHA256/PolicyTypes	
webspherelab	main	tree	supplemental/exampledata/twas/collector/unpacked/f29061ea7da5/root/opt/IBM/WebSphere/AppServer/profiles/AppSrv01/config/cells/DefaultCell01/bindings/Provider sample SHA256/PolicyTypes/HTTPTransport	
webspherelab	main	blob	supplemental/exampledata/twas/collector/unpacked/f29061ea7da5/root/opt/IBM/WebSphere/AppServer/profiles/AppSrv01/config/cells/DefaultCell01/bindings/Provider sample SHA256/PolicyTypes/HTTPTransport/bindings.xml	1120
webspherelab	main	tree	supplemental/exampledata/twas/collector/unpacked/f29061ea7da5/root/opt/IBM/WebSphere/AppServer/profiles/AppSrv01/config/cells/DefaultCell01/bindings/Provider sample SHA256/PolicyTypes/JMSTransport	
webspherelab	main	blob	supplemental/exampledata/twas/collector/unpacked/f29061ea7da5/root/opt/IBM/WebSphere/AppServer/profiles/AppSrv01/config/cells/DefaultCell01/bindings/Provider sample SHA256/PolicyTypes/JMSTransport/bindings.xml	666
webspherelab	main	tree	supplemental/exampledata/twas/collector/unpacked/f29061ea7da5/root/opt/IBM/WebSphere/AppServer/profiles/AppSrv01/config/cells/DefaultCell01/bindings/Provider sample SHA256/PolicyTypes/SSLTransport	
webspherelab	main	blob	supplemental/exampledata/twas/collector/unpacked/f29061ea7da5/root/opt/IBM/WebSphere/AppServer/profiles/AppSrv01/config/cells/DefaultCell01/bindings/Provider sample SHA256/PolicyTypes/SSLTransport/bindings.xml	1035
webspherelab	main	tree	supplemental/exampledata/twas/collector/unpacked/f29061ea7da5/root/opt/IBM/WebSphere/AppServer/profiles/AppSrv01/config/cells/DefaultCell01/bindings/Provider sample SHA256/PolicyTypes/WSAddressing	
webspherelab	main	blob	supplemental/exampledata/twas/collector/unpacked/f29061ea7da5/root/opt/IBM/WebSphere/AppServer/profiles/AppSrv01/config/cells/DefaultCell01/bindings/Provider sample SHA256/PolicyTypes/WSAddressing/bindings.xml	296
webspherelab	main	tree	supplemental/exampledata/twas/collector/unpacked/f29061ea7da5/root/opt/IBM/WebSphere/AppServer/profiles/AppSrv01/config/cells/DefaultCell01/bindings/Provider sample SHA256/PolicyTypes/WSReliableMessaging	
webspherelab	main	blob	supplemental/exampledata/twas/collector/unpacked/f29061ea7da5/root/opt/IBM/WebSphere/AppServer/profiles/AppSrv01/config/cells/DefaultCell01/bindings/Provider sample SHA256/PolicyTypes/WSReliableMessaging/bindings.xml	376
webspherelab	main	tree	supplemental/exampledata/twas/collector/unpacked/f29061ea7da5/root/opt/IBM/WebSphere/AppServer/profiles/AppSrv01/config/cells/DefaultCell01/bindings/Provider sample SHA256/PolicyTypes/WSSecurity	
webspherelab	main	blob	supplemental/exampledata/twas/collector/unpacked/f29061ea7da5/root/opt/IBM/WebSphere/AppServer/profiles/AppSrv01/config/cells/DefaultCell01/bindings/Provider sample SHA256/PolicyTypes/WSSecurity/bindings.xml	12428
webspherelab	main	blob	supplemental/exampledata/twas/collector/unpacked/f29061ea7da5/root/opt/IBM/WebSphere/AppServer/profiles/AppSrv01/config/cells/DefaultCell01/bindings/Provider sample SHA256/bindingDefinition.xml	293
webspherelab	main	tree	supplemental/exampledata/twas/collector/unpacked/f29061ea7da5/root/opt/IBM/WebSphere/AppServer/profiles/AppSrv01/config/cells/DefaultCell01/bindings/Provider sample V2	
webspherelab	main	tree	supplemental/exampledata/twas/collector/unpacked/f29061ea7da5/root/opt/IBM/WebSphere/AppServer/profiles/AppSrv01/config/cells/DefaultCell01/bindings/Provider sample V2/PolicyTypes	
webspherelab	main	tree	supplemental/exampledata/twas/collector/unpacked/f29061ea7da5/root/opt/IBM/WebSphere/AppServer/profiles/AppSrv01/config/cells/DefaultCell01/bindings/Provider sample V2/PolicyTypes/HTTPTransport	
webspherelab	main	blob	supplemental/exampledata/twas/collector/unpacked/f29061ea7da5/root/opt/IBM/WebSphere/AppServer/profiles/AppSrv01/config/cells/DefaultCell01/bindings/Provider sample V2/PolicyTypes/HTTPTransport/bindings.xml	1120
webspherelab	main	tree	supplemental/exampledata/twas/collector/unpacked/f29061ea7da5/root/opt/IBM/WebSphere/AppServer/profiles/AppSrv01/config/cells/DefaultCell01/bindings/Provider sample V2/PolicyTypes/JMSTransport	
webspherelab	main	blob	supplemental/exampledata/twas/collector/unpacked/f29061ea7da5/root/opt/IBM/WebSphere/AppServer/profiles/AppSrv01/config/cells/DefaultCell01/bindings/Provider sample V2/PolicyTypes/JMSTransport/bindings.xml	666
webspherelab	main	tree	supplemental/exampledata/twas/collector/unpacked/f29061ea7da5/root/opt/IBM/WebSphere/AppServer/profiles/AppSrv01/config/cells/DefaultCell01/bindings/Provider sample V2/PolicyTypes/SSLTransport	
webspherelab	main	blob	supplemental/exampledata/twas/collector/unpacked/f29061ea7da5/root/opt/IBM/WebSphere/AppServer/profiles/AppSrv01/config/cells/DefaultCell01/bindings/Provider sample V2/PolicyTypes/SSLTransport/bindings.xml	1035
webspherelab	main	tree	supplemental/exampledata/twas/collector/unpacked/f29061ea7da5/root/opt/IBM/WebSphere/AppServer/profiles/AppSrv01/config/cells/DefaultCell01/bindings/Provider sample V2/PolicyTypes/WSAddressing	
webspherelab	main	blob	supplemental/exampledata/twas/collector/unpacked/f29061ea7da5/root/opt/IBM/WebSphere/AppServer/profiles/AppSrv01/config/cells/DefaultCell01/bindings/Provider sample V2/PolicyTypes/WSAddressing/bindings.xml	296
webspherelab	main	tree	supplemental/exampledata/twas/collector/unpacked/f29061ea7da5/root/opt/IBM/WebSphere/AppServer/profiles/AppSrv01/config/cells/DefaultCell01/bindings/Provider sample V2/PolicyTypes/WSReliableMessaging	
webspherelab	main	blob	supplemental/exampledata/twas/collector/unpacked/f29061ea7da5/root/opt/IBM/WebSphere/AppServer/profiles/AppSrv01/config/cells/DefaultCell01/bindings/Provider sample V2/PolicyTypes/WSReliableMessaging/bindings.xml	376
webspherelab	main	tree	supplemental/exampledata/twas/collector/unpacked/f29061ea7da5/root/opt/IBM/WebSphere/AppServer/profiles/AppSrv01/config/cells/DefaultCell01/bindings/Provider sample V2/PolicyTypes/WSSecurity	
webspherelab	main	blob	supplemental/exampledata/twas/collector/unpacked/f29061ea7da5/root/opt/IBM/WebSphere/AppServer/profiles/AppSrv01/config/cells/DefaultCell01/bindings/Provider sample V2/PolicyTypes/WSSecurity/bindings.xml	13292
webspherelab	main	blob	supplemental/exampledata/twas/collector/unpacked/f29061ea7da5/root/opt/IBM/WebSphere/AppServer/profiles/AppSrv01/config/cells/DefaultCell01/bindings/Provider sample V2/bindingDefinition.xml	288
webspherelab	main	tree	supplemental/exampledata/twas/collector/unpacked/f29061ea7da5/root/opt/IBM/WebSphere/AppServer/profiles/AppSrv01/config/cells/DefaultCell01/bindings/Provider sample	
webspherelab	main	tree	supplemental/exampledata/twas/collector/unpacked/f29061ea7da5/root/opt/IBM/WebSphere/AppServer/profiles/AppSrv01/config/cells/DefaultCell01/bindings/Provider sample/PolicyTypes	
webspherelab	main	tree	supplemental/exampledata/twas/collector/unpacked/f29061ea7da5/root/opt/IBM/WebSphere/AppServer/profiles/AppSrv01/config/cells/DefaultCell01/bindings/Provider sample/PolicyTypes/HTTPTransport	
webspherelab	main	blob	supplemental/exampledata/twas/collector/unpacked/f29061ea7da5/root/opt/IBM/WebSphere/AppServer/profiles/AppSrv01/config/cells/DefaultCell01/bindings/Provider sample/PolicyTypes/HTTPTransport/bindings.xml	1120
webspherelab	main	tree	supplemental/exampledata/twas/collector/unpacked/f29061ea7da5/root/opt/IBM/WebSphere/AppServer/profiles/AppSrv01/config/cells/DefaultCell01/bindings/Provider sample/PolicyTypes/JMSTransport	
webspherelab	main	blob	supplemental/exampledata/twas/collector/unpacked/f29061ea7da5/root/opt/IBM/WebSphere/AppServer/profiles/AppSrv01/config/cells/DefaultCell01/bindings/Provider sample/PolicyTypes/JMSTransport/bindings.xml	666
webspherelab	main	tree	supplemental/exampledata/twas/collector/unpacked/f29061ea7da5/root/opt/IBM/WebSphere/AppServer/profiles/AppSrv01/config/cells/DefaultCell01/bindings/Provider sample/PolicyTypes/SSLTransport	
webspherelab	main	blob	supplemental/exampledata/twas/collector/unpacked/f29061ea7da5/root/opt/IBM/WebSphere/AppServer/profiles/AppSrv01/config/cells/DefaultCell01/bindings/Provider sample/PolicyTypes/SSLTransport/bindings.xml	1035
webspherelab	main	tree	supplemental/exampledata/twas/collector/unpacked/f29061ea7da5/root/opt/IBM/WebSphere/AppServer/profiles/AppSrv01/config/cells/DefaultCell01/bindings/Provider sample/PolicyTypes/WSAddressing	
webspherelab	main	blob	supplemental/exampledata/twas/collector/unpacked/f29061ea7da5/root/opt/IBM/WebSphere/AppServer/profiles/AppSrv01/config/cells/DefaultCell01/bindings/Provider sample/PolicyTypes/WSAddressing/bindings.xml	296
webspherelab	main	tree	supplemental/exampledata/twas/collector/unpacked/f29061ea7da5/root/opt/IBM/WebSphere/AppServer/profiles/AppSrv01/config/cells/DefaultCell01/bindings/Provider sample/PolicyTypes/WSReliableMessaging	
webspherelab	main	blob	supplemental/exampledata/twas/collector/unpacked/f29061ea7da5/root/opt/IBM/WebSphere/AppServer/profiles/AppSrv01/config/cells/DefaultCell01/bindings/Provider sample/PolicyTypes/WSReliableMessaging/bindings.xml	376
webspherelab	main	tree	supplemental/exampledata/twas/collector/unpacked/f29061ea7da5/root/opt/IBM/WebSphere/AppServer/profiles/AppSrv01/config/cells/DefaultCell01/bindings/Provider sample/PolicyTypes/WSSecurity	
webspherelab	main	blob	supplemental/exampledata/twas/collector/unpacked/f29061ea7da5/root/opt/IBM/WebSphere/AppServer/profiles/AppSrv01/config/cells/DefaultCell01/bindings/Provider sample/PolicyTypes/WSSecurity/bindings.xml	10264
webspherelab	main	blob	supplemental/exampledata/twas/collector/unpacked/f29061ea7da5/root/opt/IBM/WebSphere/AppServer/profiles/AppSrv01/config/cells/DefaultCell01/bindings/Provider sample/bindingDefinition.xml	286
webspherelab	main	tree	supplemental/exampledata/twas/collector/unpacked/f29061ea7da5/root/opt/IBM/WebSphere/AppServer/profiles/AppSrv01/config/cells/DefaultCell01/bindings/Saml Bearer Client sample	
webspherelab	main	tree	supplemental/exampledata/twas/collector/unpacked/f29061ea7da5/root/opt/IBM/WebSphere/AppServer/profiles/AppSrv01/config/cells/DefaultCell01/bindings/Saml Bearer Client sample/PolicyTypes	
webspherelab	main	tree	supplemental/exampledata/twas/collector/unpacked/f29061ea7da5/root/opt/IBM/WebSphere/AppServer/profiles/AppSrv01/config/cells/DefaultCell01/bindings/Saml Bearer Client sample/PolicyTypes/CustomProperties	
webspherelab	main	blob	supplemental/exampledata/twas/collector/unpacked/f29061ea7da5/root/opt/IBM/WebSphere/AppServer/profiles/AppSrv01/config/cells/DefaultCell01/bindings/Saml Bearer Client sample/PolicyTypes/CustomProperties/bindings.xml	188
webspherelab	main	tree	supplemental/exampledata/twas/collector/unpacked/f29061ea7da5/root/opt/IBM/WebSphere/AppServer/profiles/AppSrv01/config/cells/DefaultCell01/bindings/Saml Bearer Client sample/PolicyTypes/HTTPTransport	
webspherelab	main	blob	supplemental/exampledata/twas/collector/unpacked/f29061ea7da5/root/opt/IBM/WebSphere/AppServer/profiles/AppSrv01/config/cells/DefaultCell01/bindings/Saml Bearer Client sample/PolicyTypes/HTTPTransport/bindings.xml	1120
webspherelab	main	tree	supplemental/exampledata/twas/collector/unpacked/f29061ea7da5/root/opt/IBM/WebSphere/AppServer/profiles/AppSrv01/config/cells/DefaultCell01/bindings/Saml Bearer Client sample/PolicyTypes/JMSTransport	
webspherelab	main	blob	supplemental/exampledata/twas/collector/unpacked/f29061ea7da5/root/opt/IBM/WebSphere/AppServer/profiles/AppSrv01/config/cells/DefaultCell01/bindings/Saml Bearer Client sample/PolicyTypes/JMSTransport/bindings.xml	666
webspherelab	main	tree	supplemental/exampledata/twas/collector/unpacked/f29061ea7da5/root/opt/IBM/WebSphere/AppServer/profiles/AppSrv01/config/cells/DefaultCell01/bindings/Saml Bearer Client sample/PolicyTypes/SSLTransport	
webspherelab	main	blob	supplemental/exampledata/twas/collector/unpacked/f29061ea7da5/root/opt/IBM/WebSphere/AppServer/profiles/AppSrv01/config/cells/DefaultCell01/bindings/Saml Bearer Client sample/PolicyTypes/SSLTransport/bindings.xml	1035
webspherelab	main	tree	supplemental/exampledata/twas/collector/unpacked/f29061ea7da5/root/opt/IBM/WebSphere/AppServer/profiles/AppSrv01/config/cells/DefaultCell01/bindings/Saml Bearer Client sample/PolicyTypes/WSReliableMessaging	
webspherelab	main	blob	supplemental/exampledata/twas/collector/unpacked/f29061ea7da5/root/opt/IBM/WebSphere/AppServer/profiles/AppSrv01/config/cells/DefaultCell01/bindings/Saml Bearer Client sample/PolicyTypes/WSReliableMessaging/bindings.xml	376
webspherelab	main	tree	supplemental/exampledata/twas/collector/unpacked/f29061ea7da5/root/opt/IBM/WebSphere/AppServer/profiles/AppSrv01/config/cells/DefaultCell01/bindings/Saml Bearer Client sample/PolicyTypes/WSSecurity	
webspherelab	main	blob	supplemental/exampledata/twas/collector/unpacked/f29061ea7da5/root/opt/IBM/WebSphere/AppServer/profiles/AppSrv01/config/cells/DefaultCell01/bindings/Saml Bearer Client sample/PolicyTypes/WSSecurity/bindings.xml	12463
webspherelab	main	blob	supplemental/exampledata/twas/collector/unpacked/f29061ea7da5/root/opt/IBM/WebSphere/AppServer/profiles/AppSrv01/config/cells/DefaultCell01/bindings/Saml Bearer Client sample/bindingDefinition.xml	284
webspherelab	main	tree	supplemental/exampledata/twas/collector/unpacked/f29061ea7da5/root/opt/IBM/WebSphere/AppServer/profiles/AppSrv01/config/cells/DefaultCell01/bindings/Saml Bearer Provider sample	
webspherelab	main	tree	supplemental/exampledata/twas/collector/unpacked/f29061ea7da5/root/opt/IBM/WebSphere/AppServer/profiles/AppSrv01/config/cells/DefaultCell01/bindings/Saml Bearer Provider sample/PolicyTypes	
webspherelab	main	tree	supplemental/exampledata/twas/collector/unpacked/f29061ea7da5/root/opt/IBM/WebSphere/AppServer/profiles/AppSrv01/config/cells/DefaultCell01/bindings/Saml Bearer Provider sample/PolicyTypes/HTTPTransport	
webspherelab	main	blob	supplemental/exampledata/twas/collector/unpacked/f29061ea7da5/root/opt/IBM/WebSphere/AppServer/profiles/AppSrv01/config/cells/DefaultCell01/bindings/Saml Bearer Provider sample/PolicyTypes/HTTPTransport/bindings.xml	1120
webspherelab	main	tree	supplemental/exampledata/twas/collector/unpacked/f29061ea7da5/root/opt/IBM/WebSphere/AppServer/profiles/AppSrv01/config/cells/DefaultCell01/bindings/Saml Bearer Provider sample/PolicyTypes/JMSTransport	
webspherelab	main	blob	supplemental/exampledata/twas/collector/unpacked/f29061ea7da5/root/opt/IBM/WebSphere/AppServer/profiles/AppSrv01/config/cells/DefaultCell01/bindings/Saml Bearer Provider sample/PolicyTypes/JMSTransport/bindings.xml	666
webspherelab	main	tree	supplemental/exampledata/twas/collector/unpacked/f29061ea7da5/root/opt/IBM/WebSphere/AppServer/profiles/AppSrv01/config/cells/DefaultCell01/bindings/Saml Bearer Provider sample/PolicyTypes/SSLTransport	
webspherelab	main	blob	supplemental/exampledata/twas/collector/unpacked/f29061ea7da5/root/opt/IBM/WebSphere/AppServer/profiles/AppSrv01/config/cells/DefaultCell01/bindings/Saml Bearer Provider sample/PolicyTypes/SSLTransport/bindings.xml	1035
webspherelab	main	tree	supplemental/exampledata/twas/collector/unpacked/f29061ea7da5/root/opt/IBM/WebSphere/AppServer/profiles/AppSrv01/config/cells/DefaultCell01/bindings/Saml Bearer Provider sample/PolicyTypes/WSAddressing	
webspherelab	main	blob	supplemental/exampledata/twas/collector/unpacked/f29061ea7da5/root/opt/IBM/WebSphere/AppServer/profiles/AppSrv01/config/cells/DefaultCell01/bindings/Saml Bearer Provider sample/PolicyTypes/WSAddressing/bindings.xml	296
webspherelab	main	tree	supplemental/exampledata/twas/collector/unpacked/f29061ea7da5/root/opt/IBM/WebSphere/AppServer/profiles/AppSrv01/config/cells/DefaultCell01/bindings/Saml Bearer Provider sample/PolicyTypes/WSReliableMessaging	
webspherelab	main	blob	supplemental/exampledata/twas/collector/unpacked/f29061ea7da5/root/opt/IBM/WebSphere/AppServer/profiles/AppSrv01/config/cells/DefaultCell01/bindings/Saml Bearer Provider sample/PolicyTypes/WSReliableMessaging/bindings.xml	376
webspherelab	main	tree	supplemental/exampledata/twas/collector/unpacked/f29061ea7da5/root/opt/IBM/WebSphere/AppServer/profiles/AppSrv01/config/cells/DefaultCell01/bindings/Saml Bearer Provider sample/PolicyTypes/WSSecurity	
webspherelab	main	blob	supplemental/exampledata/twas/collector/unpacked/f29061ea7da5/root/opt/IBM/WebSphere/AppServer/profiles/AppSrv01/config/cells/DefaultCell01/bindings/Saml Bearer Provider sample/PolicyTypes/WSSecurity/bindings.xml	12058
webspherelab	main	blob	supplemental/exampledata/twas/collector/unpacked/f29061ea7da5/root/opt/IBM/WebSphere/AppServer/profiles/AppSrv01/config/cells/DefaultCell01/bindings/Saml Bearer Provider sample/bindingDefinition.xml	296
webspherelab	main	tree	supplemental/exampledata/twas/collector/unpacked/f29061ea7da5/root/opt/IBM/WebSphere/AppServer/profiles/AppSrv01/config/cells/DefaultCell01/bindings/Saml HoK Symmetric Client sample	
webspherelab	main	tree	supplemental/exampledata/twas/collector/unpacked/f29061ea7da5/root/opt/IBM/WebSphere/AppServer/profiles/AppSrv01/config/cells/DefaultCell01/bindings/Saml HoK Symmetric Client sample/PolicyTypes	
webspherelab	main	tree	supplemental/exampledata/twas/collector/unpacked/f29061ea7da5/root/opt/IBM/WebSphere/AppServer/profiles/AppSrv01/config/cells/DefaultCell01/bindings/Saml HoK Symmetric Client sample/PolicyTypes/CustomProperties	
webspherelab	main	blob	supplemental/exampledata/twas/collector/unpacked/f29061ea7da5/root/opt/IBM/WebSphere/AppServer/profiles/AppSrv01/config/cells/DefaultCell01/bindings/Saml HoK Symmetric Client sample/PolicyTypes/CustomProperties/bindings.xml	188
webspherelab	main	tree	supplemental/exampledata/twas/collector/unpacked/f29061ea7da5/root/opt/IBM/WebSphere/AppServer/profiles/AppSrv01/config/cells/DefaultCell01/bindings/Saml HoK Symmetric Client sample/PolicyTypes/HTTPTransport	
webspherelab	main	blob	supplemental/exampledata/twas/collector/unpacked/f29061ea7da5/root/opt/IBM/WebSphere/AppServer/profiles/AppSrv01/config/cells/DefaultCell01/bindings/Saml HoK Symmetric Client sample/PolicyTypes/HTTPTransport/bindings.xml	1120
webspherelab	main	tree	supplemental/exampledata/twas/collector/unpacked/f29061ea7da5/root/opt/IBM/WebSphere/AppServer/profiles/AppSrv01/config/cells/DefaultCell01/bindings/Saml HoK Symmetric Client sample/PolicyTypes/JMSTransport	
webspherelab	main	blob	supplemental/exampledata/twas/collector/unpacked/f29061ea7da5/root/opt/IBM/WebSphere/AppServer/profiles/AppSrv01/config/cells/DefaultCell01/bindings/Saml HoK Symmetric Client sample/PolicyTypes/JMSTransport/bindings.xml	666
webspherelab	main	tree	supplemental/exampledata/twas/collector/unpacked/f29061ea7da5/root/opt/IBM/WebSphere/AppServer/profiles/AppSrv01/config/cells/DefaultCell01/bindings/Saml HoK Symmetric Client sample/PolicyTypes/SSLTransport	
webspherelab	main	blob	supplemental/exampledata/twas/collector/unpacked/f29061ea7da5/root/opt/IBM/WebSphere/AppServer/profiles/AppSrv01/config/cells/DefaultCell01/bindings/Saml HoK Symmetric Client sample/PolicyTypes/SSLTransport/bindings.xml	1035
webspherelab	main	tree	supplemental/exampledata/twas/collector/unpacked/f29061ea7da5/root/opt/IBM/WebSphere/AppServer/profiles/AppSrv01/config/cells/DefaultCell01/bindings/Saml HoK Symmetric Client sample/PolicyTypes/WSReliableMessaging	
webspherelab	main	blob	supplemental/exampledata/twas/collector/unpacked/f29061ea7da5/root/opt/IBM/WebSphere/AppServer/profiles/AppSrv01/config/cells/DefaultCell01/bindings/Saml HoK Symmetric Client sample/PolicyTypes/WSReliableMessaging/bindings.xml	376
webspherelab	main	tree	supplemental/exampledata/twas/collector/unpacked/f29061ea7da5/root/opt/IBM/WebSphere/AppServer/profiles/AppSrv01/config/cells/DefaultCell01/bindings/Saml HoK Symmetric Client sample/PolicyTypes/WSSecurity	
webspherelab	main	blob	supplemental/exampledata/twas/collector/unpacked/f29061ea7da5/root/opt/IBM/WebSphere/AppServer/profiles/AppSrv01/config/cells/DefaultCell01/bindings/Saml HoK Symmetric Client sample/PolicyTypes/WSSecurity/bindings.xml	17918
webspherelab	main	blob	supplemental/exampledata/twas/collector/unpacked/f29061ea7da5/root/opt/IBM/WebSphere/AppServer/profiles/AppSrv01/config/cells/DefaultCell01/bindings/Saml HoK Symmetric Client sample/bindingDefinition.xml	281
webspherelab	main	tree	supplemental/exampledata/twas/collector/unpacked/f29061ea7da5/root/opt/IBM/WebSphere/AppServer/profiles/AppSrv01/config/cells/DefaultCell01/bindings/Saml HoK Symmetric Provider sample	
webspherelab	main	tree	supplemental/exampledata/twas/collector/unpacked/f29061ea7da5/root/opt/IBM/WebSphere/AppServer/profiles/AppSrv01/config/cells/DefaultCell01/bindings/Saml HoK Symmetric Provider sample/PolicyTypes	
webspherelab	main	tree	supplemental/exampledata/twas/collector/unpacked/f29061ea7da5/root/opt/IBM/WebSphere/AppServer/profiles/AppSrv01/config/cells/DefaultCell01/bindings/Saml HoK Symmetric Provider sample/PolicyTypes/HTTPTransport	
webspherelab	main	blob	supplemental/exampledata/twas/collector/unpacked/f29061ea7da5/root/opt/IBM/WebSphere/AppServer/profiles/AppSrv01/config/cells/DefaultCell01/bindings/Saml HoK Symmetric Provider sample/PolicyTypes/HTTPTransport/bindings.xml	1120
webspherelab	main	tree	supplemental/exampledata/twas/collector/unpacked/f29061ea7da5/root/opt/IBM/WebSphere/AppServer/profiles/AppSrv01/config/cells/DefaultCell01/bindings/Saml HoK Symmetric Provider sample/PolicyTypes/JMSTransport	
webspherelab	main	blob	supplemental/exampledata/twas/collector/unpacked/f29061ea7da5/root/opt/IBM/WebSphere/AppServer/profiles/AppSrv01/config/cells/DefaultCell01/bindings/Saml HoK Symmetric Provider sample/PolicyTypes/JMSTransport/bindings.xml	666
webspherelab	main	tree	supplemental/exampledata/twas/collector/unpacked/f29061ea7da5/root/opt/IBM/WebSphere/AppServer/profiles/AppSrv01/config/cells/DefaultCell01/bindings/Saml HoK Symmetric Provider sample/PolicyTypes/SSLTransport	
webspherelab	main	blob	supplemental/exampledata/twas/collector/unpacked/f29061ea7da5/root/opt/IBM/WebSphere/AppServer/profiles/AppSrv01/config/cells/DefaultCell01/bindings/Saml HoK Symmetric Provider sample/PolicyTypes/SSLTransport/bindings.xml	1035
webspherelab	main	tree	supplemental/exampledata/twas/collector/unpacked/f29061ea7da5/root/opt/IBM/WebSphere/AppServer/profiles/AppSrv01/config/cells/DefaultCell01/bindings/Saml HoK Symmetric Provider sample/PolicyTypes/WSAddressing	
webspherelab	main	blob	supplemental/exampledata/twas/collector/unpacked/f29061ea7da5/root/opt/IBM/WebSphere/AppServer/profiles/AppSrv01/config/cells/DefaultCell01/bindings/Saml HoK Symmetric Provider sample/PolicyTypes/WSAddressing/bindings.xml	296
webspherelab	main	tree	supplemental/exampledata/twas/collector/unpacked/f29061ea7da5/root/opt/IBM/WebSphere/AppServer/profiles/AppSrv01/config/cells/DefaultCell01/bindings/Saml HoK Symmetric Provider sample/PolicyTypes/WSReliableMessaging	
webspherelab	main	blob	supplemental/exampledata/twas/collector/unpacked/f29061ea7da5/root/opt/IBM/WebSphere/AppServer/profiles/AppSrv01/config/cells/DefaultCell01/bindings/Saml HoK Symmetric Provider sample/PolicyTypes/WSReliableMessaging/bindings.xml	376
webspherelab	main	tree	supplemental/exampledata/twas/collector/unpacked/f29061ea7da5/root/opt/IBM/WebSphere/AppServer/profiles/AppSrv01/config/cells/DefaultCell01/bindings/Saml HoK Symmetric Provider sample/PolicyTypes/WSSecurity	
webspherelab	main	blob	supplemental/exampledata/twas/collector/unpacked/f29061ea7da5/root/opt/IBM/WebSphere/AppServer/profiles/AppSrv01/config/cells/DefaultCell01/bindings/Saml HoK Symmetric Provider sample/PolicyTypes/WSSecurity/bindings.xml	17320
webspherelab	main	blob	supplemental/exampledata/twas/collector/unpacked/f29061ea7da5/root/opt/IBM/WebSphere/AppServer/profiles/AppSrv01/config/cells/DefaultCell01/bindings/Saml HoK Symmetric Provider sample/bindingDefinition.xml	293
webspherelab	main	blob	supplemental/exampledata/twas/collector/unpacked/f29061ea7da5/root/opt/IBM/WebSphere/AppServer/profiles/AppSrv01/config/cells/DefaultCell01/bindings/defaultBindings.xml	287
webspherelab	main	tree	supplemental/exampledata/twas/collector/unpacked/f29061ea7da5/root/opt/IBM/WebSphere/AppServer/profiles/AppSrv01/config/cells/DefaultCell01/blas	
webspherelab	main	tree	supplemental/exampledata/twas/collector/unpacked/f29061ea7da5/root/opt/IBM/WebSphere/AppServer/profiles/AppSrv01/config/cells/DefaultCell01/blas/RESTAPIDocs	
webspherelab	main	tree	supplemental/exampledata/twas/collector/unpacked/f29061ea7da5/root/opt/IBM/WebSphere/AppServer/profiles/AppSrv01/config/cells/DefaultCell01/blas/RESTAPIDocs/bver	
webspherelab	main	tree	supplemental/exampledata/twas/collector/unpacked/f29061ea7da5/root/opt/IBM/WebSphere/AppServer/profiles/AppSrv01/config/cells/DefaultCell01/blas/RESTAPIDocs/bver/BASE	
webspherelab	main	blob	supplemental/exampledata/twas/collector/unpacked/f29061ea7da5/root/opt/IBM/WebSphere/AppServer/profiles/AppSrv01/config/cells/DefaultCell01/blas/RESTAPIDocs/bver/BASE/bla.xml	163
webspherelab	main	tree	supplemental/exampledata/twas/collector/unpacked/f29061ea7da5/root/opt/IBM/WebSphere/AppServer/profiles/AppSrv01/config/cells/DefaultCell01/blas/SwaggerUI	
webspherelab	main	tree	supplemental/exampledata/twas/collector/unpacked/f29061ea7da5/root/opt/IBM/WebSphere/AppServer/profiles/AppSrv01/config/cells/DefaultCell01/blas/SwaggerUI/bver	
webspherelab	main	tree	supplemental/exampledata/twas/collector/unpacked/f29061ea7da5/root/opt/IBM/WebSphere/AppServer/profiles/AppSrv01/config/cells/DefaultCell01/blas/SwaggerUI/bver/BASE	
webspherelab	main	blob	supplemental/exampledata/twas/collector/unpacked/f29061ea7da5/root/opt/IBM/WebSphere/AppServer/profiles/AppSrv01/config/cells/DefaultCell01/blas/SwaggerUI/bver/BASE/bla.xml	161
webspherelab	main	tree	supplemental/exampledata/twas/collector/unpacked/f29061ea7da5/root/opt/IBM/WebSphere/AppServer/profiles/AppSrv01/config/cells/DefaultCell01/blas/WebSphereWSDM	
webspherelab	main	tree	supplemental/exampledata/twas/collector/unpacked/f29061ea7da5/root/opt/IBM/WebSphere/AppServer/profiles/AppSrv01/config/cells/DefaultCell01/blas/WebSphereWSDM/bver	
webspherelab	main	tree	supplemental/exampledata/twas/collector/unpacked/f29061ea7da5/root/opt/IBM/WebSphere/AppServer/profiles/AppSrv01/config/cells/DefaultCell01/blas/WebSphereWSDM/bver/BASE	
webspherelab	main	blob	supplemental/exampledata/twas/collector/unpacked/f29061ea7da5/root/opt/IBM/WebSphere/AppServer/profiles/AppSrv01/config/cells/DefaultCell01/blas/WebSphereWSDM/bver/BASE/bla.xml	165
webspherelab	main	tree	supplemental/exampledata/twas/collector/unpacked/f29061ea7da5/root/opt/IBM/WebSphere/AppServer/profiles/AppSrv01/config/cells/DefaultCell01/blas/ibmasyncrsp	
webspherelab	main	tree	supplemental/exampledata/twas/collector/unpacked/f29061ea7da5/root/opt/IBM/WebSphere/AppServer/profiles/AppSrv01/config/cells/DefaultCell01/blas/ibmasyncrsp/bver	
webspherelab	main	tree	supplemental/exampledata/twas/collector/unpacked/f29061ea7da5/root/opt/IBM/WebSphere/AppServer/profiles/AppSrv01/config/cells/DefaultCell01/blas/ibmasyncrsp/bver/BASE	
webspherelab	main	blob	supplemental/exampledata/twas/collector/unpacked/f29061ea7da5/root/opt/IBM/WebSphere/AppServer/profiles/AppSrv01/config/cells/DefaultCell01/blas/ibmasyncrsp/bver/BASE/bla.xml	163
webspherelab	main	tree	supplemental/exampledata/twas/collector/unpacked/f29061ea7da5/root/opt/IBM/WebSphere/AppServer/profiles/AppSrv01/config/cells/DefaultCell01/blas/isclite	
webspherelab	main	tree	supplemental/exampledata/twas/collector/unpacked/f29061ea7da5/root/opt/IBM/WebSphere/AppServer/profiles/AppSrv01/config/cells/DefaultCell01/blas/isclite/bver	
webspherelab	main	tree	supplemental/exampledata/twas/collector/unpacked/f29061ea7da5/root/opt/IBM/WebSphere/AppServer/profiles/AppSrv01/config/cells/DefaultCell01/blas/isclite/bver/BASE	
webspherelab	main	blob	supplemental/exampledata/twas/collector/unpacked/f29061ea7da5/root/opt/IBM/WebSphere/AppServer/profiles/AppSrv01/config/cells/DefaultCell01/blas/isclite/bver/BASE/bla.xml	159
webspherelab	main	tree	supplemental/exampledata/twas/collector/unpacked/f29061ea7da5/root/opt/IBM/WebSphere/AppServer/profiles/AppSrv01/config/cells/DefaultCell01/blas/query	
webspherelab	main	tree	supplemental/exampledata/twas/collector/unpacked/f29061ea7da5/root/opt/IBM/WebSphere/AppServer/profiles/AppSrv01/config/cells/DefaultCell01/blas/query/bver	
webspherelab	main	tree	supplemental/exampledata/twas/collector/unpacked/f29061ea7da5/root/opt/IBM/WebSphere/AppServer/profiles/AppSrv01/config/cells/DefaultCell01/blas/query/bver/BASE	
webspherelab	main	blob	supplemental/exampledata/twas/collector/unpacked/f29061ea7da5/root/opt/IBM/WebSphere/AppServer/profiles/AppSrv01/config/cells/DefaultCell01/blas/query/bver/BASE/bla.xml	157
webspherelab	main	blob	supplemental/exampledata/twas/collector/unpacked/f29061ea7da5/root/opt/IBM/WebSphere/AppServer/profiles/AppSrv01/config/cells/DefaultCell01/cell.xml	910
webspherelab	main	blob	supplemental/exampledata/twas/collector/unpacked/f29061ea7da5/root/opt/IBM/WebSphere/AppServer/profiles/AppSrv01/config/cells/DefaultCell01/coregroupbridge.xml	795
webspherelab	main	tree	supplemental/exampledata/twas/collector/unpacked/f29061ea7da5/root/opt/IBM/WebSphere/AppServer/profiles/AppSrv01/config/cells/DefaultCell01/coregroups	
webspherelab	main	tree	supplemental/exampledata/twas/collector/unpacked/f29061ea7da5/root/opt/IBM/WebSphere/AppServer/profiles/AppSrv01/config/cells/DefaultCell01/coregroups/DefaultCoreGroup	
webspherelab	main	blob	supplemental/exampledata/twas/collector/unpacked/f29061ea7da5/root/opt/IBM/WebSphere/AppServer/profiles/AppSrv01/config/cells/DefaultCell01/coregroups/DefaultCoreGroup/coregroup.xml	2237
webspherelab	main	tree	supplemental/exampledata/twas/collector/unpacked/f29061ea7da5/root/opt/IBM/WebSphere/AppServer/profiles/AppSrv01/config/cells/DefaultCell01/cus	
webspherelab	main	tree	supplemental/exampledata/twas/collector/unpacked/f29061ea7da5/root/opt/IBM/WebSphere/AppServer/profiles/AppSrv01/config/cells/DefaultCell01/cus/RESTAPIDocs	
webspherelab	main	tree	supplemental/exampledata/twas/collector/unpacked/f29061ea7da5/root/opt/IBM/WebSphere/AppServer/profiles/AppSrv01/config/cells/DefaultCell01/cus/RESTAPIDocs/cver	
webspherelab	main	tree	supplemental/exampledata/twas/collector/unpacked/f29061ea7da5/root/opt/IBM/WebSphere/AppServer/profiles/AppSrv01/config/cells/DefaultCell01/cus/RESTAPIDocs/cver/BASE	
webspherelab	main	blob	supplemental/exampledata/twas/collector/unpacked/f29061ea7da5/root/opt/IBM/WebSphere/AppServer/profiles/AppSrv01/config/cells/DefaultCell01/cus/RESTAPIDocs/cver/BASE/controlOpDefs.xml	55
webspherelab	main	blob	supplemental/exampledata/twas/collector/unpacked/f29061ea7da5/root/opt/IBM/WebSphere/AppServer/profiles/AppSrv01/config/cells/DefaultCell01/cus/RESTAPIDocs/cver/BASE/cu-ref.xml	171
webspherelab	main	blob	supplemental/exampledata/twas/collector/unpacked/f29061ea7da5/root/opt/IBM/WebSphere/AppServer/profiles/AppSrv01/config/cells/DefaultCell01/cus/RESTAPIDocs/cver/BASE/cu.xml	214
webspherelab	main	tree	supplemental/exampledata/twas/collector/unpacked/f29061ea7da5/root/opt/IBM/WebSphere/AppServer/profiles/AppSrv01/config/cells/DefaultCell01/cus/SwaggerUI	
webspherelab	main	tree	supplemental/exampledata/twas/collector/unpacked/f29061ea7da5/root/opt/IBM/WebSphere/AppServer/profiles/AppSrv01/config/cells/DefaultCell01/cus/SwaggerUI/cver	
webspherelab	main	tree	supplemental/exampledata/twas/collector/unpacked/f29061ea7da5/root/opt/IBM/WebSphere/AppServer/profiles/AppSrv01/config/cells/DefaultCell01/cus/SwaggerUI/cver/BASE	
webspherelab	main	blob	supplemental/exampledata/twas/collector/unpacked/f29061ea7da5/root/opt/IBM/WebSphere/AppServer/profiles/AppSrv01/config/cells/DefaultCell01/cus/SwaggerUI/cver/BASE/controlOpDefs.xml	55
webspherelab	main	blob	supplemental/exampledata/twas/collector/unpacked/f29061ea7da5/root/opt/IBM/WebSphere/AppServer/profiles/AppSrv01/config/cells/DefaultCell01/cus/SwaggerUI/cver/BASE/cu-ref.xml	169
webspherelab	main	blob	supplemental/exampledata/twas/collector/unpacked/f29061ea7da5/root/opt/IBM/WebSphere/AppServer/profiles/AppSrv01/config/cells/DefaultCell01/cus/SwaggerUI/cver/BASE/cu.xml	212
webspherelab	main	tree	supplemental/exampledata/twas/collector/unpacked/f29061ea7da5/root/opt/IBM/WebSphere/AppServer/profiles/AppSrv01/config/cells/DefaultCell01/cus/WebSphereWSDM	
webspherelab	main	tree	supplemental/exampledata/twas/collector/unpacked/f29061ea7da5/root/opt/IBM/WebSphere/AppServer/profiles/AppSrv01/config/cells/DefaultCell01/cus/WebSphereWSDM/cver	
webspherelab	main	tree	supplemental/exampledata/twas/collector/unpacked/f29061ea7da5/root/opt/IBM/WebSphere/AppServer/profiles/AppSrv01/config/cells/DefaultCell01/cus/WebSphereWSDM/cver/BASE	
webspherelab	main	blob	supplemental/exampledata/twas/collector/unpacked/f29061ea7da5/root/opt/IBM/WebSphere/AppServer/profiles/AppSrv01/config/cells/DefaultCell01/cus/WebSphereWSDM/cver/BASE/controlOpDefs.xml	55
webspherelab	main	blob	supplemental/exampledata/twas/collector/unpacked/f29061ea7da5/root/opt/IBM/WebSphere/AppServer/profiles/AppSrv01/config/cells/DefaultCell01/cus/WebSphereWSDM/cver/BASE/cu-ref.xml	173
webspherelab	main	blob	supplemental/exampledata/twas/collector/unpacked/f29061ea7da5/root/opt/IBM/WebSphere/AppServer/profiles/AppSrv01/config/cells/DefaultCell01/cus/WebSphereWSDM/cver/BASE/cu.xml	216
webspherelab	main	tree	supplemental/exampledata/twas/collector/unpacked/f29061ea7da5/root/opt/IBM/WebSphere/AppServer/profiles/AppSrv01/config/cells/DefaultCell01/cus/ibmasyncrsp	
webspherelab	main	tree	supplemental/exampledata/twas/collector/unpacked/f29061ea7da5/root/opt/IBM/WebSphere/AppServer/profiles/AppSrv01/config/cells/DefaultCell01/cus/ibmasyncrsp/cver	
webspherelab	main	tree	supplemental/exampledata/twas/collector/unpacked/f29061ea7da5/root/opt/IBM/WebSphere/AppServer/profiles/AppSrv01/config/cells/DefaultCell01/cus/ibmasyncrsp/cver/BASE	
webspherelab	main	blob	supplemental/exampledata/twas/collector/unpacked/f29061ea7da5/root/opt/IBM/WebSphere/AppServer/profiles/AppSrv01/config/cells/DefaultCell01/cus/ibmasyncrsp/cver/BASE/controlOpDefs.xml	55
webspherelab	main	blob	supplemental/exampledata/twas/collector/unpacked/f29061ea7da5/root/opt/IBM/WebSphere/AppServer/profiles/AppSrv01/config/cells/DefaultCell01/cus/ibmasyncrsp/cver/BASE/cu-ref.xml	171
webspherelab	main	blob	supplemental/exampledata/twas/collector/unpacked/f29061ea7da5/root/opt/IBM/WebSphere/AppServer/profiles/AppSrv01/config/cells/DefaultCell01/cus/ibmasyncrsp/cver/BASE/cu.xml	214
webspherelab	main	tree	supplemental/exampledata/twas/collector/unpacked/f29061ea7da5/root/opt/IBM/WebSphere/AppServer/profiles/AppSrv01/config/cells/DefaultCell01/cus/isclite	
webspherelab	main	tree	supplemental/exampledata/twas/collector/unpacked/f29061ea7da5/root/opt/IBM/WebSphere/AppServer/profiles/AppSrv01/config/cells/DefaultCell01/cus/isclite/cver	
webspherelab	main	tree	supplemental/exampledata/twas/collector/unpacked/f29061ea7da5/root/opt/IBM/WebSphere/AppServer/profiles/AppSrv01/config/cells/DefaultCell01/cus/isclite/cver/BASE	
webspherelab	main	blob	supplemental/exampledata/twas/collector/unpacked/f29061ea7da5/root/opt/IBM/WebSphere/AppServer/profiles/AppSrv01/config/cells/DefaultCell01/cus/isclite/cver/BASE/controlOpDefs.xml	55
webspherelab	main	blob	supplemental/exampledata/twas/collector/unpacked/f29061ea7da5/root/opt/IBM/WebSphere/AppServer/profiles/AppSrv01/config/cells/DefaultCell01/cus/isclite/cver/BASE/cu-ref.xml	167
webspherelab	main	blob	supplemental/exampledata/twas/collector/unpacked/f29061ea7da5/root/opt/IBM/WebSphere/AppServer/profiles/AppSrv01/config/cells/DefaultCell01/cus/isclite/cver/BASE/cu.xml	210
webspherelab	main	tree	supplemental/exampledata/twas/collector/unpacked/f29061ea7da5/root/opt/IBM/WebSphere/AppServer/profiles/AppSrv01/config/cells/DefaultCell01/cus/query	
webspherelab	main	tree	supplemental/exampledata/twas/collector/unpacked/f29061ea7da5/root/opt/IBM/WebSphere/AppServer/profiles/AppSrv01/config/cells/DefaultCell01/cus/query/cver	
webspherelab	main	tree	supplemental/exampledata/twas/collector/unpacked/f29061ea7da5/root/opt/IBM/WebSphere/AppServer/profiles/AppSrv01/config/cells/DefaultCell01/cus/query/cver/BASE	
webspherelab	main	blob	supplemental/exampledata/twas/collector/unpacked/f29061ea7da5/root/opt/IBM/WebSphere/AppServer/profiles/AppSrv01/config/cells/DefaultCell01/cus/query/cver/BASE/controlOpDefs.xml	55
webspherelab	main	blob	supplemental/exampledata/twas/collector/unpacked/f29061ea7da5/root/opt/IBM/WebSphere/AppServer/profiles/AppSrv01/config/cells/DefaultCell01/cus/query/cver/BASE/cu-ref.xml	165
webspherelab	main	blob	supplemental/exampledata/twas/collector/unpacked/f29061ea7da5/root/opt/IBM/WebSphere/AppServer/profiles/AppSrv01/config/cells/DefaultCell01/cus/query/cver/BASE/cu.xml	208
webspherelab	main	blob	supplemental/exampledata/twas/collector/unpacked/f29061ea7da5/root/opt/IBM/WebSphere/AppServer/profiles/AppSrv01/config/cells/DefaultCell01/fileRegistry.xml	1085
webspherelab	main	blob	supplemental/exampledata/twas/collector/unpacked/f29061ea7da5/root/opt/IBM/WebSphere/AppServer/profiles/AppSrv01/config/cells/DefaultCell01/filter.policy	1854
webspherelab	main	tree	supplemental/exampledata/twas/collector/unpacked/f29061ea7da5/root/opt/IBM/WebSphere/AppServer/profiles/AppSrv01/config/cells/DefaultCell01/gridclassification	
webspherelab	main	tree	supplemental/exampledata/twas/collector/unpacked/f29061ea7da5/root/opt/IBM/WebSphere/AppServer/profiles/AppSrv01/config/cells/DefaultCell01/gridclassification/Default_Rules	
webspherelab	main	blob	supplemental/exampledata/twas/collector/unpacked/f29061ea7da5/root/opt/IBM/WebSphere/AppServer/profiles/AppSrv01/config/cells/DefaultCell01/gridclassification/Default_Rules/gridclassrules.xml	476
webspherelab	main	tree	supplemental/exampledata/twas/collector/unpacked/f29061ea7da5/root/opt/IBM/WebSphere/AppServer/profiles/AppSrv01/config/cells/DefaultCell01/gridjobclasses	
webspherelab	main	tree	supplemental/exampledata/twas/collector/unpacked/f29061ea7da5/root/opt/IBM/WebSphere/AppServer/profiles/AppSrv01/config/cells/DefaultCell01/gridjobclasses/Default	
webspherelab	main	blob	supplemental/exampledata/twas/collector/unpacked/f29061ea7da5/root/opt/IBM/WebSphere/AppServer/profiles/AppSrv01/config/cells/DefaultCell01/gridjobclasses/Default/jobclass.xml	537
webspherelab	main	blob	supplemental/exampledata/twas/collector/unpacked/f29061ea7da5/root/opt/IBM/WebSphere/AppServer/profiles/AppSrv01/config/cells/DefaultCell01/gridscheduler.xml	251
webspherelab	main	blob	supplemental/exampledata/twas/collector/unpacked/f29061ea7da5/root/opt/IBM/WebSphere/AppServer/profiles/AppSrv01/config/cells/DefaultCell01/jvms.xml	270
webspherelab	main	blob	supplemental/exampledata/twas/collector/unpacked/f29061ea7da5/root/opt/IBM/WebSphere/AppServer/profiles/AppSrv01/config/cells/DefaultCell01/multibroker.xml	414
webspherelab	main	blob	supplemental/exampledata/twas/collector/unpacked/f29061ea7da5/root/opt/IBM/WebSphere/AppServer/profiles/AppSrv01/config/cells/DefaultCell01/namestore.xml	344
webspherelab	main	blob	supplemental/exampledata/twas/collector/unpacked/f29061ea7da5/root/opt/IBM/WebSphere/AppServer/profiles/AppSrv01/config/cells/DefaultCell01/naming-authz.xml	1496
webspherelab	main	tree	supplemental/exampledata/twas/collector/unpacked/f29061ea7da5/root/opt/IBM/WebSphere/AppServer/profiles/AppSrv01/config/cells/DefaultCell01/nodegroups	
webspherelab	main	tree	supplemental/exampledata/twas/collector/unpacked/f29061ea7da5/root/opt/IBM/WebSphere/AppServer/profiles/AppSrv01/config/cells/DefaultCell01/nodegroups/DefaultNodeGroup	
webspherelab	main	blob	supplemental/exampledata/twas/collector/unpacked/f29061ea7da5/root/opt/IBM/WebSphere/AppServer/profiles/AppSrv01/config/cells/DefaultCell01/nodegroups/DefaultNodeGroup/nodegroup.xml	435
webspherelab	main	tree	supplemental/exampledata/twas/collector/unpacked/f29061ea7da5/root/opt/IBM/WebSphere/AppServer/profiles/AppSrv01/config/cells/DefaultCell01/nodes	
webspherelab	main	tree	supplemental/exampledata/twas/collector/unpacked/f29061ea7da5/root/opt/IBM/WebSphere/AppServer/profiles/AppSrv01/config/cells/DefaultCell01/nodes/DefaultNode01	
webspherelab	main	blob	supplemental/exampledata/twas/collector/unpacked/f29061ea7da5/root/opt/IBM/WebSphere/AppServer/profiles/AppSrv01/config/cells/DefaultCell01/nodes/DefaultNode01/app.policy	1715
webspherelab	main	blob	supplemental/exampledata/twas/collector/unpacked/f29061ea7da5/root/opt/IBM/WebSphere/AppServer/profiles/AppSrv01/config/cells/DefaultCell01/nodes/DefaultNode01/installed-channels.xml	221
webspherelab	main	blob	supplemental/exampledata/twas/collector/unpacked/f29061ea7da5/root/opt/IBM/WebSphere/AppServer/profiles/AppSrv01/config/cells/DefaultCell01/nodes/DefaultNode01/library.policy	399
webspherelab	main	blob	supplemental/exampledata/twas/collector/unpacked/f29061ea7da5/root/opt/IBM/WebSphere/AppServer/profiles/AppSrv01/config/cells/DefaultCell01/nodes/DefaultNode01/namestore.xml	344
webspherelab	main	blob	supplemental/exampledata/twas/collector/unpacked/f29061ea7da5/root/opt/IBM/WebSphere/AppServer/profiles/AppSrv01/config/cells/DefaultCell01/nodes/DefaultNode01/node-metadata.properties	1376
webspherelab	main	blob	supplemental/exampledata/twas/collector/unpacked/f29061ea7da5/root/opt/IBM/WebSphere/AppServer/profiles/AppSrv01/config/cells/DefaultCell01/nodes/DefaultNode01/node.xml	242
webspherelab	main	blob	supplemental/exampledata/twas/collector/unpacked/f29061ea7da5/root/opt/IBM/WebSphere/AppServer/profiles/AppSrv01/config/cells/DefaultCell01/nodes/DefaultNode01/perftuners.xml	28687
webspherelab	main	blob	supplemental/exampledata/twas/collector/unpacked/f29061ea7da5/root/opt/IBM/WebSphere/AppServer/profiles/AppSrv01/config/cells/DefaultCell01/nodes/DefaultNode01/resources-pme.xml	2648
webspherelab	main	blob	supplemental/exampledata/twas/collector/unpacked/f29061ea7da5/root/opt/IBM/WebSphere/AppServer/profiles/AppSrv01/config/cells/DefaultCell01/nodes/DefaultNode01/resources-pme502.xml	323
webspherelab	main	blob	supplemental/exampledata/twas/collector/unpacked/f29061ea7da5/root/opt/IBM/WebSphere/AppServer/profiles/AppSrv01/config/cells/DefaultCell01/nodes/DefaultNode01/resources.xml	54998
webspherelab	main	blob	supplemental/exampledata/twas/collector/unpacked/f29061ea7da5/root/opt/IBM/WebSphere/AppServer/profiles/AppSrv01/config/cells/DefaultCell01/nodes/DefaultNode01/serverindex.xml	4868
webspherelab	main	tree	supplemental/exampledata/twas/collector/unpacked/f29061ea7da5/root/opt/IBM/WebSphere/AppServer/profiles/AppSrv01/config/cells/DefaultCell01/nodes/DefaultNode01/servers	
webspherelab	main	tree	supplemental/exampledata/twas/collector/unpacked/f29061ea7da5/root/opt/IBM/WebSphere/AppServer/profiles/AppSrv01/config/cells/DefaultCell01/nodes/DefaultNode01/servers/server1	
webspherelab	main	blob	supplemental/exampledata/twas/collector/unpacked/f29061ea7da5/root/opt/IBM/WebSphere/AppServer/profiles/AppSrv01/config/cells/DefaultCell01/nodes/DefaultNode01/servers/server1/extensionregistry.properties	138
webspherelab	main	blob	supplemental/exampledata/twas/collector/unpacked/f29061ea7da5/root/opt/IBM/WebSphere/AppServer/profiles/AppSrv01/config/cells/DefaultCell01/nodes/DefaultNode01/servers/server1/hamanagerservice.xml	627
webspherelab	main	blob	supplemental/exampledata/twas/collector/unpacked/f29061ea7da5/root/opt/IBM/WebSphere/AppServer/profiles/AppSrv01/config/cells/DefaultCell01/nodes/DefaultNode01/servers/server1/hpelModel.xml	580
webspherelab	main	blob	supplemental/exampledata/twas/collector/unpacked/f29061ea7da5/root/opt/IBM/WebSphere/AppServer/profiles/AppSrv01/config/cells/DefaultCell01/nodes/DefaultNode01/servers/server1/namestore-cell.xml	344
webspherelab	main	blob	supplemental/exampledata/twas/collector/unpacked/f29061ea7da5/root/opt/IBM/WebSphere/AppServer/profiles/AppSrv01/config/cells/DefaultCell01/nodes/DefaultNode01/servers/server1/namestore-node.xml	344
webspherelab	main	blob	supplemental/exampledata/twas/collector/unpacked/f29061ea7da5/root/opt/IBM/WebSphere/AppServer/profiles/AppSrv01/config/cells/DefaultCell01/nodes/DefaultNode01/servers/server1/pmi-config.xml	8920
webspherelab	main	blob	supplemental/exampledata/twas/collector/unpacked/f29061ea7da5/root/opt/IBM/WebSphere/AppServer/profiles/AppSrv01/config/cells/DefaultCell01/nodes/DefaultNode01/servers/server1/resources-pme.xml	2117
webspherelab	main	blob	supplemental/exampledata/twas/collector/unpacked/f29061ea7da5/root/opt/IBM/WebSphere/AppServer/profiles/AppSrv01/config/cells/DefaultCell01/nodes/DefaultNode01/servers/server1/resources-pme502.xml	323
webspherelab	main	blob	supplemental/exampledata/twas/collector/unpacked/f29061ea7da5/root/opt/IBM/WebSphere/AppServer/profiles/AppSrv01/config/cells/DefaultCell01/nodes/DefaultNode01/servers/server1/resources.xml	57399
webspherelab	main	blob	supplemental/exampledata/twas/collector/unpacked/f29061ea7da5/root/opt/IBM/WebSphere/AppServer/profiles/AppSrv01/config/cells/DefaultCell01/nodes/DefaultNode01/servers/server1/server-pme.xml	2029
webspherelab	main	blob	supplemental/exampledata/twas/collector/unpacked/f29061ea7da5/root/opt/IBM/WebSphere/AppServer/profiles/AppSrv01/config/cells/DefaultCell01/nodes/DefaultNode01/servers/server1/server-pme51.xml	499
webspherelab	main	blob	supplemental/exampledata/twas/collector/unpacked/f29061ea7da5/root/opt/IBM/WebSphere/AppServer/profiles/AppSrv01/config/cells/DefaultCell01/nodes/DefaultNode01/servers/server1/server-xd-zos.xsl	2139
webspherelab	main	blob	supplemental/exampledata/twas/collector/unpacked/f29061ea7da5/root/opt/IBM/WebSphere/AppServer/profiles/AppSrv01/config/cells/DefaultCell01/nodes/DefaultNode01/servers/server1/server-xd.xsl	2153
webspherelab	main	blob	supplemental/exampledata/twas/collector/unpacked/f29061ea7da5/root/opt/IBM/WebSphere/AppServer/profiles/AppSrv01/config/cells/DefaultCell01/nodes/DefaultNode01/servers/server1/server.xml	34247
webspherelab	main	blob	supplemental/exampledata/twas/collector/unpacked/f29061ea7da5/root/opt/IBM/WebSphere/AppServer/profiles/AppSrv01/config/cells/DefaultCell01/nodes/DefaultNode01/servers/server1/sib-service.xml	236
webspherelab	main	blob	supplemental/exampledata/twas/collector/unpacked/f29061ea7da5/root/opt/IBM/WebSphere/AppServer/profiles/AppSrv01/config/cells/DefaultCell01/nodes/DefaultNode01/servers/server1/sip_dar.properties	150
webspherelab	main	blob	supplemental/exampledata/twas/collector/unpacked/f29061ea7da5/root/opt/IBM/WebSphere/AppServer/profiles/AppSrv01/config/cells/DefaultCell01/nodes/DefaultNode01/servers/server1/variables.xml	580
webspherelab	main	blob	supplemental/exampledata/twas/collector/unpacked/f29061ea7da5/root/opt/IBM/WebSphere/AppServer/profiles/AppSrv01/config/cells/DefaultCell01/nodes/DefaultNode01/servers/server1/ws-security.xml	16106
webspherelab	main	blob	supplemental/exampledata/twas/collector/unpacked/f29061ea7da5/root/opt/IBM/WebSphere/AppServer/profiles/AppSrv01/config/cells/DefaultCell01/nodes/DefaultNode01/spi.policy	427
webspherelab	main	blob	supplemental/exampledata/twas/collector/unpacked/f29061ea7da5/root/opt/IBM/WebSphere/AppServer/profiles/AppSrv01/config/cells/DefaultCell01/nodes/DefaultNode01/systemapps.xml	725
webspherelab	main	blob	supplemental/exampledata/twas/collector/unpacked/f29061ea7da5/root/opt/IBM/WebSphere/AppServer/profiles/AppSrv01/config/cells/DefaultCell01/nodes/DefaultNode01/variables.xml	7977
webspherelab	main	blob	supplemental/exampledata/twas/collector/unpacked/f29061ea7da5/root/opt/IBM/WebSphere/AppServer/profiles/AppSrv01/config/cells/DefaultCell01/pmirm.xml	2414
webspherelab	main	blob	supplemental/exampledata/twas/collector/unpacked/f29061ea7da5/root/opt/IBM/WebSphere/AppServer/profiles/AppSrv01/config/cells/DefaultCell01/product-info.xml	1752
webspherelab	main	blob	supplemental/exampledata/twas/collector/unpacked/f29061ea7da5/root/opt/IBM/WebSphere/AppServer/profiles/AppSrv01/config/cells/DefaultCell01/ras.rawtracelist.properties	2034
webspherelab	main	tree	supplemental/exampledata/twas/collector/unpacked/f29061ea7da5/root/opt/IBM/WebSphere/AppServer/profiles/AppSrv01/config/cells/DefaultCell01/repository	
webspherelab	main	blob	supplemental/exampledata/twas/collector/unpacked/f29061ea7da5/root/opt/IBM/WebSphere/AppServer/profiles/AppSrv01/config/cells/DefaultCell01/repository/repository.xml	359
webspherelab	main	blob	supplemental/exampledata/twas/collector/unpacked/f29061ea7da5/root/opt/IBM/WebSphere/AppServer/profiles/AppSrv01/config/cells/DefaultCell01/resources-pme.xml	2117
webspherelab	main	blob	supplemental/exampledata/twas/collector/unpacked/f29061ea7da5/root/opt/IBM/WebSphere/AppServer/profiles/AppSrv01/config/cells/DefaultCell01/resources-pme502.xml	323
webspherelab	main	blob	supplemental/exampledata/twas/collector/unpacked/f29061ea7da5/root/opt/IBM/WebSphere/AppServer/profiles/AppSrv01/config/cells/DefaultCell01/resources.xml	62177
webspherelab	main	blob	supplemental/exampledata/twas/collector/unpacked/f29061ea7da5/root/opt/IBM/WebSphere/AppServer/profiles/AppSrv01/config/cells/DefaultCell01/security.xml	43500
webspherelab	main	tree	supplemental/exampledata/twas/collector/unpacked/f29061ea7da5/root/opt/IBM/WebSphere/AppServer/profiles/AppSrv01/config/cells/DefaultCell01/sts	
webspherelab	main	blob	supplemental/exampledata/twas/collector/unpacked/f29061ea7da5/root/opt/IBM/WebSphere/AppServer/profiles/AppSrv01/config/cells/DefaultCell01/sts/SAMLIssuerConfig.properties	409
webspherelab	main	tree	supplemental/exampledata/twas/collector/unpacked/f29061ea7da5/root/opt/IBM/WebSphere/AppServer/profiles/AppSrv01/config/cells/DefaultCell01/sts/policy	
webspherelab	main	tree	supplemental/exampledata/twas/collector/unpacked/f29061ea7da5/root/opt/IBM/WebSphere/AppServer/profiles/AppSrv01/config/cells/DefaultCell01/sts/policy/TrustServiceSecurityDefault	
webspherelab	main	tree	supplemental/exampledata/twas/collector/unpacked/f29061ea7da5/root/opt/IBM/WebSphere/AppServer/profiles/AppSrv01/config/cells/DefaultCell01/sts/policy/TrustServiceSecurityDefault/PolicyTypes	
webspherelab	main	tree	supplemental/exampledata/twas/collector/unpacked/f29061ea7da5/root/opt/IBM/WebSphere/AppServer/profiles/AppSrv01/config/cells/DefaultCell01/sts/policy/TrustServiceSecurityDefault/PolicyTypes/WSSecurity	
webspherelab	main	blob	supplemental/exampledata/twas/collector/unpacked/f29061ea7da5/root/opt/IBM/WebSphere/AppServer/profiles/AppSrv01/config/cells/DefaultCell01/sts/policy/TrustServiceSecurityDefault/PolicyTypes/WSSecurity/bindings.xml	5339
webspherelab	main	blob	supplemental/exampledata/twas/collector/unpacked/f29061ea7da5/root/opt/IBM/WebSphere/AppServer/profiles/AppSrv01/config/cells/DefaultCell01/sts/policy/TrustServiceSecurityDefault/bindingDefinition.xml	296
webspherelab	main	tree	supplemental/exampledata/twas/collector/unpacked/f29061ea7da5/root/opt/IBM/WebSphere/AppServer/profiles/AppSrv01/config/cells/DefaultCell01/sts/policy/TrustServiceSymmetricDefault	
webspherelab	main	tree	supplemental/exampledata/twas/collector/unpacked/f29061ea7da5/root/opt/IBM/WebSphere/AppServer/profiles/AppSrv01/config/cells/DefaultCell01/sts/policy/TrustServiceSymmetricDefault/PolicyTypes	
webspherelab	main	tree	supplemental/exampledata/twas/collector/unpacked/f29061ea7da5/root/opt/IBM/WebSphere/AppServer/profiles/AppSrv01/config/cells/DefaultCell01/sts/policy/TrustServiceSymmetricDefault/PolicyTypes/WSSecurity	
webspherelab	main	blob	supplemental/exampledata/twas/collector/unpacked/f29061ea7da5/root/opt/IBM/WebSphere/AppServer/profiles/AppSrv01/config/cells/DefaultCell01/sts/policy/TrustServiceSymmetricDefault/PolicyTypes/WSSecurity/bindings.xml	3534
webspherelab	main	blob	supplemental/exampledata/twas/collector/unpacked/f29061ea7da5/root/opt/IBM/WebSphere/AppServer/profiles/AppSrv01/config/cells/DefaultCell01/sts/policy/TrustServiceSymmetricDefault/bindingDefinition.xml	306
webspherelab	main	blob	supplemental/exampledata/twas/collector/unpacked/f29061ea7da5/root/opt/IBM/WebSphere/AppServer/profiles/AppSrv01/config/cells/DefaultCell01/sts/policy/policyAttachments.xml	1351
webspherelab	main	blob	supplemental/exampledata/twas/collector/unpacked/f29061ea7da5/root/opt/IBM/WebSphere/AppServer/profiles/AppSrv01/config/cells/DefaultCell01/sts/stsconfig.xml	32057
webspherelab	main	blob	supplemental/exampledata/twas/collector/unpacked/f29061ea7da5/root/opt/IBM/WebSphere/AppServer/profiles/AppSrv01/config/cells/DefaultCell01/sts/stsplugins.xml	1054
webspherelab	main	blob	supplemental/exampledata/twas/collector/unpacked/f29061ea7da5/root/opt/IBM/WebSphere/AppServer/profiles/AppSrv01/config/cells/DefaultCell01/sts/ststargets.xml	266
webspherelab	main	blob	supplemental/exampledata/twas/collector/unpacked/f29061ea7da5/root/opt/IBM/WebSphere/AppServer/profiles/AppSrv01/config/cells/DefaultCell01/variables.xml	831
webspherelab	main	blob	supplemental/exampledata/twas/collector/unpacked/f29061ea7da5/root/opt/IBM/WebSphere/AppServer/profiles/AppSrv01/config/cells/DefaultCell01/virtualhosts.xml	176535
webspherelab	main	tree	supplemental/exampledata/twas/collector/unpacked/f29061ea7da5/root/opt/IBM/WebSphere/AppServer/profiles/AppSrv01/config/cells/DefaultCell01/wim	
webspherelab	main	tree	supplemental/exampledata/twas/collector/unpacked/f29061ea7da5/root/opt/IBM/WebSphere/AppServer/profiles/AppSrv01/config/cells/DefaultCell01/wim/config	
webspherelab	main	tree	supplemental/exampledata/twas/collector/unpacked/f29061ea7da5/root/opt/IBM/WebSphere/AppServer/profiles/AppSrv01/config/cells/DefaultCell01/wim/config/authz	
webspherelab	main	blob	supplemental/exampledata/twas/collector/unpacked/f29061ea7da5/root/opt/IBM/WebSphere/AppServer/profiles/AppSrv01/config/cells/DefaultCell01/wim/config/authz/access_control-xacml-2.0-context-schema-os.xsd	5675
webspherelab	main	blob	supplemental/exampledata/twas/collector/unpacked/f29061ea7da5/root/opt/IBM/WebSphere/AppServer/profiles/AppSrv01/config/cells/DefaultCell01/wim/config/authz/access_control-xacml-2.0-policy-schema-os.xsd	14850
webspherelab	main	blob	supplemental/exampledata/twas/collector/unpacked/f29061ea7da5/root/opt/IBM/WebSphere/AppServer/profiles/AppSrv01/config/cells/DefaultCell01/wim/config/authz/commonauthz.properties	5653
webspherelab	main	blob	supplemental/exampledata/twas/collector/unpacked/f29061ea7da5/root/opt/IBM/WebSphere/AppServer/profiles/AppSrv01/config/cells/DefaultCell01/wim/config/authz/config.xml	3440
webspherelab	main	blob	supplemental/exampledata/twas/collector/unpacked/f29061ea7da5/root/opt/IBM/WebSphere/AppServer/profiles/AppSrv01/config/cells/DefaultCell01/wim/config/authz/wim-policy.xml	10499
webspherelab	main	blob	supplemental/exampledata/twas/collector/unpacked/f29061ea7da5/root/opt/IBM/WebSphere/AppServer/profiles/AppSrv01/config/cells/DefaultCell01/wim/config/authz/wim-rolemapping.xml	4940
webspherelab	main	blob	supplemental/exampledata/twas/collector/unpacked/f29061ea7da5/root/opt/IBM/WebSphere/AppServer/profiles/AppSrv01/config/cells/DefaultCell01/wim/config/authz/wim.xmt	801
webspherelab	main	blob	supplemental/exampledata/twas/collector/unpacked/f29061ea7da5/root/opt/IBM/WebSphere/AppServer/profiles/AppSrv01/config/cells/DefaultCell01/wim/config/wimconfig.xml	12281
webspherelab	main	tree	supplemental/exampledata/twas/collector/unpacked/f29061ea7da5/root/opt/IBM/WebSphere/AppServer/profiles/AppSrv01/config/cells/DefaultCell01/wim/model	
webspherelab	main	blob	supplemental/exampledata/twas/collector/unpacked/f29061ea7da5/root/opt/IBM/WebSphere/AppServer/profiles/AppSrv01/config/cells/DefaultCell01/wim/model/wimdatagraph.xsd	12790
webspherelab	main	blob	supplemental/exampledata/twas/collector/unpacked/f29061ea7da5/root/opt/IBM/WebSphere/AppServer/profiles/AppSrv01/config/cells/DefaultCell01/wim/model/wimdomain.xsd	15707
webspherelab	main	blob	supplemental/exampledata/twas/collector/unpacked/f29061ea7da5/root/opt/IBM/WebSphere/AppServer/profiles/AppSrv01/config/cells/DefaultCell01/wim/model/wimextension.xsd	1642
webspherelab	main	blob	supplemental/exampledata/twas/collector/unpacked/f29061ea7da5/root/opt/IBM/WebSphere/AppServer/profiles/AppSrv01/config/cells/DefaultCell01/wim/model/wimschema.xsd	4321
webspherelab	main	blob	supplemental/exampledata/twas/collector/unpacked/f29061ea7da5/root/opt/IBM/WebSphere/AppServer/profiles/AppSrv01/config/cells/DefaultCell01/wim/model/xml.xsd	5829
webspherelab	main	tree	supplemental/exampledata/twas/collector/unpacked/f29061ea7da5/root/opt/IBM/WebSphere/AppServer/profiles/AppSrv01/config/waspolicies	
webspherelab	main	tree	supplemental/exampledata/twas/collector/unpacked/f29061ea7da5/root/opt/IBM/WebSphere/AppServer/profiles/AppSrv01/config/waspolicies/default	
webspherelab	main	blob	supplemental/exampledata/twas/collector/unpacked/f29061ea7da5/root/opt/IBM/WebSphere/AppServer/profiles/AppSrv01/config/waspolicies/default/policy.xml	245
webspherelab	main	tree	supplemental/exampledata/twas/collector/unpacked/f29061ea7da5/root/opt/IBM/WebSphere/AppServer/profiles/AppSrv01/configuration	
webspherelab	main	blob	supplemental/exampledata/twas/collector/unpacked/f29061ea7da5/root/opt/IBM/WebSphere/AppServer/profiles/AppSrv01/configuration/.configAreaProperties	103
webspherelab	main	blob	supplemental/exampledata/twas/collector/unpacked/f29061ea7da5/root/opt/IBM/WebSphere/AppServer/profiles/AppSrv01/configuration/.lastTouched	0
webspherelab	main	tree	supplemental/exampledata/twas/collector/unpacked/f29061ea7da5/root/opt/IBM/WebSphere/AppServer/profiles/AppSrv01/logs	
webspherelab	main	blob	supplemental/exampledata/twas/collector/unpacked/f29061ea7da5/root/opt/IBM/WebSphere/AppServer/profiles/AppSrv01/logs/AboutThisProfile.txt	595
webspherelab	main	blob	supplemental/exampledata/twas/collector/unpacked/f29061ea7da5/root/opt/IBM/WebSphere/AppServer/profiles/AppSrv01/logs/iscinstall.log	56
webspherelab	main	tree	supplemental/exampledata/twas/collector/unpacked/f29061ea7da5/root/opt/IBM/WebSphere/AppServer/profiles/AppSrv01/logs/server1	
webspherelab	main	blob	supplemental/exampledata/twas/collector/unpacked/f29061ea7da5/root/opt/IBM/WebSphere/AppServer/profiles/AppSrv01/logs/server1/SystemErr.log	2010
webspherelab	main	blob	supplemental/exampledata/twas/collector/unpacked/f29061ea7da5/root/opt/IBM/WebSphere/AppServer/profiles/AppSrv01/logs/server1/SystemErr.log.owner	35
webspherelab	main	blob	supplemental/exampledata/twas/collector/unpacked/f29061ea7da5/root/opt/IBM/WebSphere/AppServer/profiles/AppSrv01/logs/server1/SystemOut.log	40313
webspherelab	main	blob	supplemental/exampledata/twas/collector/unpacked/f29061ea7da5/root/opt/IBM/WebSphere/AppServer/profiles/AppSrv01/logs/server1/SystemOut.log.owner	35
webspherelab	main	blob	supplemental/exampledata/twas/collector/unpacked/f29061ea7da5/root/opt/IBM/WebSphere/AppServer/profiles/AppSrv01/logs/server1/native_stderr.log	2250
webspherelab	main	blob	supplemental/exampledata/twas/collector/unpacked/f29061ea7da5/root/opt/IBM/WebSphere/AppServer/profiles/AppSrv01/logs/server1/native_stdout.log	2302
webspherelab	main	blob	supplemental/exampledata/twas/collector/unpacked/f29061ea7da5/root/opt/IBM/WebSphere/AppServer/profiles/AppSrv01/logs/server1/server1.pid	3
webspherelab	main	blob	supplemental/exampledata/twas/collector/unpacked/f29061ea7da5/root/opt/IBM/WebSphere/AppServer/profiles/AppSrv01/logs/server1/startServer.log	2764
webspherelab	main	blob	supplemental/exampledata/twas/collector/unpacked/f29061ea7da5/root/opt/IBM/WebSphere/AppServer/profiles/AppSrv01/logs/server1/verbosegc.001.log	341615
webspherelab	main	tree	supplemental/exampledata/twas/collector/unpacked/f29061ea7da5/root/opt/IBM/WebSphere/AppServer/profiles/AppSrv01/logs/service	
webspherelab	main	tree	supplemental/exampledata/twas/collector/unpacked/f29061ea7da5/root/opt/IBM/WebSphere/AppServer/profiles/AppSrv01/logs/service/productDir	
webspherelab	main	tree	supplemental/exampledata/twas/collector/unpacked/f29061ea7da5/root/opt/IBM/WebSphere/AppServer/profiles/AppSrv01/logs/service/productDir/PostConfigActions	
webspherelab	main	blob	supplemental/exampledata/twas/collector/unpacked/f29061ea7da5/root/opt/IBM/WebSphere/AppServer/profiles/AppSrv01/logs/service/productDir/PostConfigActions/postinstall.log	3792
webspherelab	main	blob	supplemental/exampledata/twas/collector/unpacked/f29061ea7da5/root/opt/IBM/WebSphere/AppServer/profiles/AppSrv01/logs/service/productDir/PostConfigActions/postinstallerConfigActions1767800864692.log	76341
webspherelab	main	tree	supplemental/exampledata/twas/collector/unpacked/f29061ea7da5/root/opt/IBM/WebSphere/AppServer/profiles/AppSrv01/logs/service/productDir/PreConfigActions	
webspherelab	main	blob	supplemental/exampledata/twas/collector/unpacked/f29061ea7da5/root/opt/IBM/WebSphere/AppServer/profiles/AppSrv01/logs/service/productDir/PreConfigActions/postinstall.log	3800
webspherelab	main	blob	supplemental/exampledata/twas/collector/unpacked/f29061ea7da5/root/opt/IBM/WebSphere/AppServer/profiles/AppSrv01/logs/service/productDir/PreConfigActions/postinstallerConfigActions1767800841776.log	22076
webspherelab	main	tree	supplemental/exampledata/twas/collector/unpacked/f29061ea7da5/root/opt/IBM/WebSphere/AppServer/profiles/AppSrv01/logs/service/productDir/WebSphere	
webspherelab	main	blob	supplemental/exampledata/twas/collector/unpacked/f29061ea7da5/root/opt/IBM/WebSphere/AppServer/profiles/AppSrv01/logs/service/productDir/WebSphere/postinstall.log	4219
webspherelab	main	blob	supplemental/exampledata/twas/collector/unpacked/f29061ea7da5/root/opt/IBM/WebSphere/AppServer/profiles/AppSrv01/logs/service/productDir/WebSphere/postinstallerConfigActions1767800842287.log	205737
webspherelab	main	blob	supplemental/exampledata/twas/collector/unpacked/f29061ea7da5/root/opt/IBM/WebSphere/AppServer/profiles/AppSrv01/logs/service/productDir/runConfigActions.log	5875
webspherelab	main	blob	supplemental/exampledata/twas/collector/unpacked/f29061ea7da5/root/opt/IBM/WebSphere/AppServer/profiles/AppSrv01/logs/wsadmin.traceout	4229
webspherelab	main	blob	supplemental/exampledata/twas/collector/unpacked/f29061ea7da5/root/opt/IBM/WebSphere/AppServer/profiles/AppSrv01/logs/wsadmin.valout	0
webspherelab	main	blob	supplemental/exampledata/twas/collector/unpacked/f29061ea7da5/root/opt/IBM/WebSphere/AppServer/profiles/AppSrv01/logs/wsadminListener.out	0
webspherelab	main	tree	supplemental/exampledata/twas/collector/unpacked/f29061ea7da5/root/opt/IBM/WebSphere/AppServer/profiles/AppSrv01/properties	
webspherelab	main	blob	supplemental/exampledata/twas/collector/unpacked/f29061ea7da5/root/opt/IBM/WebSphere/AppServer/profiles/AppSrv01/properties/client.policy	2841
webspherelab	main	blob	supplemental/exampledata/twas/collector/unpacked/f29061ea7da5/root/opt/IBM/WebSphere/AppServer/profiles/AppSrv01/properties/portdef.props	590
webspherelab	main	blob	supplemental/exampledata/twas/collector/unpacked/f29061ea7da5/root/opt/IBM/WebSphere/AppServer/profiles/AppSrv01/properties/rrdSecurity.props.P	291
webspherelab	main	blob	supplemental/exampledata/twas/collector/unpacked/f29061ea7da5/root/opt/IBM/WebSphere/AppServer/profiles/AppSrv01/properties/sas.client.props	12114
webspherelab	main	blob	supplemental/exampledata/twas/collector/unpacked/f29061ea7da5/root/opt/IBM/WebSphere/AppServer/profiles/AppSrv01/properties/sas.server.props.P	8437
webspherelab	main	blob	supplemental/exampledata/twas/collector/unpacked/f29061ea7da5/root/opt/IBM/WebSphere/AppServer/profiles/AppSrv01/properties/sas.stdclient.properties	7482
webspherelab	main	blob	supplemental/exampledata/twas/collector/unpacked/f29061ea7da5/root/opt/IBM/WebSphere/AppServer/profiles/AppSrv01/properties/sas.tools.properties	7482
webspherelab	main	blob	supplemental/exampledata/twas/collector/unpacked/f29061ea7da5/root/opt/IBM/WebSphere/AppServer/profiles/AppSrv01/properties/server.policy	2061
webspherelab	main	tree	supplemental/exampledata/twas/collector/unpacked/f29061ea7da5/root/opt/IBM/WebSphere/AppServer/profiles/AppSrv01/properties/service	
webspherelab	main	tree	supplemental/exampledata/twas/collector/unpacked/f29061ea7da5/root/opt/IBM/WebSphere/AppServer/profiles/AppSrv01/properties/service/productDir	
webspherelab	main	tree	supplemental/exampledata/twas/collector/unpacked/f29061ea7da5/root/opt/IBM/WebSphere/AppServer/profiles/AppSrv01/properties/service/productDir/PostConfigActions	
webspherelab	main	tree	supplemental/exampledata/twas/collector/unpacked/f29061ea7da5/root/opt/IBM/WebSphere/AppServer/profiles/AppSrv01/properties/service/productDir/PostConfigActions/backup	
webspherelab	main	blob	supplemental/exampledata/twas/collector/unpacked/f29061ea7da5/root/opt/IBM/WebSphere/AppServer/profiles/AppSrv01/properties/service/productDir/PostConfigActions/backup/actionRegistryExtension.xml	376
webspherelab	main	tree	supplemental/exampledata/twas/collector/unpacked/f29061ea7da5/root/opt/IBM/WebSphere/AppServer/profiles/AppSrv01/properties/service/productDir/PostConfigActions/backup/actions	
webspherelab	main	blob	supplemental/exampledata/twas/collector/unpacked/f29061ea7da5/root/opt/IBM/WebSphere/AppServer/profiles/AppSrv01/properties/service/productDir/PostConfigActions/backup/actions/clearClassCache.ant	2941
webspherelab	main	blob	supplemental/exampledata/twas/collector/unpacked/f29061ea7da5/root/opt/IBM/WebSphere/AppServer/profiles/AppSrv01/properties/service/productDir/PostConfigActions/backup/actions/clearOSGiCache.ant	2913
webspherelab	main	blob	supplemental/exampledata/twas/collector/unpacked/f29061ea7da5/root/opt/IBM/WebSphere/AppServer/profiles/AppSrv01/properties/service/productDir/PostConfigActions/backup/actions/ejb-deploy-clear-cache.ant	1175
webspherelab	main	blob	supplemental/exampledata/twas/collector/unpacked/f29061ea7da5/root/opt/IBM/WebSphere/AppServer/profiles/AppSrv01/properties/service/productDir/PostConfigActions/backup/actions/runiscdeploy.ant	6064
webspherelab	main	blob	supplemental/exampledata/twas/collector/unpacked/f29061ea7da5/root/opt/IBM/WebSphere/AppServer/profiles/AppSrv01/properties/service/productDir/PostConfigActions/cacheActionRegistry.xml	404
webspherelab	main	blob	supplemental/exampledata/twas/collector/unpacked/f29061ea7da5/root/opt/IBM/WebSphere/AppServer/profiles/AppSrv01/properties/service/productDir/PostConfigActions/deltaActionRegistry.xml	404
webspherelab	main	tree	supplemental/exampledata/twas/collector/unpacked/f29061ea7da5/root/opt/IBM/WebSphere/AppServer/profiles/AppSrv01/properties/service/productDir/PreConfigActions	
webspherelab	main	tree	supplemental/exampledata/twas/collector/unpacked/f29061ea7da5/root/opt/IBM/WebSphere/AppServer/profiles/AppSrv01/properties/service/productDir/PreConfigActions/backup	
webspherelab	main	blob	supplemental/exampledata/twas/collector/unpacked/f29061ea7da5/root/opt/IBM/WebSphere/AppServer/profiles/AppSrv01/properties/service/productDir/PreConfigActions/backup/actionRegistryExtension.xml	111
webspherelab	main	tree	supplemental/exampledata/twas/collector/unpacked/f29061ea7da5/root/opt/IBM/WebSphere/AppServer/profiles/AppSrv01/properties/service/productDir/PreConfigActions/backup/actions	
webspherelab	main	blob	supplemental/exampledata/twas/collector/unpacked/f29061ea7da5/root/opt/IBM/WebSphere/AppServer/profiles/AppSrv01/properties/service/productDir/PreConfigActions/backup/actions/detectNewProducts.ant	2611
webspherelab	main	blob	supplemental/exampledata/twas/collector/unpacked/f29061ea7da5/root/opt/IBM/WebSphere/AppServer/profiles/AppSrv01/properties/service/productDir/PreConfigActions/cacheActionRegistry.xml	21
webspherelab	main	blob	supplemental/exampledata/twas/collector/unpacked/f29061ea7da5/root/opt/IBM/WebSphere/AppServer/profiles/AppSrv01/properties/service/productDir/PreConfigActions/deltaActionRegistry.xml	117
webspherelab	main	tree	supplemental/exampledata/twas/collector/unpacked/f29061ea7da5/root/opt/IBM/WebSphere/AppServer/profiles/AppSrv01/properties/service/productDir/WebSphere	
webspherelab	main	tree	supplemental/exampledata/twas/collector/unpacked/f29061ea7da5/root/opt/IBM/WebSphere/AppServer/profiles/AppSrv01/properties/service/productDir/WebSphere/backup	
webspherelab	main	blob	supplemental/exampledata/twas/collector/unpacked/f29061ea7da5/root/opt/IBM/WebSphere/AppServer/profiles/AppSrv01/properties/service/productDir/WebSphere/backup/actionRegistryExtension.xml	4879
webspherelab	main	tree	supplemental/exampledata/twas/collector/unpacked/f29061ea7da5/root/opt/IBM/WebSphere/AppServer/profiles/AppSrv01/properties/service/productDir/WebSphere/backup/actions	
webspherelab	main	blob	supplemental/exampledata/twas/collector/unpacked/f29061ea7da5/root/opt/IBM/WebSphere/AppServer/profiles/AppSrv01/properties/service/productDir/WebSphere/backup/actions/CopyBluemixUtilityMetadata.ant	3874
webspherelab	main	blob	supplemental/exampledata/twas/collector/unpacked/f29061ea7da5/root/opt/IBM/WebSphere/AppServer/profiles/AppSrv01/properties/service/productDir/WebSphere/backup/actions/PH41622.ant	6526
webspherelab	main	blob	supplemental/exampledata/twas/collector/unpacked/f29061ea7da5/root/opt/IBM/WebSphere/AppServer/profiles/AppSrv01/properties/service/productDir/WebSphere/backup/actions/PH43148.ant	3588
webspherelab	main	blob	supplemental/exampledata/twas/collector/unpacked/f29061ea7da5/root/opt/IBM/WebSphere/AppServer/profiles/AppSrv01/properties/service/productDir/WebSphere/backup/actions/PH51849.ant	16502
webspherelab	main	blob	supplemental/exampledata/twas/collector/unpacked/f29061ea7da5/root/opt/IBM/WebSphere/AppServer/profiles/AppSrv01/properties/service/productDir/WebSphere/backup/actions/copyMLSTemplate.ant	1629
webspherelab	main	blob	supplemental/exampledata/twas/collector/unpacked/f29061ea7da5/root/opt/IBM/WebSphere/AppServer/profiles/AppSrv01/properties/service/productDir/WebSphere/backup/actions/modifyMaxHeapSizeJspBatchCompiler.ant	5105
webspherelab	main	blob	supplemental/exampledata/twas/collector/unpacked/f29061ea7da5/root/opt/IBM/WebSphere/AppServer/profiles/AppSrv01/properties/service/productDir/WebSphere/backup/actions/syncMLSTemplate.ant	1629
webspherelab	main	blob	supplemental/exampledata/twas/collector/unpacked/f29061ea7da5/root/opt/IBM/WebSphere/AppServer/profiles/AppSrv01/properties/service/productDir/WebSphere/backup/actions/updateOAuth20Ear.ant	9536
webspherelab	main	blob	supplemental/exampledata/twas/collector/unpacked/f29061ea7da5/root/opt/IBM/WebSphere/AppServer/profiles/AppSrv01/properties/service/productDir/WebSphere/backup/actions/updateSamlEar.ant	9517
webspherelab	main	blob	supplemental/exampledata/twas/collector/unpacked/f29061ea7da5/root/opt/IBM/WebSphere/AppServer/profiles/AppSrv01/properties/service/productDir/WebSphere/backup/actions/updateSwaggerUIEar.ant	7645
webspherelab	main	blob	supplemental/exampledata/twas/collector/unpacked/f29061ea7da5/root/opt/IBM/WebSphere/AppServer/profiles/AppSrv01/properties/service/productDir/WebSphere/cacheActionRegistry.xml	5043
webspherelab	main	blob	supplemental/exampledata/twas/collector/unpacked/f29061ea7da5/root/opt/IBM/WebSphere/AppServer/profiles/AppSrv01/properties/service/productDir/WebSphere/deltaActionRegistry.xml	5043
webspherelab	main	blob	supplemental/exampledata/twas/collector/unpacked/f29061ea7da5/root/opt/IBM/WebSphere/AppServer/profiles/AppSrv01/properties/service/productDir/cachedInstalledProducts.xml	492
webspherelab	main	blob	supplemental/exampledata/twas/collector/unpacked/f29061ea7da5/root/opt/IBM/WebSphere/AppServer/profiles/AppSrv01/properties/service/productDir/postinstallerLockFile.lock	0
webspherelab	main	blob	supplemental/exampledata/twas/collector/unpacked/f29061ea7da5/root/opt/IBM/WebSphere/AppServer/profiles/AppSrv01/properties/sib.client.ssl.properties.P	1000
webspherelab	main	blob	supplemental/exampledata/twas/collector/unpacked/f29061ea7da5/root/opt/IBM/WebSphere/AppServer/profiles/AppSrv01/properties/soap.client.props	5370
webspherelab	main	blob	supplemental/exampledata/twas/collector/unpacked/f29061ea7da5/root/opt/IBM/WebSphere/AppServer/profiles/AppSrv01/properties/ssl.client.props.P	5179
webspherelab	main	blob	supplemental/exampledata/twas/collector/unpacked/f29061ea7da5/root/opt/IBM/WebSphere/AppServer/profiles/AppSrv01/properties/sslbitsizes.properties	3127
webspherelab	main	tree	supplemental/exampledata/twas/collector/unpacked/f29061ea7da5/root/opt/IBM/WebSphere/AppServer/profiles/AppSrv01/properties/version	
webspherelab	main	blob	supplemental/exampledata/twas/collector/unpacked/f29061ea7da5/root/opt/IBM/WebSphere/AppServer/profiles/AppSrv01/properties/version/profile.version	170
webspherelab	main	blob	supplemental/exampledata/twas/collector/unpacked/f29061ea7da5/root/opt/IBM/WebSphere/AppServer/profiles/AppSrv01/properties/was.policy	663
webspherelab	main	blob	supplemental/exampledata/twas/collector/unpacked/f29061ea7da5/root/opt/IBM/WebSphere/AppServer/profiles/AppSrv01/properties/wsadmin.properties	7238
webspherelab	main	blob	supplemental/exampledata/twas/collector/unpacked/f29061ea7da5/root/opt/IBM/WebSphere/AppServer/profiles/AppSrv01/properties/wsjaas.conf	8231
webspherelab	main	blob	supplemental/exampledata/twas/collector/unpacked/f29061ea7da5/root/opt/IBM/WebSphere/AppServer/profiles/AppSrv01/properties/wsjaas_client.conf	3789
webspherelab	main	tree	supplemental/exampledata/twas/collector/unpacked/f29061ea7da5/root/opt/IBM/WebSphere/AppServer/profiles/AppSrv01/servers	
webspherelab	main	tree	supplemental/exampledata/twas/collector/unpacked/f29061ea7da5/root/opt/IBM/WebSphere/AppServer/profiles/AppSrv01/servers/server1	
webspherelab	main	tree	supplemental/exampledata/twas/collector/unpacked/f29061ea7da5/root/opt/IBM/WebSphere/AppServer/profiles/AppSrv01/servers/server1/configuration	
webspherelab	main	blob	supplemental/exampledata/twas/collector/unpacked/f29061ea7da5/root/opt/IBM/WebSphere/AppServer/profiles/AppSrv01/servers/server1/configuration/.configAreaProperties	103
webspherelab	main	blob	supplemental/exampledata/twas/collector/unpacked/f29061ea7da5/root/opt/IBM/WebSphere/AppServer/profiles/AppSrv01/servers/server1/configuration/.lastTouched	0
webspherelab	main	blob	supplemental/exampledata/twas/collector/unpacked/f29061ea7da5/root/opt/IBM/WebSphere/AppServer/profiles/AppSrv01/servers/server1/configuration/.serverRunning	0
webspherelab	main	tree	supplemental/exampledata/twas/collector/unpacked/f29061ea7da5/root/opt/IBM/WebSphere/AppServer/profiles/AppSrv01/servers/server1/configuration/org.eclipse.core.runtime	
webspherelab	main	blob	supplemental/exampledata/twas/collector/unpacked/f29061ea7da5/root/opt/IBM/WebSphere/AppServer/profiles/AppSrv01/servers/server1/configuration/org.eclipse.core.runtime/.contributions.1	6838
webspherelab	main	blob	supplemental/exampledata/twas/collector/unpacked/f29061ea7da5/root/opt/IBM/WebSphere/AppServer/profiles/AppSrv01/servers/server1/configuration/org.eclipse.core.runtime/.contributors.1	9727
webspherelab	main	blob	supplemental/exampledata/twas/collector/unpacked/f29061ea7da5/root/opt/IBM/WebSphere/AppServer/profiles/AppSrv01/servers/server1/configuration/org.eclipse.core.runtime/.extraData.1	224833
webspherelab	main	blob	supplemental/exampledata/twas/collector/unpacked/f29061ea7da5/root/opt/IBM/WebSphere/AppServer/profiles/AppSrv01/servers/server1/configuration/org.eclipse.core.runtime/.mainData.1	484548
webspherelab	main	tree	supplemental/exampledata/twas/collector/unpacked/f29061ea7da5/root/opt/IBM/WebSphere/AppServer/profiles/AppSrv01/servers/server1/configuration/org.eclipse.core.runtime/.manager	
webspherelab	main	blob	supplemental/exampledata/twas/collector/unpacked/f29061ea7da5/root/opt/IBM/WebSphere/AppServer/profiles/AppSrv01/servers/server1/configuration/org.eclipse.core.runtime/.manager/.fileTable.7	150
webspherelab	main	blob	supplemental/exampledata/twas/collector/unpacked/f29061ea7da5/root/opt/IBM/WebSphere/AppServer/profiles/AppSrv01/servers/server1/configuration/org.eclipse.core.runtime/.manager/.fileTable.8	150
webspherelab	main	blob	supplemental/exampledata/twas/collector/unpacked/f29061ea7da5/root/opt/IBM/WebSphere/AppServer/profiles/AppSrv01/servers/server1/configuration/org.eclipse.core.runtime/.manager/.fileTableLock	0
webspherelab	main	blob	supplemental/exampledata/twas/collector/unpacked/f29061ea7da5/root/opt/IBM/WebSphere/AppServer/profiles/AppSrv01/servers/server1/configuration/org.eclipse.core.runtime/.manager/.tmp5833294848307170813.instance	0
webspherelab	main	blob	supplemental/exampledata/twas/collector/unpacked/f29061ea7da5/root/opt/IBM/WebSphere/AppServer/profiles/AppSrv01/servers/server1/configuration/org.eclipse.core.runtime/.namespaces.1	8408
webspherelab	main	blob	supplemental/exampledata/twas/collector/unpacked/f29061ea7da5/root/opt/IBM/WebSphere/AppServer/profiles/AppSrv01/servers/server1/configuration/org.eclipse.core.runtime/.orphans.1	280
webspherelab	main	blob	supplemental/exampledata/twas/collector/unpacked/f29061ea7da5/root/opt/IBM/WebSphere/AppServer/profiles/AppSrv01/servers/server1/configuration/org.eclipse.core.runtime/.table.1	35577
webspherelab	main	tree	supplemental/exampledata/twas/collector/unpacked/f29061ea7da5/root/opt/IBM/WebSphere/AppServer/profiles/AppSrv01/servers/server1/configuration/org.eclipse.equinox.app	
webspherelab	main	tree	supplemental/exampledata/twas/collector/unpacked/f29061ea7da5/root/opt/IBM/WebSphere/AppServer/profiles/AppSrv01/servers/server1/configuration/org.eclipse.equinox.app/.manager	
webspherelab	main	blob	supplemental/exampledata/twas/collector/unpacked/f29061ea7da5/root/opt/IBM/WebSphere/AppServer/profiles/AppSrv01/servers/server1/configuration/org.eclipse.equinox.app/.manager/.fileTableLock	0
webspherelab	main	blob	supplemental/exampledata/twas/collector/unpacked/f29061ea7da5/root/opt/IBM/WebSphere/AppServer/profiles/AppSrv01/servers/server1/configuration/org.eclipse.equinox.app/.manager/.tmp6472098447771211511.instance	0
webspherelab	main	tree	supplemental/exampledata/twas/collector/unpacked/f29061ea7da5/root/opt/IBM/WebSphere/AppServer/profiles/AppSrv01/servers/server1/configuration/org.eclipse.osgi	
webspherelab	main	blob	supplemental/exampledata/twas/collector/unpacked/f29061ea7da5/root/opt/IBM/WebSphere/AppServer/profiles/AppSrv01/servers/server1/configuration/org.eclipse.osgi/.bundledata.3	117369
webspherelab	main	blob	supplemental/exampledata/twas/collector/unpacked/f29061ea7da5/root/opt/IBM/WebSphere/AppServer/profiles/AppSrv01/servers/server1/configuration/org.eclipse.osgi/.lazy.3	1789847
webspherelab	main	tree	supplemental/exampledata/twas/collector/unpacked/f29061ea7da5/root/opt/IBM/WebSphere/AppServer/profiles/AppSrv01/servers/server1/configuration/org.eclipse.osgi/.manager	
webspherelab	main	blob	supplemental/exampledata/twas/collector/unpacked/f29061ea7da5/root/opt/IBM/WebSphere/AppServer/profiles/AppSrv01/servers/server1/configuration/org.eclipse.osgi/.manager/.fileTable.8	89
webspherelab	main	blob	supplemental/exampledata/twas/collector/unpacked/f29061ea7da5/root/opt/IBM/WebSphere/AppServer/profiles/AppSrv01/servers/server1/configuration/org.eclipse.osgi/.manager/.fileTable.9	89
webspherelab	main	blob	supplemental/exampledata/twas/collector/unpacked/f29061ea7da5/root/opt/IBM/WebSphere/AppServer/profiles/AppSrv01/servers/server1/configuration/org.eclipse.osgi/.manager/.fileTableLock	0
webspherelab	main	blob	supplemental/exampledata/twas/collector/unpacked/f29061ea7da5/root/opt/IBM/WebSphere/AppServer/profiles/AppSrv01/servers/server1/configuration/org.eclipse.osgi/.manager/.tmp5055506326713331158.instance	0
webspherelab	main	blob	supplemental/exampledata/twas/collector/unpacked/f29061ea7da5/root/opt/IBM/WebSphere/AppServer/profiles/AppSrv01/servers/server1/configuration/org.eclipse.osgi/.state.3	44565
webspherelab	main	tree	supplemental/exampledata/twas/collector/unpacked/f29061ea7da5/root/opt/IBM/WebSphere/AppServer/profiles/AppSrv01/servers/server1/configuration/org.eclipse.osgi/bundles	
webspherelab	main	tree	supplemental/exampledata/twas/collector/unpacked/f29061ea7da5/root/opt/IBM/WebSphere/AppServer/profiles/AppSrv01/servers/server1/configuration/org.eclipse.osgi/bundles/332	
webspherelab	main	tree	supplemental/exampledata/twas/collector/unpacked/f29061ea7da5/root/opt/IBM/WebSphere/AppServer/profiles/AppSrv01/servers/server1/configuration/org.eclipse.osgi/bundles/332/1	
webspherelab	main	blob	supplemental/exampledata/twas/collector/unpacked/f29061ea7da5/root/opt/IBM/WebSphere/AppServer/profiles/AppSrv01/servers/server1/configuration/org.eclipse.osgi/bundles/332/1/bundlefile	1443
webspherelab	main	tree	supplemental/exampledata/twas/collector/unpacked/f29061ea7da5/root/opt/IBM/WebSphere/AppServer/profiles/AppSrv01/servers/server1/configuration/org.eclipse.update	
webspherelab	main	blob	supplemental/exampledata/twas/collector/unpacked/f29061ea7da5/root/opt/IBM/WebSphere/AppServer/profiles/AppSrv01/servers/server1/configuration/org.eclipse.update/platform.xml	169
webspherelab	main	tree	supplemental/exampledata/twas/collector/unpacked/f29061ea7da5/root/opt/IBM/WebSphere/AppServer/profiles/AppSrv01/servers/server1/configuration/wsBundleMetadata	
webspherelab	main	blob	supplemental/exampledata/twas/collector/unpacked/f29061ea7da5/root/opt/IBM/WebSphere/AppServer/profiles/AppSrv01/servers/server1/configuration/wsBundleMetadata/jaxrs-2.0.xml	518
webspherelab	main	blob	supplemental/exampledata/twas/collector/unpacked/f29061ea7da5/root/opt/IBM/WebSphere/AppServer/profiles/AppSrv01/servers/server1/configuration/wsBundleMetadata/jpa-2.1.xml	603
webspherelab	main	tree	supplemental/exampledata/twas/collector/unpacked/f29061ea7da5/root/opt/IBM/WebSphere/AppServer/profiles/AppSrv01/temp	
webspherelab	main	tree	supplemental/exampledata/twas/collector/unpacked/f29061ea7da5/root/opt/IBM/WebSphere/AppServer/profiles/AppSrv01/temp/wscache	
webspherelab	main	tree	supplemental/exampledata/twas/collector/unpacked/f29061ea7da5/root/opt/IBM/WebSphere/AppServer/profiles/AppSrv01/temp/wscache/RESTAPIDocs	
webspherelab	main	tree	supplemental/exampledata/twas/collector/unpacked/f29061ea7da5/root/opt/IBM/WebSphere/AppServer/profiles/AppSrv01/temp/wscache/RESTAPIDocs/RESTAPIDocs.war	
webspherelab	main	blob	supplemental/exampledata/twas/collector/unpacked/f29061ea7da5/root/opt/IBM/WebSphere/AppServer/profiles/AppSrv01/temp/wscache/RESTAPIDocs/RESTAPIDocs.war/wscache.xml	71
webspherelab	main	tree	supplemental/exampledata/twas/collector/unpacked/f29061ea7da5/root/opt/IBM/WebSphere/AppServer/profiles/AppSrv01/temp/wscache/SwaggerUI	
webspherelab	main	tree	supplemental/exampledata/twas/collector/unpacked/f29061ea7da5/root/opt/IBM/WebSphere/AppServer/profiles/AppSrv01/temp/wscache/SwaggerUI/SwaggerUI.war	
webspherelab	main	blob	supplemental/exampledata/twas/collector/unpacked/f29061ea7da5/root/opt/IBM/WebSphere/AppServer/profiles/AppSrv01/temp/wscache/SwaggerUI/SwaggerUI.war/wscache.xml	71
webspherelab	main	tree	supplemental/exampledata/twas/collector/unpacked/f29061ea7da5/root/opt/IBM/WebSphere/AppServer/profiles/AppSrv01/temp/wscache/WebSphereWSDM	
webspherelab	main	tree	supplemental/exampledata/twas/collector/unpacked/f29061ea7da5/root/opt/IBM/WebSphere/AppServer/profiles/AppSrv01/temp/wscache/WebSphereWSDM/WebSphereWSDM.war	
webspherelab	main	blob	supplemental/exampledata/twas/collector/unpacked/f29061ea7da5/root/opt/IBM/WebSphere/AppServer/profiles/AppSrv01/temp/wscache/WebSphereWSDM/WebSphereWSDM.war/wscache.xml	4288
webspherelab	main	tree	supplemental/exampledata/twas/collector/unpacked/f29061ea7da5/root/opt/IBM/WebSphere/AppServer/profiles/AppSrv01/temp/wscache/ibmasyncrsp	
webspherelab	main	tree	supplemental/exampledata/twas/collector/unpacked/f29061ea7da5/root/opt/IBM/WebSphere/AppServer/profiles/AppSrv01/temp/wscache/ibmasyncrsp/ibmasyncrsp.war	
webspherelab	main	blob	supplemental/exampledata/twas/collector/unpacked/f29061ea7da5/root/opt/IBM/WebSphere/AppServer/profiles/AppSrv01/temp/wscache/ibmasyncrsp/ibmasyncrsp.war/wscache.xml	71
webspherelab	main	tree	supplemental/exampledata/twas/collector/unpacked/f29061ea7da5/root/opt/IBM/WebSphere/AppServer/profiles/AppSrv01/temp/wscache/isclite	
webspherelab	main	tree	supplemental/exampledata/twas/collector/unpacked/f29061ea7da5/root/opt/IBM/WebSphere/AppServer/profiles/AppSrv01/temp/wscache/isclite/ISCAdminPortlet.war	
webspherelab	main	blob	supplemental/exampledata/twas/collector/unpacked/f29061ea7da5/root/opt/IBM/WebSphere/AppServer/profiles/AppSrv01/temp/wscache/isclite/ISCAdminPortlet.war/wscache.xml	71
webspherelab	main	tree	supplemental/exampledata/twas/collector/unpacked/f29061ea7da5/root/opt/IBM/WebSphere/AppServer/profiles/AppSrv01/temp/wscache/isclite/WIMPortlet.war	
webspherelab	main	blob	supplemental/exampledata/twas/collector/unpacked/f29061ea7da5/root/opt/IBM/WebSphere/AppServer/profiles/AppSrv01/temp/wscache/isclite/WIMPortlet.war/wscache.xml	71
webspherelab	main	tree	supplemental/exampledata/twas/collector/unpacked/f29061ea7da5/root/opt/IBM/WebSphere/AppServer/profiles/AppSrv01/temp/wscache/isclite/adminredirector.war	
webspherelab	main	blob	supplemental/exampledata/twas/collector/unpacked/f29061ea7da5/root/opt/IBM/WebSphere/AppServer/profiles/AppSrv01/temp/wscache/isclite/adminredirector.war/wscache.xml	71
webspherelab	main	tree	supplemental/exampledata/twas/collector/unpacked/f29061ea7da5/root/opt/IBM/WebSphere/AppServer/profiles/AppSrv01/temp/wscache/isclite/isclite.war	
webspherelab	main	blob	supplemental/exampledata/twas/collector/unpacked/f29061ea7da5/root/opt/IBM/WebSphere/AppServer/profiles/AppSrv01/temp/wscache/isclite/isclite.war/wscache.xml	71
webspherelab	main	tree	supplemental/exampledata/twas/collector/unpacked/f29061ea7da5/root/opt/IBM/WebSphere/AppServer/profiles/AppSrv01/temp/wscache/isclite/wasportlet.war	
webspherelab	main	blob	supplemental/exampledata/twas/collector/unpacked/f29061ea7da5/root/opt/IBM/WebSphere/AppServer/profiles/AppSrv01/temp/wscache/isclite/wasportlet.war/wscache.xml	71
webspherelab	main	tree	supplemental/exampledata/twas/collector/unpacked/f29061ea7da5/root/opt/IBM/WebSphere/AppServer/profiles/AppSrv01/temp/wscache/query	
webspherelab	main	tree	supplemental/exampledata/twas/collector/unpacked/f29061ea7da5/root/opt/IBM/WebSphere/AppServer/profiles/AppSrv01/temp/wscache/query/querybean.jar	
webspherelab	main	blob	supplemental/exampledata/twas/collector/unpacked/f29061ea7da5/root/opt/IBM/WebSphere/AppServer/profiles/AppSrv01/temp/wscache/query/querybean.jar/wscache.xml	71
webspherelab	main	tree	supplemental/exampledata/twas/collector/unpacked/f29061ea7da5/root/opt/IBM/WebSphere/AppServer/properties	
webspherelab	main	blob	supplemental/exampledata/twas/collector/unpacked/f29061ea7da5/root/opt/IBM/WebSphere/AppServer/properties/TraceSettings.properties	1421
webspherelab	main	blob	supplemental/exampledata/twas/collector/unpacked/f29061ea7da5/root/opt/IBM/WebSphere/AppServer/properties/converter.properties	119
webspherelab	main	blob	supplemental/exampledata/twas/collector/unpacked/f29061ea7da5/root/opt/IBM/WebSphere/AppServer/properties/dfltbndngs.dtd	10250
webspherelab	main	blob	supplemental/exampledata/twas/collector/unpacked/f29061ea7da5/root/opt/IBM/WebSphere/AppServer/properties/dynaedge-cfg.xml	1572
webspherelab	main	blob	supplemental/exampledata/twas/collector/unpacked/f29061ea7da5/root/opt/IBM/WebSphere/AppServer/properties/encoding.properties	739
webspherelab	main	blob	supplemental/exampledata/twas/collector/unpacked/f29061ea7da5/root/opt/IBM/WebSphere/AppServer/properties/ffdcRun.properties	6078
webspherelab	main	blob	supplemental/exampledata/twas/collector/unpacked/f29061ea7da5/root/opt/IBM/WebSphere/AppServer/properties/ffdcStart.properties	5742
webspherelab	main	blob	supplemental/exampledata/twas/collector/unpacked/f29061ea7da5/root/opt/IBM/WebSphere/AppServer/properties/ffdcStop.properties	6079
webspherelab	main	tree	supplemental/exampledata/twas/collector/unpacked/f29061ea7da5/root/opt/IBM/WebSphere/AppServer/properties/fsdb	
webspherelab	main	blob	supplemental/exampledata/twas/collector/unpacked/f29061ea7da5/root/opt/IBM/WebSphere/AppServer/properties/fsdb/AppSrv01.sh	115
webspherelab	main	tree	supplemental/exampledata/twas/collector/unpacked/f29061ea7da5/root/opt/IBM/WebSphere/AppServer/properties/fsdb/_was_profile_default	
webspherelab	main	blob	supplemental/exampledata/twas/collector/unpacked/f29061ea7da5/root/opt/IBM/WebSphere/AppServer/properties/fsdb/_was_profile_default/default.sh	115
webspherelab	main	blob	supplemental/exampledata/twas/collector/unpacked/f29061ea7da5/root/opt/IBM/WebSphere/AppServer/properties/jmx.properties	4205
webspherelab	main	blob	supplemental/exampledata/twas/collector/unpacked/f29061ea7da5/root/opt/IBM/WebSphere/AppServer/properties/orb.properties	1839
webspherelab	main	blob	supplemental/exampledata/twas/collector/unpacked/f29061ea7da5/root/opt/IBM/WebSphere/AppServer/properties/profileRegistry.xml	257
webspherelab	main	tree	supplemental/exampledata/twas/collector/unpacked/f29061ea7da5/root/opt/IBM/WebSphere/AppServer/properties/version	
webspherelab	main	blob	supplemental/exampledata/twas/collector/unpacked/f29061ea7da5/root/opt/IBM/WebSphere/AppServer/properties/version/WAS.product	246
webspherelab	main	blob	supplemental/exampledata/twas/collector/unpacked/f29061ea7da5/root/opt/IBM/WebSphere/AppServer/properties/version/history.xml	250430
webspherelab	main	blob	supplemental/exampledata/twas/collector/unpacked/f29061ea7da5/root/opt/IBM/WebSphere/AppServer/properties/version/installed.xml	985367
webspherelab	main	blob	supplemental/exampledata/twas/collector/unpacked/f29061ea7da5/root/opt/IBM/WebSphere/AppServer/properties/was.license	57
webspherelab	main	blob	supplemental/exampledata/twas/collector/unpacked/f29061ea7da5/root/opt/IBM/WebSphere/AppServer/properties/wasprofile.properties	7235
webspherelab	main	tree	supplemental/exampledata/twas/collector/unpacked/f29061ea7da5/root/tmp	
webspherelab	main	blob	supplemental/exampledata/twas/collector/unpacked/f29061ea7da5/root/tmp/Collector.log	107370
webspherelab	main	tree	supplemental/exampledata/twas/healthcenter	
webspherelab	main	blob	supplemental/exampledata/twas/healthcenter/SystemErr.log	168
webspherelab	main	blob	supplemental/exampledata/twas/healthcenter/SystemOut.log	105001
webspherelab	main	blob	supplemental/exampledata/twas/healthcenter/healthcenter300620_223654_5035_1.hcd	16767979
webspherelab	main	blob	supplemental/exampledata/twas/healthcenter/native_stderr.log	998
webspherelab	main	blob	supplemental/exampledata/twas/healthcenter/native_stdout.log	2265
webspherelab	main	blob	supplemental/exampledata/twas/healthcenter/verbosegc.001.log	1973842
webspherelab	main	tree	supplemental/exampledata/twas/ihs	
webspherelab	main	blob	supplemental/exampledata/twas/ihs/8c3600ba3257_210303_2125.nmon	48994
webspherelab	main	blob	supplemental/exampledata/twas/ihs/access_log	22651468
webspherelab	main	blob	supplemental/exampledata/twas/ihs/daytrader7.aggregateReport.csv	43094584
webspherelab	main	blob	supplemental/exampledata/twas/ihs/error_log	13906
webspherelab	main	blob	supplemental/exampledata/twas/ihs/http_plugin.log	4235
webspherelab	main	blob	supplemental/exampledata/twas/ihs/jmeter.csv	1970
webspherelab	main	tree	supplemental/exampledata/twas/linperf	
webspherelab	main	blob	supplemental/exampledata/twas/linperf/javacore.20200630.221654.1487.0001.txt	4500506
webspherelab	main	blob	supplemental/exampledata/twas/linperf/javacore.20200630.221724.1487.0002.txt	4454995
webspherelab	main	blob	supplemental/exampledata/twas/linperf/javacore.20200630.221754.1487.0003.txt	4509325
webspherelab	main	blob	supplemental/exampledata/twas/linperf/javacore.20200630.221824.1487.0004.txt	4497386
webspherelab	main	blob	supplemental/exampledata/twas/linperf/javacore.20200630.221855.1487.0005.txt	4490467
webspherelab	main	blob	supplemental/exampledata/twas/linperf/javacore.20200630.221925.1487.0006.txt	4470327
webspherelab	main	blob	supplemental/exampledata/twas/linperf/javacore.20200630.221955.1487.0007.txt	4512802
webspherelab	main	blob	supplemental/exampledata/twas/linperf/javacore.20200630.222025.1487.0008.txt	4513902
webspherelab	main	blob	supplemental/exampledata/twas/linperf/javacore.20200630.222056.1487.0009.txt	4535505
webspherelab	main	tree	supplemental/exampledata/twas/linperf/linperf_RESULTS	
webspherelab	main	blob	supplemental/exampledata/twas/linperf/linperf_RESULTS/df-hk.out	1179
webspherelab	main	blob	supplemental/exampledata/twas/linperf/linperf_RESULTS/dmesg.out	58
webspherelab	main	blob	supplemental/exampledata/twas/linperf/linperf_RESULTS/netstat.out	200235
webspherelab	main	blob	supplemental/exampledata/twas/linperf/linperf_RESULTS/ps.out	6426084
webspherelab	main	blob	supplemental/exampledata/twas/linperf/linperf_RESULTS/screen.out	5475
webspherelab	main	blob	supplemental/exampledata/twas/linperf/linperf_RESULTS/top.out	38788
webspherelab	main	blob	supplemental/exampledata/twas/linperf/linperf_RESULTS/topdashH.1487.out	667685
webspherelab	main	blob	supplemental/exampledata/twas/linperf/linperf_RESULTS/vmstat.out	4603
webspherelab	main	blob	supplemental/exampledata/twas/linperf/linperf_RESULTS/whoami.out	33
webspherelab	main	tree	supplemental/exampledata/twas/other	
webspherelab	main	blob	supplemental/exampledata/twas/other/core.20210208.071207.3324.0001.dmp.7z	90091904
webspherelab	main	tree	supplemental/exampledata/twas/pmi	
webspherelab	main	blob	supplemental/exampledata/twas/pmi/tpv_server1_1627402454548_1.xml	1778613
webspherelab	main	tree	supplemental/exampledata/twas/tcpdump	
webspherelab	main	blob	supplemental/exampledata/twas/tcpdump/diag_capture_9486a72b0326_20210316_164018.pcap.gz	12793833
webspherelab	main	blob	supplemental/exampledata/twas/tcpdump/nohup.out	498
webspherelab	main	tree	supplemental/exampledata/twas/trace	
webspherelab	main	blob	supplemental/exampledata/twas/trace/SystemOut.log	108793
webspherelab	main	blob	supplemental/exampledata/twas/trace/trace.log	66666004
webspherelab	main	tree	supplemental/exampledata/twas/verbosegc_and_oom	
webspherelab	main	blob	supplemental/exampledata/twas/verbosegc_and_oom/Snap.20200630.223219.3967.0004.trc	1415444
webspherelab	main	blob	supplemental/exampledata/twas/verbosegc_and_oom/SystemErr.log	43622
webspherelab	main	blob	supplemental/exampledata/twas/verbosegc_and_oom/SystemOut.log	265477
webspherelab	main	blob	supplemental/exampledata/twas/verbosegc_and_oom/core.20200630.223219.3967.0001.dmp.7z	94953441
webspherelab	main	blob	supplemental/exampledata/twas/verbosegc_and_oom/heapdump.20200630.223219.3967.0002.phd.7z	7318212
webspherelab	main	blob	supplemental/exampledata/twas/verbosegc_and_oom/javacore.20200630.223219.3967.0003.txt	4107999
webspherelab	main	blob	supplemental/exampledata/twas/verbosegc_and_oom/native_stderr.log	29560
webspherelab	main	blob	supplemental/exampledata/twas/verbosegc_and_oom/native_stdout.log	4530
webspherelab	main	blob	supplemental/exampledata/twas/verbosegc_and_oom/verbosegc.001.log	3169596
webspherelab	main	blob	supplemental/exampledata/twas/verbosegc_and_oom/verbosegc.002.log	12392665
webspherelab	main	tree	supplemental/old	
webspherelab	main	blob	supplemental/old/WebSphere_Application_Server_Troubleshooting_and_Performance_Lab_on_Docker-Prep.docx	804717
webspherelab	main	blob	supplemental/old/WebSphere_Application_Server_Troubleshooting_and_Performance_Lab_on_Docker-Prep.pdf	797486
webspherelab	main	blob	supplemental/old/WebSphere_Application_Server_Troubleshooting_and_Performance_Lab_on_Docker-QuickStart.docx	1201441
webspherelab	main	blob	supplemental/old/WebSphere_Application_Server_Troubleshooting_and_Performance_Lab_on_Docker-QuickStart.pdf	1080865
webspherelab	main	blob	supplemental/old/WebSphere_Application_Server_Troubleshooting_and_Performance_Lab_on_Docker.docx	10668769
webspherelab	main	blob	supplemental/old/WebSphere_Application_Server_Troubleshooting_and_Performance_Lab_on_Docker.pdf	8330560
webspherelab	main	tree	supplemental/old/videos	
webspherelab	main	blob	supplemental/old/videos/demo1.webm	45243233
webspherelab	main	tree	supplemental/screenshots	
webspherelab	main	blob	supplemental/screenshots/screenshot1.png	1395895
webspherelab	main	blob	supplemental/screenshots/screenshot2b.png	179558
www	main	blob	.DS_Store	10244
www	main	tree	.github	
www	main	blob	.github/dependabot.yml	946
www	main	tree	.github/workflows	
www	main	blob	.github/workflows/apply-theme-assets.yml	2244
www	main	blob	.github/workflows/auto-fix-cld-uf-101-force.yml	1654
www	main	blob	.github/workflows/auto-fix-cld-uf-101.yml	2188
www	main	blob	.github/workflows/markdown-check.yml	2562
www	main	blob	.github/workflows/repair-academy-destinations.yml	3586
www	main	blob	.github/workflows/repository-health.yml	469
www	main	blob	.github/workflows/site-quality-and-pages.yml	1220
www	main	blob	.github/workflows/site-release.yml	3806
www	main	blob	.github/workflows/ux-load-regression.yml	774
www	main	blob	.gitignore	356
www	main	blob	.nojekyll	0
www	main	tree	.well-known	
www	main	blob	.well-known/microsoft-identity-association.json	112
www	main	blob	404.html	1207
www	main	blob	CNAME	22
www	main	blob	LICENSE	1347
www	main	blob	MIGRATION_PLAN.md	12256
www	main	blob	README.md	10014
www	main	blob	SECURITY.md	619
www	main	blob	_index.html	13393
www	main	blob	about.html	4250
www	main	tree	about	
www	main	blob	about/index.html	1219
www	main	tree	activities	
www	main	blob	activities/hands-on-labs.md	3893
www	main	tree	adobe	
www	main	blob	adobe/index.html	29493
www	main	blob	adobe/index.html.bak-20260624-104719	28739
www	main	blob	ads.txt	59
www	main	blob	advertising-disclosure.html	3188
www	main	tree	ai	
www	main	tree	ai/ai-bots-and-agents	
www	main	blob	ai/ai-bots-and-agents/index.html	17771
www	main	blob	ai/ai-bots-and-agents/index.html.bak-20260624-104719	16374
www	main	blob	ai/index.html	16384
www	main	blob	ai/index.html.bak-20260624-104719	14364
www	main	blob	ai/test	1
www	main	tree	app-dev	
www	main	blob	app-dev/index.html	15523
www	main	blob	app-dev/index.html.bak-20260624-104719	13502
www	main	tree	assessments	
www	main	blob	assessments/lab-review-rubric.md	4366
www	main	blob	assessments/quiz.md	4266
www	main	tree	assets	
www	main	blob	assets/README.md	2945
www	main	blob	assets/academy-ecosystem.css	8054
www	main	blob	assets/academy-ecosystem.js	1535
www	main	blob	assets/academy-navigation-loader.js	2791
www	main	blob	assets/academy-navigation.config.json	2837
www	main	blob	assets/academy-navigation.js	5529
www	main	blob	assets/course-catalog-renderer.js	13881
www	main	blob	assets/course-catalog.generated.js	8870
www	main	blob	assets/publisher.css	8134
www	main	blob	assets/publisher.js	1654
www	main	blob	assets/skunkworks-design-system.css	21456
www	main	blob	assets/skunkworks-ui.js	13483
www	main	blob	assets/verified-domains.json	1942
www	main	tree	asterisk	
www	main	blob	asterisk/LICENSE	1075
www	main	blob	asterisk/README.md	3093
www	main	blob	asterisk/advanced-dial-plans.html	8118
www	main	tree	asterisk/assets	
www	main	blob	asterisk/assets/4.png	924629
www	main	blob	asterisk/assets/Asteisk PBX System.png	160682
www	main	blob	asterisk/assets/Asterisk Course Media.png	542287
www	main	blob	asterisk/assets/Asterisk Course Media.pptx	566310
www	main	blob	asterisk/assets/Asterisk and Telephony Integration.png	420161
www	main	blob	asterisk/assets/Asterisk.png	237728
www	main	blob	asterisk/assets/README.md	16
www	main	blob	asterisk/assets/assignmnets.png	285598
www	main	blob	asterisk/assets/asterisk logo.png	237730
www	main	blob	asterisk/assets/asterisk-aro-in-action-dark.png	3481992
www	main	blob	asterisk/assets/asterisk-aro-in-action.png	2307949
www	main	blob	asterisk/assets/downloads-page.png	358829
www	main	blob	asterisk/assets/hello-world.png	726072
www	main	blob	asterisk/assets/tramsforming Communication with Asterisk & VoIP.png	567730
www	main	blob	asterisk/basic-voip-setup.html	7372
www	main	blob	asterisk/course-outline.md	3785
www	main	blob	asterisk/custom-voicemail-application.html	6150
www	main	blob	asterisk/index.html	15344
www	main	blob	asterisk/index.html.bak-20260624-104719	13949
www	main	blob	asterisk/installing-asterisk-and-basic-configuration.html	8232
www	main	blob	asterisk/troubleshooting-common-issues.html	6033
www	main	blob	asterisk/voip-phone-and-sip-configuration.html	5975
www	main	tree	audits	
www	main	blob	audits/2026-06-20-public-web-recon.md	13461
www	main	blob	audits/2026-06-26-organisation-site-hardening.md	2789
www	main	blob	audits/2026-07-04-global-navigation-completion-log.md	1333
www	main	blob	audits/2026-07-04-global-navigation-organisation-audit.md	6228
www	main	blob	audits/2026-07-05-global-brand-style-consolidation.md	2444
www	main	tree	authors	
www	main	blob	authors/raydo-matthee.html	3476
www	main	tree	automation	
www	main	blob	automation/index.html	17348
www	main	blob	automation/index.html.bak-20260624-104719	15303
www	main	tree	blockchaincourse	
www	main	blob	blockchaincourse/assessment.html	1602
www	main	blob	blockchaincourse/capstone.md	2074
www	main	blob	blockchaincourse/enrollment.html	1115
www	main	blob	blockchaincourse/exercises-data.js	1447
www	main	blob	blockchaincourse/feedback.html	1623
www	main	blob	blockchaincourse/index.html	1648
www	main	blob	blockchaincourse/index.html.bak-20260624-104719	883
www	main	blob	blockchaincourse/script.js	999
www	main	blob	blockchaincourse/styles.css	655
www	main	tree	catalogue	
www	main	blob	catalogue/index.html	567
www	main	tree	checkpoint	
www	main	blob	checkpoint/index.html	12458
www	main	blob	checkpoint/index.html.bak-20260624-104719	11041
www	main	tree	cisco	
www	main	blob	cisco/Cisco.png	35979
www	main	blob	cisco/index.html	47369
www	main	blob	cisco/index.html.bak-20260624-104719	46103
www	main	tree	cloud	
www	main	blob	cloud/index.html	15989
www	main	blob	cloud/index.html.bak-20260624-104719	14598
www	main	blob	composer.json	112
www	main	blob	composer.lock	32899
www	main	tree	comptia	
www	main	blob	comptia/Comptia-logo.svg	6656
www	main	blob	comptia/README.md	3022
www	main	blob	comptia/a-plus.html	4221
www	main	tree	comptia/assets	
www	main	blob	comptia/assets/.sa	1
www	main	blob	comptia/assets/CompTIA Logo SVG.svg	2768
www	main	blob	comptia/assets/CompTIA logo white.svg	2101
www	main	blob	comptia/assets/CompTIA_Logo WHITE.png	53334
www	main	blob	comptia/assets/CompTIA_Logo.eps	1005870
www	main	blob	comptia/assets/CompTIA_Logo.png	19514
www	main	blob	comptia/assets/CompTIA_Logo_Red_PNG Transparent Background.png	14195
www	main	blob	comptia/assets/Essentials_AI for Marketing_CompCert.svg	19118
www	main	blob	comptia/assets/Essentials_AI for Sales_CompCert.svg	17890
www	main	blob	comptia/assets/Essentials_AI_CompCert.svg	13581
www	main	blob	comptia/assets/Essentials_Business_CompCert.svg	17295
www	main	blob	comptia/assets/Plus_A_Certification.svg	10567
www	main	blob	comptia/assets/Plus_DataSys_Certification.svg	14335
www	main	blob	comptia/assets/Plus_Server_Certification.svg	13234
www	main	blob	comptia/assets/Plus_Stackable_CCAP_Certification.svg	20742
www	main	blob	comptia/assets/Plus_Stackable_CCAP_Certification_Products.svg	25220
www	main	blob	comptia/assets/Plus_Stackable_CIOS_Certification.svg	21829
www	main	blob	comptia/assets/Plus_Stackable_CIOS_Certification_Products.svg	24334
www	main	blob	comptia/assets/Plus_Stackable_CLNP_Certification.svg	19766
www	main	blob	comptia/assets/Plus_Stackable_CLNP_Certification_Products.svg	23210
www	main	blob	comptia/assets/Plus_Stackable_CNIP_Certification.svg	23756
www	main	blob	comptia/assets/Plus_Stackable_CNIP_Certification_Products.svg	28804
www	main	blob	comptia/assets/Plus_Stackable_CNSP_Certification.svg	22517
www	main	blob	comptia/assets/Plus_Stackable_CNSP_Certification_Products.svg	30679
www	main	blob	comptia/assets/Plus_Stackable_CNVP_Certification.svg	27566
www	main	blob	comptia/assets/Plus_Stackable_CSAP_Certification.svg	23683
www	main	blob	comptia/assets/Plus_Stackable_CSCP_Certification_Products.svg	28098
www	main	blob	comptia/assets/Plus_Stackable_CSIS_Certification.svg	25180
www	main	blob	comptia/assets/Plus_Stackable_CSIS_Certification_Products.svg	31123
www	main	blob	comptia/assets/Plus_Stackable_CSSS_Certification.svg	24482
www	main	blob	comptia/assets/Plus_Tech_Certification.svg	11858
www	main	blob	comptia/assets/Pro_Cisco Networking_CompCert.svg	16408
www	main	blob	comptia/assets/Pro_CyberDefense_CompCert.svg	15495
www	main	blob	comptia/assets/Pro_DigitalLiteracy_CompCert.svg	15322
www	main	blob	comptia/assets/Pro_EthicalHacker_CompCert.svg	14450
www	main	blob	comptia/assets/Pro_MicrosoftExcel_CompCert.svg	14917
www	main	blob	comptia/assets/Pro_MicrosoftOffice_CompCert.svg	16020
www	main	blob	comptia/assets/Pro_PC_CompCert.svg	11013
www	main	blob	comptia/assets/Pro_WindowsClient_CompCert.svg	15425
www	main	blob	comptia/assets/Pro_WindowsHybridServer_II_CompCert.svg	18344
www	main	blob	comptia/assets/Xpert_CloudNetX_Certification.svg	14347
www	main	blob	comptia/assets/Xpert_Stackable_CSAE_Certification.svg	20677
www	main	blob	comptia/assets/Xpert_Stackable_CSAE_Certification_Products.svg	29356
www	main	blob	comptia/assets/Xpert_Stackable_CSIE_Certification.svg	22086
www	main	blob	comptia/assets/Xpert_Stackable_CSIE_Certification_Products.svg	33559
www	main	blob	comptia/assets/a_Cyber_CompCert.svg	12307
www	main	blob	comptia/assets/a_Network_CompCert.svg	12743
www	main	blob	comptia/cloud-plus.html	4202
www	main	blob	comptia/cysa-plus.html	4271
www	main	blob	comptia/data-plus.html	4141
www	main	blob	comptia/index.html	16232
www	main	blob	comptia/index.html.bak-20260624-104719	9971
www	main	blob	comptia/linux-plus.html	4165
www	main	blob	comptia/network-plus.html	4293
www	main	blob	comptia/package.json	489
www	main	blob	comptia/pentest-plus.html	4279
www	main	blob	comptia/project-plus.html	4266
www	main	blob	comptia/security-plus.html	4231
www	main	blob	comptia/tech-plus.html	4200
www	main	blob	contact.html	2507
www	main	blob	contact.php	1943
www	main	blob	cookie-policy.html	3718
www	main	tree	course-registration	
www	main	blob	course-registration/index.html	25278
www	main	blob	course-registration/index.html.bak-20260624-104719	23863
www	main	blob	course-registration/skunkworks-academy-cyber-security-training-email.html	12392
www	main	blob	course-registration/thank-you.html	5329
www	main	blob	course.yml	2068
www	main	tree	cpp	
www	main	blob	cpp/cpp-cpe-2024.html	20358
www	main	blob	cpp/cpp_logo.svg	256782
www	main	blob	cpp/favicon.svg	194544
www	main	tree	css	
www	main	blob	css/main.css	6289
www	main	blob	css/styles.css	804929
www	main	tree	data	
www	main	blob	data/index.html	12651
www	main	blob	data/index.html.bak-20260624-104720	11886
www	main	tree	devops-agile	
www	main	blob	devops-agile/index.html	9866
www	main	blob	devops-agile/index.html.bak-20260624-104720	8473
www	main	tree	docs	
www	main	blob	docs/api.md	12292
www	main	blob	docs/facilitation-plan.md	4651
www	main	blob	docs/global-navigation.md	2321
www	main	blob	docs/instructor-guide.md	8739
www	main	blob	docs/student-guide.md	6477
www	main	blob	editorial-policy.html	4453
www	main	tree	faculty	
www	main	blob	faculty/069E9310-26B5-4958-B65F-209CBA8E982C.png	1589992
www	main	blob	faculty/6D6729F1-E6DA-4F00-92D8-04A74A6CDB61.png	1580536
www	main	blob	faculty/A98BFE31-A3E6-44DE-AE6B-C102D1D1CF22.png	1695813
www	main	blob	faculty/B343F691-D8C3-44BA-AA41-6F781C37C0FA.png	2164771
www	main	blob	faculty/DESIGN_SYSTEM.md	6020
www	main	tree	faculty/assets	
www	main	tree	faculty/assets/css	
www	main	blob	faculty/assets/css/skunkworks-design-system.css	135
www	main	tree	faculty/assets/js	
www	main	blob	faculty/assets/js/skunkworks-ui.js	165
www	main	tree	faculty/assets/portraits	
www	main	blob	faculty/assets/portraits/analita-goncalves.svg	1672
www	main	blob	faculty/assets/portraits/john-lewis.svg	2041
www	main	blob	faculty/assets/portraits/maria-dercksen.svg	1741
www	main	blob	faculty/assets/portraits/raydo-matthee.svg	2148
www	main	blob	faculty/bradley-nel.jpg	8775
www	main	blob	faculty/brandon-mloyi.jpg	7163
www	main	blob	faculty/clifton-molele.jpg	12491
www	main	blob	faculty/dan-opiyo.jpg	7530
www	main	blob	faculty/emmanuel-okechukwu.jpg	7118
www	main	blob	faculty/index.html	7404
www	main	blob	faculty/index.html.bak-20260624-104720	6005
www	main	blob	faculty/jolandi-van-heerden.jpg	1172
www	main	blob	faculty/malusi-mthiyane.jpg	9053
www	main	blob	faculty/selaelo-langa.jpg	10583
www	main	tree	faculty/templates	
www	main	blob	faculty/templates/page-shell-fragment.html	1950
www	main	blob	faculty/templates/portal-form-fragment.html	984
www	main	blob	faculty/zamri-marais.jpg	8369
www	main	tree	forms	
www	main	blob	forms/Skunkworks_Academy_Accounts_Payable_Policy.html	22605
www	main	blob	forms/Skunkworks_Academy_Global_Vendor_Form.html	16294
www	main	blob	forms/Skunkworks_Academy_Instructor_Handbook.html	42266
www	main	blob	forms/Skunkworks_Academy_Instructor_Task_Order_Template.html	22355
www	main	blob	forms/Skunkworks_Academy_NDA_Template.html	15788
www	main	blob	forms/Skunkworks_Academy_Subcontractor_Agreement_Template.html	40356
www	main	blob	forms/index.html	15811
www	main	blob	forms/index.html.bak-20260624-104720	15127
www	main	tree	github	
www	main	blob	github/gh-logo.png	23217
www	main	blob	github/index.com	0
www	main	blob	github/index.html	45318
www	main	blob	github/index.html.bak-20260624-104720	44542
www	main	tree	google	
www	main	blob	google/Google_logo.png	26322
www	main	blob	google/icons8-google.svg	988
www	main	blob	google/index.html	46453
www	main	blob	google/index.html.bak-20260624-104720	45159
www	main	tree	guides	
www	main	blob	guides/ai-enabled-learning-path.html	10168
www	main	blob	guides/cloud-certification-roadmap.html	9807
www	main	blob	guides/index.html	3062
www	main	blob	guides/learning-readiness-canvas.html	8116
www	main	blob	guides/zero-trust-lab-controls.html	10949
www	main	tree	hashicorp	
www	main	blob	hashicorp/HCP-Vault-Dedicated_onDark.png	15264
www	main	blob	hashicorp/HCP-Vault-Dedicated_onDark.svg	5563
www	main	blob	hashicorp/HCP-Vault-Dedicated_onLight.png	15910
www	main	blob	hashicorp/HCP-Vault-Dedicated_onLight.svg	5557
www	main	blob	hashicorp/HCP-Vault-Radar_onDark.png	12448
www	main	blob	hashicorp/HCP-Vault-Radar_onDark.svg	5021
www	main	blob	hashicorp/HCP-Vault-Radar_onLight.png	13153
www	main	blob	hashicorp/HCP-Vault-Radar_onLight.svg	5018
www	main	blob	hashicorp/HCP-Vault-Secrets_onDark.png	14333
www	main	blob	hashicorp/HCP-Vault-Secrets_onDark.svg	5175
www	main	blob	hashicorp/HCP-Vault-Secrets_onLight.png	15282
www	main	blob	hashicorp/HCP-Vault-Secrets_onLight.svg	5170
www	main	blob	hashicorp/HCP-Vault_onDark.png	8307
www	main	blob	hashicorp/HCP-Vault_onDark.svg	3161
www	main	blob	hashicorp/HCP-Vault_onLight.png	8614
www	main	blob	hashicorp/HCP-Vault_onLight.svg	3231
www	main	blob	hashicorp/HashiCorp_Logo.png	25880
www	main	blob	hashicorp/Hashicorp-Horizontal_onDark.png	2991
www	main	blob	hashicorp/Hashicorp-Horizontal_onDark.svg	2978
www	main	blob	hashicorp/Hashicorp-Horizontal_onLight.png	2690
www	main	blob	hashicorp/Hashicorp-Horizontal_onLight.svg	2988
www	main	blob	hashicorp/Hashicorp-Mark_onDark.png	3889
www	main	blob	hashicorp/Hashicorp-Mark_onDark.svg	658
www	main	blob	hashicorp/Hashicorp-Mark_onLight.png	4125
www	main	blob	hashicorp/Hashicorp-Mark_onLight.svg	638
www	main	blob	hashicorp/Hashicorp-Vault_onDark.png	8348
www	main	blob	hashicorp/Hashicorp-Vault_onDark.svg	3920
www	main	blob	hashicorp/Hashicorp-Vault_onLight.png	8732
www	main	blob	hashicorp/Hashicorp-Vault_onLight.svg	3905
www	main	blob	hashicorp/Hashicorp-Vertical_onDark.png	28937
www	main	blob	hashicorp/Hashicorp-Vertical_onDark.svg	3034
www	main	blob	hashicorp/Hashicorp-Vertical_onLight.png	30525
www	main	blob	hashicorp/Hashicorp-Vertical_onLight.svg	3041
www	main	blob	hashicorp/README.md	7252
www	main	blob	hashicorp/Vault-LogoMark_onDark.png	2142
www	main	blob	hashicorp/Vault-LogoMark_onDark.svg	463
www	main	blob	hashicorp/Vault-LogoMark_onLight.png	2187
www	main	blob	hashicorp/Vault-LogoMark_onLight.svg	463
www	main	blob	hashicorp/Vault_onDark.png	2707
www	main	blob	hashicorp/Vault_onDark.svg	523
www	main	blob	hashicorp/Vault_onLight.png	5950
www	main	blob	hashicorp/Vault_onLight.svg	1643
www	main	blob	hashicorp/index.html	45494
www	main	blob	hashicorp/index.html.bak-20260624-104720	44730
www	main	tree	ibm	
www	main	blob	ibm/FICON-301.html	20892
www	main	blob	ibm/IBCPI-OC-01.html	17054
www	main	blob	ibm/IBM_svg.png	29536
www	main	blob	ibm/blue uni.jfif	44089
www	main	blob	ibm/carbon.html	3511
www	main	blob	ibm/cl207-u01.html	20858
www	main	blob	ibm/cl207-u02.html	7316
www	main	blob	ibm/cl207-u03.html	16404
www	main	blob	ibm/cl207-u04.html	12521
www	main	blob	ibm/cl207-u05.html	20605
www	main	blob	ibm/cl207-u06.html	16165
www	main	blob	ibm/cl207-u07.html	19585
www	main	blob	ibm/cl207-u08.html	14431
www	main	blob	ibm/cl207-u09.html	11208
www	main	blob	ibm/cl207-u10.html	12360
www	main	tree	ibm/csm	
www	main	blob	ibm/csm/IBM Control Services Manager.pptx	18585339
www	main	blob	ibm/csm/IBM Control Services Manager_loop slide deck.pptx	3574906
www	main	blob	ibm/db2.html	7528
www	main	tree	ibm/db2	
www	main	blob	ibm/db2/CLA96G_Unified_LMS_SCORMReady.zip	30704
www	main	tree	ibm/db2/CLA96G_Unified_LMS_SCORMReady	
www	main	blob	ibm/db2/CLA96G_Unified_LMS_SCORMReady/analytics.html	3336
www	main	blob	ibm/db2/CLA96G_Unified_LMS_SCORMReady/app.js	1306
www	main	blob	ibm/db2/CLA96G_Unified_LMS_SCORMReady/assessment.html	1367
www	main	tree	ibm/db2/CLA96G_Unified_LMS_SCORMReady/data	
www	main	blob	ibm/db2/CLA96G_Unified_LMS_SCORMReady/data/part1-data.js	17483
www	main	blob	ibm/db2/CLA96G_Unified_LMS_SCORMReady/data/part2-data.js	14328
www	main	blob	ibm/db2/CLA96G_Unified_LMS_SCORMReady/data/part3-data.js	12978
www	main	blob	ibm/db2/CLA96G_Unified_LMS_SCORMReady/data/part4-data.js	12391
www	main	blob	ibm/db2/CLA96G_Unified_LMS_SCORMReady/index.html	6669
www	main	blob	ibm/db2/CLA96G_Unified_LMS_SCORMReady/index.html.bak-20260624-104720	5252
www	main	blob	ibm/db2/CLA96G_Unified_LMS_SCORMReady/part-1.html	1271
www	main	blob	ibm/db2/CLA96G_Unified_LMS_SCORMReady/part-2.html	1215
www	main	blob	ibm/db2/CLA96G_Unified_LMS_SCORMReady/part-3.html	1200
www	main	blob	ibm/db2/CLA96G_Unified_LMS_SCORMReady/part-4.html	1207
www	main	blob	ibm/db2/CLA96G_Unified_LMS_SCORMReady/quiz-engine.js	23968
www	main	blob	ibm/db2/CLA96G_Unified_LMS_SCORMReady/scorm-api.js	1751
www	main	blob	ibm/db2/CLA96G_Unified_LMS_SCORMReady/styles.css	5488
www	main	tree	ibm/db2/DB2 on Linux Workshop	
www	main	blob	ibm/db2/DB2 on Linux Workshop/DB2 - Zero to Hero.md	0
www	main	blob	ibm/db2/DB2 on Linux Workshop/Unit 3 - Demonstration 1 -  Create a new Db2 instance.md	7984
www	main	blob	ibm/db2/DB2 on Linux Workshop/Unit 4 - Demonstration 1 -  Creating databases and data placement.md	22324
www	main	blob	ibm/db2/DB2 on Linux Workshop/Unit 5 - Creating Database Objects - Demonstration.md	19448
www	main	blob	ibm/db2/DB2 on Linux Workshop/assessment.html	41539
www	main	blob	ibm/db2/DB2 on Linux Workshop/cl207-u01 1.html	21510
www	main	blob	ibm/db2/DB2 on Linux Workshop/cl207-u01.html	21510
www	main	blob	ibm/db2/DB2 on Linux Workshop/cl207-u02.html	7316
www	main	blob	ibm/db2/DB2 on Linux Workshop/cl207-u03 1.html	17855
www	main	blob	ibm/db2/DB2 on Linux Workshop/cl207-u03.html	17855
www	main	blob	ibm/db2/DB2 on Linux Workshop/cl207-u04 1.html	13133
www	main	blob	ibm/db2/DB2 on Linux Workshop/cl207-u04.html	13133
www	main	blob	ibm/db2/DB2 on Linux Workshop/cl207-u05 1.html	40820
www	main	blob	ibm/db2/DB2 on Linux Workshop/cl207-u05.html	40820
www	main	blob	ibm/db2/DB2 on Linux Workshop/cl207-u06.html	16165
www	main	blob	ibm/db2/DB2 on Linux Workshop/cl207-u07.html	19585
www	main	blob	ibm/db2/DB2 on Linux Workshop/cl207-u08.html	14431
www	main	blob	ibm/db2/DB2 on Linux Workshop/cl207-u09.html	11208
www	main	blob	ibm/db2/DB2 on Linux Workshop/cl207-u10.html	12360
www	main	blob	ibm/db2/DB2 on Linux Workshop/favicon.ico	180915
www	main	blob	ibm/db2/DB2 on Linux Workshop/index.html	5113
www	main	blob	ibm/db2/DB2 on Linux Workshop/index.html.bak-20260624-104720	3677
www	main	blob	ibm/db2/DB2 on Linux Workshop/part-1.html	4917
www	main	blob	ibm/db2/DB2 on Linux Workshop/part-2.html	5052
www	main	blob	ibm/db2/DB2 on Linux Workshop/part-3.html	4515
www	main	blob	ibm/db2/DB2 on Linux Workshop/part-4.html	44852
www	main	tree	ibm/db2/DB2 on Mainframe	
www	main	blob	ibm/db2/DB2 on Mainframe/Classroom Notes.pdf	925628
www	main	blob	ibm/db2/DB2 on Mainframe/IBM DB2 12 For zOS Classroom Notes.md	38989
www	main	blob	ibm/db2/DB2 on Mainframe/IBM DB2 12 For zOS Classroom Notes.pdf	1461485
www	main	blob	ibm/db2/DB2 on Mainframe/IBM Remote Lab notification.md	9709
www	main	blob	ibm/db2/DB2 on Mainframe/Unit 1 Slide 10.md	2197
www	main	blob	ibm/db2/DB2 on Mainframe/Unit 1 slide 9.md	2972
www	main	blob	ibm/db2/DB2 on Mainframe/unit 1 slide 12.md	4393
www	main	blob	ibm/db2/Db2 12 for zOS Classroom notes.png	542410
www	main	blob	ibm/db2/Db2 Sales Foundation.md	254
www	main	blob	ibm/db2/Pasted image 20240628030202.png	44599
www	main	blob	ibm/db2/Pasted image 20240628030250.png	15268
www	main	tree	ibm/db2/cla96	
www	main	blob	ibm/db2/cla96/analytics.html	3336
www	main	blob	ibm/db2/cla96/app.js	1306
www	main	blob	ibm/db2/cla96/assessment.html	1367
www	main	tree	ibm/db2/cla96/data	
www	main	blob	ibm/db2/cla96/data/part1-data.js	17483
www	main	blob	ibm/db2/cla96/data/part2-data.js	14328
www	main	blob	ibm/db2/cla96/data/part3-data.js	12978
www	main	blob	ibm/db2/cla96/data/part4-data.js	12391
www	main	blob	ibm/db2/cla96/index.html	6669
www	main	blob	ibm/db2/cla96/index.html.bak-20260624-104720	5252
www	main	blob	ibm/db2/cla96/part-1.html	1271
www	main	blob	ibm/db2/cla96/part-2.html	1215
www	main	blob	ibm/db2/cla96/part-3.html	1200
www	main	blob	ibm/db2/cla96/part-4.html	1207
www	main	blob	ibm/db2/cla96/quiz-engine.js	23968
www	main	blob	ibm/db2/cla96/scorm-api.js	1751
www	main	blob	ibm/db2/cla96/styles.css	5488
www	main	blob	ibm/db2/db2.html	7528
www	main	blob	ibm/ibm-aside-image-or-logo.png	29018
www	main	blob	ibm/ibm-svg.svg	2005
www	main	blob	ibm/ibm.jsx	3632
www	main	blob	ibm/icb-bootcamp.html	19445
www	main	blob	ibm/index.html	45394
www	main	blob	ibm/index.html.bak-20260624-104720	44622
www	main	tree	ibm/maximo	
www	main	blob	ibm/maximo/Courses Outline.md	477
www	main	blob	ibm/maximo/IBM Certified Administrator - Maximo Manage v8.x Exam Preparation and Certification Learning Path.pdf	137826
www	main	blob	ibm/maximo/IBM Maximo Manage v8.x Certified Administrator - Preparation and Certification Learning Path.md	8791
www	main	tree	ibm/maximo/IBM Maximo	
www	main	blob	ibm/maximo/IBM Maximo/Commercials.pdf	145483
www	main	blob	ibm/maximo/IBM Maximo/Course Outline.pdf	82494
www	main	blob	ibm/maximo/Maximo.pdf	98939
www	main	blob	ibm/maximo/Preparation and Certification Learning Path.html	9046
www	main	blob	ibm/maximo/Preparation and Certification Learning Path.md	2571
www	main	blob	ibm/maximo/Preparation and Certification Learning Path.pdf	134267
www	main	tree	ibm/safer-payments	
www	main	tree	ibm/safer-payments/Safer Payments	
www	main	blob	ibm/safer-payments/Safer Payments/ibm_safer_payments_training_roadmap.md.pdf	135455
www	main	blob	ibm/safer-payments/Untitled.md	7112
www	main	blob	ibm/safer-payments/ibm_safer_payments_training_roadmap.md.pdf	144030
www	main	blob	ibm/scbb-ot10.html	1984
www	main	tree	ibm/spectrum-protect	
www	main	blob	ibm/spectrum-protect/Examination Preparation Guide.md	4745
www	main	blob	ibm/spectrum-protect/Lab Setup Guide.md	4331
www	main	blob	ibm/spectrum-protect/Mock Test - C1000-137.md	24446
www	main	blob	ibm/spectrum-protect/Spectrum Protect 8.12 - TS619.pdf	196667
www	main	tree	ibm/spectrum-protect/TSP13	
www	main	blob	ibm/spectrum-protect/TSP13/0. IBM Spectrum Protect Plus 10.1.8 Implementation and Administration.md	28881
www	main	blob	ibm/spectrum-protect/TSP13/TSP13.canvas	215
www	main	blob	ibm/spectrum-protect/The IBM Certified Deployment Professional - Spectrum Protect V8.1.12 Certification Examination Preparation Guide.md	47577
www	main	blob	ibm/spectrum-protect/Untitled.md	3650
www	main	tree	images	
www	main	blob	images/2pexels-adam-sondel-381265-20432872.jpg	73755
www	main	blob	images/Cisco.png	35979
www	main	blob	images/Comptia-logo.png	73157
www	main	blob	images/Google_2015_logo.png	26322
www	main	blob	images/HashiCorp_Logo.png	25880
www	main	blob	images/Lenovo_logo_2015.png	59938
www	main	blob	images/Red_Hat-Logo.png	26666
www	main	blob	images/Red_Hat_Logo_2019.svg	2464
www	main	blob	images/SAP_2011_logo.png	73657
www	main	blob	images/Salesforce_logo.png	33148
www	main	blob	images/favicon-black.png	106039
www	main	blob	images/favicon-white.png	192104
www	main	blob	images/gh-logo.png	23217
www	main	blob	images/ibm-aside-image-or-logo.png	29018
www	main	blob	images/lenovo logo.png	19267
www	main	blob	images/logo.png	187927
www	main	blob	images/microsoft logo.png	3278
www	main	blob	images/paloalto_logo.png	4666
www	main	blob	images/pexels-adam-sondel-381265-20432872.jpg	946379
www	main	blob	images/pexels-cup-of-couple-6177682.jpg	688394
www	main	blob	images/pexels-enginakyurt-2952871.jpg	3258789
www	main	blob	images/pexels-julia-m-cameron-4144144.jpg	87909
www	main	blob	images/pexels-julia-m-cameron-4144225.jpg	32104
www	main	blob	images/pexels-mikhail-nilov-7583935.jpg	1834091
www	main	blob	images/pexels-mikhail-nilov-7594479.jpg	2110021
www	main	blob	images/pexels-shvets-production-7516348.jpg	1686115
www	main	blob	images/red hat logo.webp	11988
www	main	blob	images/sage logo.png	4677
www	main	blob	index.html	10577
www	main	blob	index.html.bak-20260624-104720	15256
www	main	blob	index.js	1014
www	main	tree	instructor-led	
www	main	blob	instructor-led/index.html	7363
www	main	tree	iso	
www	main	blob	iso/index.html	19467
www	main	blob	iso/index.html.bak-20260624-104720	18702
www	main	tree	learning-paths	
www	main	blob	learning-paths/devops-zero2hero.html	23943
www	main	blob	llms.txt	1175
www	main	tree	mainframe	
www	main	blob	mainframe/index.html	14676
www	main	blob	mainframe/index.html.bak-20260624-104720	13283
www	main	blob	microsoft-identity-association.json	111
www	main	tree	microsoft	
www	main	blob	microsoft/README.md	1289
www	main	blob	microsoft/ai-platform.html	4086
www	main	tree	microsoft/assets	
www	main	tree	microsoft/assets/css	
www	main	blob	microsoft/assets/css/styles.css	2847
www	main	tree	microsoft/assets/js	
www	main	blob	microsoft/assets/js/app.js	839
www	main	blob	microsoft/data-analytics.html	4089
www	main	blob	microsoft/data-platform.html	4121
www	main	blob	microsoft/hero.png	2338203
www	main	tree	microsoft/images	
www	main	blob	microsoft/images/hero.png	2338203
www	main	blob	microsoft/images/logo.png	1070
www	main	blob	microsoft/images/ms-hero.png	2338203
www	main	blob	microsoft/images/ms-logo.png	1070
www	main	blob	microsoft/images/teste.tst	1
www	main	blob	microsoft/index.html	32920
www	main	blob	microsoft/index.html.bak-20260624-104720	31387
www	main	blob	microsoft/index1.html	9962
www	main	blob	microsoft/japanese.html	4033
www	main	blob	microsoft/microsoft logo.png	3278
www	main	blob	microsoft/microsoft-365.html	4097
www	main	blob	microsoft/microsoft-azure.html	4079
www	main	blob	microsoft/microsoft-dynamics-365-business-edition.html	4130
www	main	blob	microsoft/microsoft-dynamics-365.html	4082
www	main	blob	microsoft/microsoft-dynamics.html	4093
www	main	blob	microsoft/microsoft-endpoint-configuration-manager.html	4137
www	main	blob	microsoft/microsoft-office-365.html	4146
www	main	blob	microsoft/microsoft-office.html	4095
www	main	blob	microsoft/microsoft-products.html	4084
www	main	blob	microsoft/microsoft-sharepoint.html	4102
www	main	blob	microsoft/microsoft-skype-for-business.html	4075
www	main	blob	microsoft/microsoft-sql-server.html	4076
www	main	blob	microsoft/microsoft-system-center.html	4084
www	main	blob	microsoft/microsoft-visual-studio.html	4069
www	main	blob	microsoft/microsoft-windows-server.html	4119
www	main	blob	microsoft/non-microsoft-products-and-technologies.html	4050
www	main	blob	microsoft/power-bi.html	4075
www	main	blob	microsoft/power-platform.html	4096
www	main	blob	microsoft/preview.html	3235
www	main	blob	microsoft/security.html	4054
www	main	blob	microsoft/style.css	665
www	main	blob	microsoft/teams.html	4058
www	main	tree	microsoft/training	
www	main	tree	microsoft/training/azure	
www	main	blob	microsoft/training/azure/index.html	3686
www	main	blob	microsoft/training/azure/index.html.bak-20260624-104720	2289
www	main	blob	microsoft/waypoint.html	4044
www	main	blob	microsoft/web-development.html	4095
www	main	blob	microsoft/windows-server-technologies.html	4104
www	main	blob	microsoft/windows.html	4023
www	main	tree	middleware	
www	main	blob	middleware/index.html	14183
www	main	blob	middleware/index.html.bak-20260624-104720	12790
www	main	tree	nbproject	
www	main	blob	nbproject/project.properties	177
www	main	blob	nbproject/project.xml	322
www	main	tree	networking	
www	main	blob	networking/index.html	12036
www	main	blob	networking/index.html.bak-20260624-104720	10643
www	main	tree	occupational	
www	main	blob	occupational/index.html	19580
www	main	blob	occupational/index.html.bak-20260624-104720	18182
www	main	tree	owasp	
www	main	blob	owasp/6.jpeg	51701
www	main	blob	owasp/6.png	123892
www	main	blob	owasp/ANN.md	2382
www	main	blob	owasp/Announcements.md	1634
www	main	blob	owasp/Course Cover OWASP TOP 10.png	3201063
www	main	blob	owasp/Introduction to Application Security.md	6635
www	main	blob	owasp/NIST.SP.800-61r2.pdf	1541363
www	main	blob	owasp/OWASP Top Ten Web Vulnerabilities and the Role of rel=noopener noreferrer (3).png	9632649
www	main	blob	owasp/OWASP Top Ten Web Vulnerabilities and the Role of rel=noopener noreferrer.svg	5319907
www	main	blob	owasp/README.md	9169
www	main	blob	owasp/SANS Dev522.pdf	467154
www	main	blob	owasp/SCP-OWASP10-2024_PKG.md	1664
www	main	blob	owasp/Secure Coding Knowledge Assessment - From Theory to Practice.pdf	840443
www	main	blob	owasp/Student Course Guide.pdf	7175816
www	main	blob	owasp/Understanding the Importance of rel=_noopener noreferrer_ for External Links.webp	273728
www	main	blob	owasp/assessment.pdf	782580
www	main	blob	owasp/assessment.png	278565
www	main	blob	owasp/assessment.pspimage	401792
www	main	blob	owasp/index.html	9800
www	main	blob	owasp/index.html.bak-20260624-104720	9035
www	main	blob	owasp/legitimate website.png	51081
www	main	blob	owasp/owasp-401.html	32544
www	main	blob	owasp/owasp-banner.svg	130093
www	main	blob	owasp/student course guide.png	108159
www	main	blob	owasp/student course guide.pspimage	173108
www	main	blob	package-lock.json	606156
www	main	blob	package.json	584
www	main	tree	paloalto	
www	main	blob	paloalto/index.html	45802
www	main	blob	paloalto/index.html.bak-20260624-104720	45040
www	main	blob	paloalto/paloalto_logo.png	4666
www	main	tree	partners	
www	main	blob	partners/cisco.html	18708
www	main	blob	partners/comptia.html	30427
www	main	blob	partners/github.html	17194
www	main	blob	partners/google.html	17018
www	main	blob	partners/hashicorp.html	17142
www	main	blob	partners/ibm.html	30497
www	main	tree	partners/images	
www	main	blob	partners/images/Cisco.png	35979
www	main	blob	partners/images/Comptia-logo.png	73157
www	main	blob	partners/images/Google_2015_logo.png	26322
www	main	blob	partners/images/HashiCorp_Logo.png	25880
www	main	blob	partners/images/Lenovo_logo_2015.png	59938
www	main	blob	partners/images/Red_Hat-Logo.png	26666
www	main	blob	partners/images/Red_Hat_Logo_2019.svg	2464
www	main	blob	partners/images/SAP_2011_logo.png	73657
www	main	blob	partners/images/Salesforce_logo.png	33148
www	main	blob	partners/images/gh-logo.png	23217
www	main	blob	partners/images/ibm-aside-image-or-logo.png	29018
www	main	blob	partners/images/lenovo logo.png	19267
www	main	blob	partners/images/microsoft logo.png	3278
www	main	blob	partners/images/paloalto_logo.png	4666
www	main	blob	partners/images/red hat logo.webp	11988
www	main	blob	partners/images/sage logo.png	4677
www	main	blob	partners/microsoft.html	16835
www	main	blob	partners/paloalto.html	17286
www	main	blob	partners/red hat.html	16945
www	main	blob	partners/sage.html	17065
www	main	blob	partners/salesforce.html	17138
www	main	blob	partners/sap.html	30190
www	main	tree	plans-and-purchases	
www	main	blob	plans-and-purchases/index.html	18637
www	main	blob	pricing.index.html	2104
www	main	blob	privacy.html	6734
www	main	tree	profile	
www	main	blob	profile/README.md	9315
www	main	tree	python	
www	main	blob	python/README.md	7318
www	main	blob	python/activities.html	8646
www	main	blob	python/activities1.html	1689
www	main	blob	python/app.py	0
www	main	blob	python/assessment.html	4754
www	main	blob	python/capstone.md	2074
www	main	blob	python/code-review.html	2142
www	main	blob	python/coding-challenge.html	2070
www	main	blob	python/data-lab.html	2336
www	main	blob	python/discussion-forum.html	2552
www	main	blob	python/enrollment.html	1115
www	main	blob	python/exercises-data.js	7911
www	main	blob	python/feedback.html	1623
www	main	blob	python/file operations.md	2008
www	main	blob	python/hardware-simulator.html	2009
www	main	blob	python/idea-board.html	1841
www	main	blob	python/index.html	28747
www	main	blob	python/index.html.bak-20260624-104720	27354
www	main	blob	python/index2.html	29545
www	main	blob	python/lab exercises demo1.md	4396
www	main	blob	python/project-showcase.html	2222
www	main	blob	python/script.js	5423
www	main	blob	python/styles.css	3959
www	main	blob	python/terms.html	6534
www	main	blob	python/week 1 theory.md	31644
www	main	blob	python/week 6 theory.md	3486
www	main	blob	python/week 7 theory.md	3575
www	main	blob	python/week1-theory.html	10066
www	main	blob	python/week2-theory.html	8720
www	main	blob	python/week3-theory.html	12452
www	main	blob	python/week4-theory.html	11678
www	main	blob	python/week5theory.md	4398
www	main	blob	python/week6_strings.md	1360
www	main	tree	redhat	
www	main	blob	redhat/drools-8.html	33430
www	main	blob	redhat/index.html	17961
www	main	blob	redhat/index.html.bak-20260624-104720	19908
www	main	tree	repositories	
www	main	blob	repositories/index.html	576
www	main	blob	robots.txt	75
www	main	tree	sage	
www	main	blob	sage/index.html	45482
www	main	blob	sage/index.html.bak-20260624-104720	44710
www	main	blob	sage/sage logo.png	4677
www	main	tree	salesforce	
www	main	blob	salesforce/Salesforce_logo.png	33148
www	main	blob	salesforce/index.html	46368
www	main	blob	salesforce/index.html.bak-20260624-104720	45601
www	main	tree	sap	
www	main	blob	sap/SAP_2011_logo.png	73657
www	main	blob	sap/index.html	46369
www	main	blob	sap/index.html.bak-20260624-104720	45597
www	main	tree	scripts	
www	main	blob	scripts/audit-global-brand.mjs	2410
www	main	blob	scripts/audit-site.mjs	3546
www	main	blob	scripts/repair-course-catalog.mjs	6284
www	main	blob	scripts/ux-load-test.mjs	2668
www	main	blob	scripts/validate-course-catalog.mjs	5095
www	main	blob	scripts/validate-publisher-readiness.mjs	5203
www	main	blob	scripts/validate-self-paced.mjs	5466
www	main	tree	security	
www	main	blob	security/index.html	18449
www	main	blob	security/index.html.bak-20260624-104720	16962
www	main	tree	self-paced	
www	main	blob	self-paced/README.md	1680
www	main	tree	self-paced/assessments	
www	main	blob	self-paced/assessments/capstone-project.md	3393
www	main	blob	self-paced/assessments/final-knowledge-check.md	5576
www	main	blob	self-paced/assessments/grading-guide.md	3221
www	main	blob	self-paced/assessments/module-knowledge-checks.md	5551
www	main	tree	self-paced/assets	
www	main	blob	self-paced/assets/course.css	4636
www	main	blob	self-paced/assets/course.js	1569
www	main	blob	self-paced/assets/reader.js	4907
www	main	blob	self-paced/catalog.json	1721
www	main	tree	self-paced/claude	
www	main	tree	self-paced/claude/cld-dev-201	
www	main	blob	self-paced/claude/cld-dev-201/index.html	30037
www	main	blob	self-paced/claude/cld-dev-201/index.html.bak-20260624-104720	23579
www	main	tree	self-paced/claude/cld-uf-101	
www	main	tree	self-paced/claude/cld-uf-101/assets	
www	main	blob	self-paced/claude/cld-uf-101/assets/app.js	21582
www	main	blob	self-paced/claude/cld-uf-101/assets/styles.css	7545
www	main	blob	self-paced/claude/cld-uf-101/index.html	13988
www	main	blob	self-paced/claude/cld-uf-101/index.html.bak-20260624-104720	21947
www	main	blob	self-paced/course-map.yml	5317
www	main	blob	self-paced/index.html	8368
www	main	tree	self-paced/json-course-interface-design	
www	main	blob	self-paced/json-course-interface-design/index.html	1970
www	main	tree	self-paced/lms	
www	main	blob	self-paced/lms/implementation-guide.md	4414
www	main	blob	self-paced/lms/imsmanifest.xml	1998
www	main	blob	self-paced/lms/scorm-readme.md	1815
www	main	tree	self-paced/microsoft-exchange-online-bulk-mail-management	
www	main	blob	self-paced/microsoft-exchange-online-bulk-mail-management/index.html	2017
www	main	tree	self-paced/microsoft	
www	main	tree	self-paced/microsoft/d365-ce-bp-101	
www	main	tree	self-paced/microsoft/d365-ce-bp-101/assets	
www	main	blob	self-paced/microsoft/d365-ce-bp-101/assets/app.js	12309
www	main	blob	self-paced/microsoft/d365-ce-bp-101/assets/styles.css	4055
www	main	blob	self-paced/microsoft/d365-ce-bp-101/index.html	12423
www	main	tree	self-paced/microsoft/ms-mp-bp-101	
www	main	tree	self-paced/microsoft/ms-mp-bp-101/assets	
www	main	blob	self-paced/microsoft/ms-mp-bp-101/assets/app.js	8340
www	main	blob	self-paced/microsoft/ms-mp-bp-101/assets/styles.css	3983
www	main	blob	self-paced/microsoft/ms-mp-bp-101/index.html	12171
www	main	tree	self-paced/microsoft/ms-saas-plan-101	
www	main	tree	self-paced/microsoft/ms-saas-plan-101/assets	
www	main	blob	self-paced/microsoft/ms-saas-plan-101/assets/app.js	18740
www	main	blob	self-paced/microsoft/ms-saas-plan-101/assets/styles.css	8346
www	main	blob	self-paced/microsoft/ms-saas-plan-101/index.html	15753
www	main	tree	self-paced/modules	
www	main	blob	self-paced/modules/module-01-introduction.md	6875
www	main	blob	self-paced/modules/module-02-getting-started.md	5714
www	main	blob	self-paced/modules/module-03-core-use-cases.md	7920
www	main	blob	self-paced/modules/module-04-effective-prompting.md	7984
www	main	blob	self-paced/modules/module-05-documents-files.md	7139
www	main	blob	self-paced/modules/module-06-projects-memory.md	7575
www	main	blob	self-paced/modules/module-07-best-practices-pitfalls.md	7951
www	main	blob	self-paced/modules/module-08-capstone-qa.md	6478
www	main	tree	self-paced/mongodb-self-paced-technical-course	
www	main	blob	self-paced/mongodb-self-paced-technical-course/index.html	1956
www	main	blob	self-paced/reader.html	3317
www	main	tree	self-paced/resources	
www	main	blob	self-paced/resources/ai-use-policy-template.md	4112
www	main	blob	self-paced/resources/learner-workbook.md	4032
www	main	blob	self-paced/resources/prompt-library.md	5685
www	main	blob	self-paced/resources/verification-checklist.md	3450
www	main	tree	self-paced/secure-coding-owasp-top-10	
www	main	blob	self-paced/secure-coding-owasp-top-10/index.html	1996
www	main	tree	self-paced/security	
www	main	blob	self-paced/security/.md	1
www	main	blob	self-paced/security/index.html	21845
www	main	tree	self-paced/security/skw-owasp-top10-2025	
www	main	blob	self-paced/security/skw-owasp-top10-2025/.nojekyll	0
www	main	blob	self-paced/security/skw-owasp-top10-2025/CHANGELOG.md	739
www	main	blob	self-paced/security/skw-owasp-top10-2025/README.md	3384
www	main	tree	self-paced/security/skw-owasp-top10-2025/assets	
www	main	blob	self-paced/security/skw-owasp-top10-2025/assets/course-content.js	9077
www	main	blob	self-paced/security/skw-owasp-top10-2025/assets/course-labs.js	6211
www	main	blob	self-paced/security/skw-owasp-top10-2025/assets/course-runtime.js	15353
www	main	blob	self-paced/security/skw-owasp-top10-2025/assets/course.css	6249
www	main	blob	self-paced/security/skw-owasp-top10-2025/index.html	9683
www	main	blob	self-paced/security/skw-owasp-top10-2025/references.md	920
www	main	tree	self-paced/security/skw-owasp-top10-2025/vulnerable-app	
www	main	blob	self-paced/security/skw-owasp-top10-2025/vulnerable-app/README.md	2073
www	main	blob	self-paced/security/skw-owasp-top10-2025/vulnerable-app/package.json	381
www	main	blob	self-paced/security/skw-owasp-top10-2025/vulnerable-app/server.js	8018
www	main	blob	sitemap.xml	3306
www	main	tree	slides	
www	main	blob	slides/README.md	1466
www	main	tree	softskills	
www	main	blob	softskills/index.html	15272
www	main	blob	softskills/index.html.bak-20260624-104720	13830
www	main	tree	storage	
www	main	blob	storage/index.html	13709
www	main	blob	storage/index.html.bak-20260624-104720	12284
www	main	tree	subdomains	
www	main	blob	subdomains/README.md	1538
www	main	tree	subdomains/badging	
www	main	blob	subdomains/badging/Test	1
www	main	tree	subdomains/blog	
www	main	blob	subdomains/blog/index.html	3922
www	main	blob	subdomains/blog/index.html.bak-20260624-104720	2529
www	main	tree	subdomains/docs	
www	main	blob	subdomains/docs/index.html	3335
www	main	blob	subdomains/docs/index.html.bak-20260624-104720	2537
www	main	tree	subdomains/jobs	
www	main	blob	subdomains/jobs/index.html	3283
www	main	blob	subdomains/jobs/index.html.bak-20260624-104720	2485
www	main	tree	subdomains/labs	
www	main	blob	subdomains/labs/Test	1
www	main	tree	subdomains/portal	
www	main	blob	subdomains/portal/Test	1
www	main	tree	subdomains/prompt	
www	main	blob	subdomains/prompt/index.html	3888
www	main	blob	subdomains/prompt/index.html.bak-20260624-104720	2495
www	main	tree	subdomains/publish	
www	main	blob	subdomains/publish/index.html	3960
www	main	blob	subdomains/publish/index.html.bak-20260624-104720	2567
www	main	blob	terms.html	3869
www	main	tree	terms	
www	main	blob	terms/index.html	20937
www	main	tree	webinars	
www	main	tree	webinars/workbooks	
www	main	tree	webinars/workbooks/pp-101	
www	main	blob	webinars/workbooks/pp-101/README.md	1695
www	main	blob	webinars/workbooks/pp-101/api-handler.js	4762
www	main	blob	webinars/workbooks/pp-101/config.js	478
www	main	blob	webinars/workbooks/pp-101/index.html	32153
www	main	tree	website	
www	main	blob	website/index.html	6019
www	main	blob	website/index.html.bak-20260624-104720	4617
www	main	blob	website/self-paced.html	520
www	main	tree	whatsapp	
www	main	blob	whatsapp/Establishing and maintaining a WhatsApp community - planning.docx	19514
www	main	blob	whatsapp/Establishing and maintaining a WhatsApp community - planning.pdf	84215
www	main	blob	whatsapp/index.html	11949
www	main	blob	whatsapp/index.html.bak-20260624-104720	10484
www	main	tree	workbooks	
www	main	blob	workbooks/README.md	1
www-project-eks-goat	main	tree	.github	
www-project-eks-goat	main	blob	.github/FUNDING.yml	543
www-project-eks-goat	main	blob	.github/dependabot.yml	132
www-project-eks-goat	main	tree	.github/workflows	
www-project-eks-goat	main	blob	.github/workflows/validate-owasp-metadata.yaml	546
www-project-eks-goat	main	blob	.gitignore	42
www-project-eks-goat	main	blob	404.html	742
www-project-eks-goat	main	blob	CONTRIBUTING.md	1914
www-project-eks-goat	main	blob	Gemfile	82
www-project-eks-goat	main	blob	LICENSE.md	35133
www-project-eks-goat	main	blob	README.md	16800
www-project-eks-goat	main	blob	SECURITY.md	102
www-project-eks-goat	main	blob	_config.yml	81
www-project-eks-goat	main	tree	assets	
www-project-eks-goat	main	tree	assets/images	
www-project-eks-goat	main	blob	assets/images/README.md	114
www-project-eks-goat	main	tree	eks	
www-project-eks-goat	main	blob	eks/Dockerfile	423
www-project-eks-goat	main	blob	eks/deploy.sh	16740
www-project-eks-goat	main	blob	eks/destroy.sh	11811
www-project-eks-goat	main	tree	eks/ec2_terraform	
www-project-eks-goat	main	blob	eks/ec2_terraform/Dockerfile	157
www-project-eks-goat	main	blob	eks/ec2_terraform/check_instance_status.sh	512
www-project-eks-goat	main	blob	eks/ec2_terraform/main.tf	2205
www-project-eks-goat	main	blob	eks/ec2_terraform/output.tf	431
www-project-eks-goat	main	blob	eks/ec2_terraform/variable.tf	355
www-project-eks-goat	main	blob	eks/index.html	1238
www-project-eks-goat	main	tree	eks/k8sapp	
www-project-eks-goat	main	blob	eks/k8sapp/cluster_role.yaml	174
www-project-eks-goat	main	blob	eks/k8sapp/cluster_role_binding.yaml	315
www-project-eks-goat	main	blob	eks/k8sapp/cron_job.yaml	2368
www-project-eks-goat	main	blob	eks/k8sapp/deployment.yaml	534
www-project-eks-goat	main	blob	eks/k8sapp/service.yaml	298
www-project-eks-goat	main	blob	eks/k8sapp/service_account.yaml	98
www-project-eks-goat	main	blob	eks/pre-deploy.sh	6745
www-project-eks-goat	main	tree	eks/solution	
www-project-eks-goat	main	blob	eks/solution/backdoor.py	6095
www-project-eks-goat	main	tree	external-images	
www-project-eks-goat	main	blob	external-images/kubernetesvillage_workshop.png	67003
www-project-eks-goat	main	blob	external-images/logo-1.png	137502
www-project-eks-goat	main	blob	index.md	2548
www-project-eks-goat	main	blob	info.md	313
www-project-eks-goat	main	blob	leaders.md	118
www-project-eks-goat	main	blob	project.owasp.yaml	735
www-project-eks-goat	main	blob	tab_supporters.md	458
